"страница"	"язык"	"класс"	"было"	"стало"
"01-6A0-neyroinkisaf.html"	"ru"	"мета-заголовок"	"НАРУШЕНИЯ НЕЙРОПСИХИЧЕСКОГО РАЗВИТИЯ | КЛИНИЧЕСКАЯ ПСИХИАТРИЯ"	"Расстройства нейроразвития | Клиническая психиатрия"
"01-6A0-neyroinkisaf.html"	"ru"	"мета-заголовок"	"НАРУШЕНИЯ НЕЙРОПСИХИЧЕСКОГО РАЗВИТИЯ | КЛИНИЧЕСКАЯ ПСИХИАТРИЯ"	"Расстройства нейроразвития | Клиническая психиатрия"
"01-6A0-neyroinkisaf.html"	"ru"	"мета-описание"	"Клиническая психиатрия — НАРУШЕНИЯ НЕЙРОПСИХИЧЕСКОГО РАЗВИТИЯ"	"Клиническая психиатрия — Расстройства нейроразвития"
"01-6A0-neyroinkisaf.html"	"ru"	"мета-описание"	"Клиническая психиатрия — НАРУШЕНИЯ НЕЙРОПСИХИЧЕСКОГО РАЗВИТИЯ"	"Клиническая психиатрия — Расстройства нейроразвития"
"01-6A0-neyroinkisaf.html"	"ru"	"подпись-заказа"	"клиническая психиатрия"	"Клиническая психиатрия"
"02-6A2-sizofreniya-spektri.html"	"ru"	"мета-заголовок"	"ШИЗОФРЕНИЧЕСКИЙ СПЕКТР | КЛИНИЧЕСКАЯ ПСИХИАТРИЯ"	"Спектр шизофрении | Клиническая психиатрия"
"02-6A2-sizofreniya-spektri.html"	"ru"	"мета-заголовок"	"ШИЗОФРЕНИЧЕСКИЙ СПЕКТР | КЛИНИЧЕСКАЯ ПСИХИАТРИЯ"	"Спектр шизофрении | Клиническая психиатрия"
"02-6A2-sizofreniya-spektri.html"	"ru"	"мета-описание"	"Клиническая психиатрия — ШИЗОФРЕНИЧЕСКИЙ СПЕКТР"	"Клиническая психиатрия — Спектр шизофрении"
"02-6A2-sizofreniya-spektri.html"	"ru"	"мета-описание"	"Клиническая психиатрия — ШИЗОФРЕНИЧЕСКИЙ СПЕКТР"	"Клиническая психиатрия — Спектр шизофрении"
"02-6A2-sizofreniya-spektri.html"	"ru"	"подпись-заказа"	"клиническая психиатрия"	"Клиническая психиатрия"
"03-6A4-katatoniya.html"	"ru"	"мета-заголовок"	"КАТАТОНИЯ | КЛИНИЧЕСКАЯ ПСИХИАТРИЯ"	"Кататония | Клиническая психиатрия"
"03-6A4-katatoniya.html"	"ru"	"мета-заголовок"	"КАТАТОНИЯ | КЛИНИЧЕСКАЯ ПСИХИАТРИЯ"	"Кататония | Клиническая психиатрия"
"03-6A4-katatoniya.html"	"ru"	"мета-описание"	"Клиническая психиатрия — КАТАТОНИЯ"	"Клиническая психиатрия — Кататония"
"03-6A4-katatoniya.html"	"ru"	"мета-описание"	"Клиническая психиатрия — КАТАТОНИЯ"	"Клиническая психиатрия — Кататония"
"03-6A4-katatoniya.html"	"ru"	"подпись-заказа"	"клиническая психиатрия"	"Клиническая психиатрия"
"04-6A6-ehval-pozuntulari.html"	"ru"	"мета-заголовок"	"РАССТРОЙСТВА НАСТРОЕНИЯ | КЛИНИЧЕСКАЯ ПСИХИАТРИЯ"	"Расстройства настроения | Клиническая психиатрия"
"04-6A6-ehval-pozuntulari.html"	"ru"	"мета-заголовок"	"РАССТРОЙСТВА НАСТРОЕНИЯ | КЛИНИЧЕСКАЯ ПСИХИАТРИЯ"	"Расстройства настроения | Клиническая психиатрия"
"04-6A6-ehval-pozuntulari.html"	"ru"	"мета-описание"	"Клиническая психиатрия — РАССТРОЙСТВА НАСТРОЕНИЯ"	"Клиническая психиатрия — Расстройства настроения"
"04-6A6-ehval-pozuntulari.html"	"ru"	"мета-описание"	"Клиническая психиатрия — РАССТРОЙСТВА НАСТРОЕНИЯ"	"Клиническая психиатрия — Расстройства настроения"
"04-6A6-ehval-pozuntulari.html"	"ru"	"подпись-заказа"	"клиническая психиатрия"	"Клиническая психиатрия"
"05-6B0-narahatliq.html"	"ru"	"мета-заголовок"	"ТРЕВОЖНЫЕ РАССТРОЙСТВА | КЛИНИЧЕСКАЯ ПСИХИАТРИЯ"	"Тревожные расстройства | Клиническая психиатрия"
"05-6B0-narahatliq.html"	"ru"	"мета-заголовок"	"ТРЕВОЖНЫЕ РАССТРОЙСТВА | КЛИНИЧЕСКАЯ ПСИХИАТРИЯ"	"Тревожные расстройства | Клиническая психиатрия"
"05-6B0-narahatliq.html"	"ru"	"мета-описание"	"Клиническая психиатрия — ТРЕВОЖНЫЕ РАССТРОЙСТВА"	"Клиническая психиатрия — Тревожные расстройства"
"05-6B0-narahatliq.html"	"ru"	"мета-описание"	"Клиническая психиатрия — ТРЕВОЖНЫЕ РАССТРОЙСТВА"	"Клиническая психиатрия — Тревожные расстройства"
"05-6B0-narahatliq.html"	"ru"	"подпись-заказа"	"клиническая психиатрия"	"Клиническая психиатрия"
"06-6B2-okp.html"	"ru"	"мета-заголовок"	"ОБСЕССИВНО-КОМПУЛЬСИВНЫЕ (ОКР) | КЛИНИЧЕСКАЯ ПСИХИАТРИЯ"	"Обсессивно-компульсивные (ОКР) | Клиническая психиатрия"
"06-6B2-okp.html"	"ru"	"мета-заголовок"	"ОБСЕССИВНО-КОМПУЛЬСИВНЫЕ (ОКР) | КЛИНИЧЕСКАЯ ПСИХИАТРИЯ"	"Обсессивно-компульсивные (ОКР) | Клиническая психиатрия"
"06-6B2-okp.html"	"ru"	"мета-описание"	"Клиническая психиатрия — ОБСЕССИВНО-КОМПУЛЬСИВНЫЕ (ОКР)"	"Клиническая психиатрия — Обсессивно-компульсивные (ОКР)"
"06-6B2-okp.html"	"ru"	"мета-описание"	"Клиническая психиатрия — ОБСЕССИВНО-КОМПУЛЬСИВНЫЕ (ОКР)"	"Клиническая психиатрия — Обсессивно-компульсивные (ОКР)"
"06-6B2-okp.html"	"ru"	"подпись-заказа"	"клиническая психиатрия"	"Клиническая психиатрия"
"07-6B4-stress.html"	"ru"	"мета-заголовок"	"СВЯЗАННЫЕ СО СТРЕССОМ | КЛИНИЧЕСКАЯ ПСИХИАТРИЯ"	"Связанные со стрессом | Клиническая психиатрия"
"07-6B4-stress.html"	"ru"	"мета-заголовок"	"СВЯЗАННЫЕ СО СТРЕССОМ | КЛИНИЧЕСКАЯ ПСИХИАТРИЯ"	"Связанные со стрессом | Клиническая психиатрия"
"07-6B4-stress.html"	"ru"	"мета-описание"	"Клиническая психиатрия — СВЯЗАННЫЕ СО СТРЕССОМ"	"Клиническая психиатрия — Связанные со стрессом"
"07-6B4-stress.html"	"ru"	"мета-описание"	"Клиническая психиатрия — СВЯЗАННЫЕ СО СТРЕССОМ"	"Клиническая психиатрия — Связанные со стрессом"
"07-6B4-stress.html"	"ru"	"подпись-заказа"	"клиническая психиатрия"	"Клиническая психиатрия"
"08-6B6-dissosiativ.html"	"ru"	"мета-заголовок"	"ДИССОЦИАТИВНЫЕ РАССТРОЙСТВА | КЛИНИЧЕСКАЯ ПСИХИАТРИЯ"	"Диссоциативные расстройства | Клиническая психиатрия"
"08-6B6-dissosiativ.html"	"ru"	"мета-заголовок"	"ДИССОЦИАТИВНЫЕ РАССТРОЙСТВА | КЛИНИЧЕСКАЯ ПСИХИАТРИЯ"	"Диссоциативные расстройства | Клиническая психиатрия"
"08-6B6-dissosiativ.html"	"ru"	"мета-описание"	"Клиническая психиатрия — ДИССОЦИАТИВНЫЕ РАССТРОЙСТВА"	"Клиническая психиатрия — Диссоциативные расстройства"
"08-6B6-dissosiativ.html"	"ru"	"мета-описание"	"Клиническая психиатрия — ДИССОЦИАТИВНЫЕ РАССТРОЙСТВА"	"Клиническая психиатрия — Диссоциативные расстройства"
"08-6B6-dissosiativ.html"	"ru"	"подпись-заказа"	"клиническая психиатрия"	"Клиническая психиатрия"
"09-6B8-qida-qebulu.html"	"ru"	"мета-заголовок"	"РАССТРОЙСТВА ПИЩЕВОГО ПОВЕДЕНИЯ | КЛИНИЧЕСКАЯ ПСИХИАТРИЯ"	"Расстройства пищевого поведения | Клиническая психиатрия"
"09-6B8-qida-qebulu.html"	"ru"	"мета-заголовок"	"РАССТРОЙСТВА ПИЩЕВОГО ПОВЕДЕНИЯ | КЛИНИЧЕСКАЯ ПСИХИАТРИЯ"	"Расстройства пищевого поведения | Клиническая психиатрия"
"09-6B8-qida-qebulu.html"	"ru"	"мета-описание"	"Клиническая психиатрия — РАССТРОЙСТВА ПИЩЕВОГО ПОВЕДЕНИЯ"	"Клиническая психиатрия — Расстройства пищевого поведения"
"09-6B8-qida-qebulu.html"	"ru"	"мета-описание"	"Клиническая психиатрия — РАССТРОЙСТВА ПИЩЕВОГО ПОВЕДЕНИЯ"	"Клиническая психиатрия — Расстройства пищевого поведения"
"09-6B8-qida-qebulu.html"	"ru"	"подпись-заказа"	"клиническая психиатрия"	"Клиническая психиатрия"
"10-6C0-ifrazat.html"	"ru"	"мета-заголовок"	"РАССТРОЙСТВА ЭКСКРЕЦИИ | КЛИНИЧЕСКАЯ ПСИХИАТРИЯ"	"Расстройства экскреции | Клиническая психиатрия"
"10-6C0-ifrazat.html"	"ru"	"мета-заголовок"	"РАССТРОЙСТВА ЭКСКРЕЦИИ | КЛИНИЧЕСКАЯ ПСИХИАТРИЯ"	"Расстройства экскреции | Клиническая психиатрия"
"10-6C0-ifrazat.html"	"ru"	"мета-описание"	"Клиническая психиатрия — РАССТРОЙСТВА ЭКСКРЕЦИИ"	"Клиническая психиатрия — Расстройства экскреции"
"10-6C0-ifrazat.html"	"ru"	"мета-описание"	"Клиническая психиатрия — РАССТРОЙСТВА ЭКСКРЕЦИИ"	"Клиническая психиатрия — Расстройства экскреции"
"10-6C0-ifrazat.html"	"ru"	"подпись-заказа"	"клиническая психиатрия"	"Клиническая психиатрия"
"11-6C2-bedensel-disstres.html"	"ru"	"мета-заголовок"	"ТЕЛЕСНЫЙ ДИСТРЕСС | КЛИНИЧЕСКАЯ ПСИХИАТРИЯ"	"Телесный дистресс | Клиническая психиатрия"
"11-6C2-bedensel-disstres.html"	"ru"	"мета-заголовок"	"ТЕЛЕСНЫЙ ДИСТРЕСС | КЛИНИЧЕСКАЯ ПСИХИАТРИЯ"	"Телесный дистресс | Клиническая психиатрия"
"11-6C2-bedensel-disstres.html"	"ru"	"мета-описание"	"Клиническая психиатрия — ТЕЛЕСНЫЙ ДИСТРЕСС"	"Клиническая психиатрия — Телесный дистресс"
"11-6C2-bedensel-disstres.html"	"ru"	"мета-описание"	"Клиническая психиатрия — ТЕЛЕСНЫЙ ДИСТРЕСС"	"Клиническая психиатрия — Телесный дистресс"
"11-6C2-bedensel-disstres.html"	"ru"	"подпись-заказа"	"клиническая психиатрия"	"Клиническая психиатрия"
"12-6C4-madde-asililiq.html"	"ru"	"мета-заголовок"	"СВЯЗАННЫЕ С ПСИХОАКТИВНЫМИ ВЕЩЕСТВАМИ | КЛИНИЧЕСКАЯ ПСИХИАТРИЯ"	"Связанные с психоактивными веществами | Клиническая психиатрия"
"12-6C4-madde-asililiq.html"	"ru"	"мета-заголовок"	"СВЯЗАННЫЕ С ПСИХОАКТИВНЫМИ ВЕЩЕСТВАМИ | КЛИНИЧЕСКАЯ ПСИХИАТРИЯ"	"Связанные с психоактивными веществами | Клиническая психиатрия"
"12-6C4-madde-asililiq.html"	"ru"	"мета-описание"	"Клиническая психиатрия — СВЯЗАННЫЕ С ПСИХОАКТИВНЫМИ ВЕЩЕСТВАМИ"	"Клиническая психиатрия — Связанные с психоактивными веществами"
"12-6C4-madde-asililiq.html"	"ru"	"мета-описание"	"Клиническая психиатрия — СВЯЗАННЫЕ С ПСИХОАКТИВНЫМИ ВЕЩЕСТВАМИ"	"Клиническая психиатрия — Связанные с психоактивными веществами"
"12-6C4-madde-asililiq.html"	"ru"	"подпись-заказа"	"клиническая психиатрия"	"Клиническая психиатрия"
"13-6C7-impuls-nezareti.html"	"ru"	"мета-заголовок"	"КОНТРОЛЬ ИМПУЛЬСОВ | КЛИНИЧЕСКАЯ ПСИХИАТРИЯ"	"Контроль импульсов | Клиническая психиатрия"
"13-6C7-impuls-nezareti.html"	"ru"	"мета-заголовок"	"КОНТРОЛЬ ИМПУЛЬСОВ | КЛИНИЧЕСКАЯ ПСИХИАТРИЯ"	"Контроль импульсов | Клиническая психиатрия"
"13-6C7-impuls-nezareti.html"	"ru"	"мета-описание"	"Клиническая психиатрия — КОНТРОЛЬ ИМПУЛЬСОВ"	"Клиническая психиатрия — Контроль импульсов"
"13-6C7-impuls-nezareti.html"	"ru"	"мета-описание"	"Клиническая психиатрия — КОНТРОЛЬ ИМПУЛЬСОВ"	"Клиническая психиатрия — Контроль импульсов"
"13-6C7-impuls-nezareti.html"	"ru"	"подпись-заказа"	"клиническая психиатрия"	"Клиническая психиатрия"
"14-6C9-pozucu-davranis.html"	"ru"	"мета-заголовок"	"ДЕСТРУКТИВНОЕ ПОВЕДЕНИЕ | КЛИНИЧЕСКАЯ ПСИХИАТРИЯ"	"Деструктивное поведение | Клиническая психиатрия"
"14-6C9-pozucu-davranis.html"	"ru"	"мета-заголовок"	"ДЕСТРУКТИВНОЕ ПОВЕДЕНИЕ | КЛИНИЧЕСКАЯ ПСИХИАТРИЯ"	"Деструктивное поведение | Клиническая психиатрия"
"14-6C9-pozucu-davranis.html"	"ru"	"мета-описание"	"Клиническая психиатрия — ДЕСТРУКТИВНОЕ ПОВЕДЕНИЕ"	"Клиническая психиатрия — Деструктивное поведение"
"14-6C9-pozucu-davranis.html"	"ru"	"мета-описание"	"Клиническая психиатрия — ДЕСТРУКТИВНОЕ ПОВЕДЕНИЕ"	"Клиническая психиатрия — Деструктивное поведение"
"14-6C9-pozucu-davranis.html"	"ru"	"подпись-заказа"	"клиническая психиатрия"	"Клиническая психиатрия"
"15-6D1-sexsiyyet.html"	"ru"	"мета-заголовок"	"РАССТРОЙСТВА ЛИЧНОСТИ | КЛИНИЧЕСКАЯ ПСИХИАТРИЯ"	"Расстройства личности | Клиническая психиатрия"
"15-6D1-sexsiyyet.html"	"ru"	"мета-заголовок"	"РАССТРОЙСТВА ЛИЧНОСТИ | КЛИНИЧЕСКАЯ ПСИХИАТРИЯ"	"Расстройства личности | Клиническая психиатрия"
"15-6D1-sexsiyyet.html"	"ru"	"мета-описание"	"Клиническая психиатрия — РАССТРОЙСТВА ЛИЧНОСТИ"	"Клиническая психиатрия — Расстройства личности"
"15-6D1-sexsiyyet.html"	"ru"	"мета-описание"	"Клиническая психиатрия — РАССТРОЙСТВА ЛИЧНОСТИ"	"Клиническая психиатрия — Расстройства личности"
"15-6D1-sexsiyyet.html"	"ru"	"подпись-заказа"	"клиническая психиатрия"	"Клиническая психиатрия"
"16-6D3-parafilik.html"	"ru"	"мета-заголовок"	"ПАРАФИЛИЧЕСКИЕ РАССТРОЙСТВА | КЛИНИЧЕСКАЯ ПСИХИАТРИЯ"	"Парафилические расстройства | Клиническая психиатрия"
"16-6D3-parafilik.html"	"ru"	"мета-заголовок"	"ПАРАФИЛИЧЕСКИЕ РАССТРОЙСТВА | КЛИНИЧЕСКАЯ ПСИХИАТРИЯ"	"Парафилические расстройства | Клиническая психиатрия"
"16-6D3-parafilik.html"	"ru"	"мета-описание"	"Клиническая психиатрия — ПАРАФИЛИЧЕСКИЕ РАССТРОЙСТВА"	"Клиническая психиатрия — Парафилические расстройства"
"16-6D3-parafilik.html"	"ru"	"мета-описание"	"Клиническая психиатрия — ПАРАФИЛИЧЕСКИЕ РАССТРОЙСТВА"	"Клиническая психиатрия — Парафилические расстройства"
"16-6D3-parafilik.html"	"ru"	"подпись-заказа"	"клиническая психиатрия"	"Клиническая психиатрия"
"17-6D5-faktitioz.html"	"ru"	"мета-заголовок"	"ИМИТИРОВАННЫЕ РАССТРОЙСТВА | КЛИНИЧЕСКАЯ ПСИХИАТРИЯ"	"Имитированные расстройства | Клиническая психиатрия"
"17-6D5-faktitioz.html"	"ru"	"мета-заголовок"	"ИМИТИРОВАННЫЕ РАССТРОЙСТВА | КЛИНИЧЕСКАЯ ПСИХИАТРИЯ"	"Имитированные расстройства | Клиническая психиатрия"
"17-6D5-faktitioz.html"	"ru"	"мета-описание"	"Клиническая психиатрия — ИМИТИРОВАННЫЕ РАССТРОЙСТВА"	"Клиническая психиатрия — Имитированные расстройства"
"17-6D5-faktitioz.html"	"ru"	"мета-описание"	"Клиническая психиатрия — ИМИТИРОВАННЫЕ РАССТРОЙСТВА"	"Клиническая психиатрия — Имитированные расстройства"
"17-6D5-faktitioz.html"	"ru"	"подпись-заказа"	"клиническая психиатрия"	"Клиническая психиатрия"
"18-6D7-neyrokoqnitiv.html"	"ru"	"мета-заголовок"	"НЕЙРОКОГНИТИВНЫЕ (ДЕМЕНЦИЯ) | КЛИНИЧЕСКАЯ ПСИХИАТРИЯ"	"Нейрокогнитивные (деменция) | Клиническая психиатрия"
"18-6D7-neyrokoqnitiv.html"	"ru"	"мета-заголовок"	"НЕЙРОКОГНИТИВНЫЕ (ДЕМЕНЦИЯ) | КЛИНИЧЕСКАЯ ПСИХИАТРИЯ"	"Нейрокогнитивные (деменция) | Клиническая психиатрия"
"18-6D7-neyrokoqnitiv.html"	"ru"	"мета-описание"	"Клиническая психиатрия — НЕЙРОКОГНИТИВНЫЕ (ДЕМЕНЦИЯ)"	"Клиническая психиатрия — Нейрокогнитивные (деменция)"
"18-6D7-neyrokoqnitiv.html"	"ru"	"мета-описание"	"Клиническая психиатрия — НЕЙРОКОГНИТИВНЫЕ (ДЕМЕНЦИЯ)"	"Клиническая психиатрия — Нейрокогнитивные (деменция)"
"18-6D7-neyrokoqnitiv.html"	"ru"	"подпись-заказа"	"клиническая психиатрия"	"Клиническая психиатрия"
"19-6E2-perinatal.html"	"ru"	"мета-заголовок"	"ПЕРИНАТАЛЬНЫЕ РАССТРОЙСТВА | КЛИНИЧЕСКАЯ ПСИХИАТРИЯ"	"Перинатальные расстройства | Клиническая психиатрия"
"19-6E2-perinatal.html"	"ru"	"мета-заголовок"	"ПЕРИНАТАЛЬНЫЕ РАССТРОЙСТВА | КЛИНИЧЕСКАЯ ПСИХИАТРИЯ"	"Перинатальные расстройства | Клиническая психиатрия"
"19-6E2-perinatal.html"	"ru"	"мета-описание"	"Клиническая психиатрия — ПЕРИНАТАЛЬНЫЕ РАССТРОЙСТВА"	"Клиническая психиатрия — Перинатальные расстройства"
"19-6E2-perinatal.html"	"ru"	"мета-описание"	"Клиническая психиатрия — ПЕРИНАТАЛЬНЫЕ РАССТРОЙСТВА"	"Клиническая психиатрия — Перинатальные расстройства"
"19-6E2-perinatal.html"	"ru"	"подпись-заказа"	"клиническая психиатрия"	"Клиническая психиатрия"
"20-6E4-psixosomatik.html"	"ru"	"мета-заголовок"	"ПСИХОСОМАТИЧЕСКИЕ ФАКТОРЫ | КЛИНИЧЕСКАЯ ПСИХИАТРИЯ"	"Психосоматические факторы | Клиническая психиатрия"
"20-6E4-psixosomatik.html"	"ru"	"мета-заголовок"	"ПСИХОСОМАТИЧЕСКИЕ ФАКТОРЫ | КЛИНИЧЕСКАЯ ПСИХИАТРИЯ"	"Психосоматические факторы | Клиническая психиатрия"
"20-6E4-psixosomatik.html"	"ru"	"мета-описание"	"Клиническая психиатрия — ПСИХОСОМАТИЧЕСКИЕ ФАКТОРЫ"	"Клиническая психиатрия — Психосоматические факторы"
"20-6E4-psixosomatik.html"	"ru"	"мета-описание"	"Клиническая психиатрия — ПСИХОСОМАТИЧЕСКИЕ ФАКТОРЫ"	"Клиническая психиатрия — Психосоматические факторы"
"20-6E4-psixosomatik.html"	"ru"	"подпись-заказа"	"клиническая психиатрия"	"Клиническая психиатрия"
"21-6E6-ikincili.html"	"ru"	"мета-заголовок"	"ВТОРИЧНАЯ ПСИХИАТРИЯ | КЛИНИЧЕСКАЯ ПСИХИАТРИЯ"	"Вторичная психиатрия | Клиническая психиатрия"
"21-6E6-ikincili.html"	"ru"	"мета-заголовок"	"ВТОРИЧНАЯ ПСИХИАТРИЯ | КЛИНИЧЕСКАЯ ПСИХИАТРИЯ"	"Вторичная психиатрия | Клиническая психиатрия"
"21-6E6-ikincili.html"	"ru"	"мета-описание"	"Клиническая психиатрия — ВТОРИЧНАЯ ПСИХИАТРИЯ"	"Клиническая психиатрия — Вторичная психиатрия"
"21-6E6-ikincili.html"	"ru"	"мета-описание"	"Клиническая психиатрия — ВТОРИЧНАЯ ПСИХИАТРИЯ"	"Клиническая психиатрия — Вторичная психиатрия"
"21-6E6-ikincili.html"	"ru"	"подпись-заказа"	"клиническая психиатрия"	"Клиническая психиатрия"
"22-7AB-yuxu.html"	"ru"	"мета-заголовок"	"РАССТРОЙСТВА СНА | КЛИНИЧЕСКАЯ ПСИХИАТРИЯ"	"Расстройства сна | Клиническая психиатрия"
"22-7AB-yuxu.html"	"ru"	"мета-заголовок"	"РАССТРОЙСТВА СНА | КЛИНИЧЕСКАЯ ПСИХИАТРИЯ"	"Расстройства сна | Клиническая психиатрия"
"22-7AB-yuxu.html"	"ru"	"мета-описание"	"Клиническая психиатрия — РАССТРОЙСТВА СНА"	"Клиническая психиатрия — Расстройства сна"
"22-7AB-yuxu.html"	"ru"	"мета-описание"	"Клиническая психиатрия — РАССТРОЙСТВА СНА"	"Клиническая психиатрия — Расстройства сна"
"22-7AB-yuxu.html"	"ru"	"подпись-заказа"	"клиническая психиатрия"	"Клиническая психиатрия"
"23-HA-cinsi-saglamliq.html"	"ru"	"мета-заголовок"	"СЕКСУАЛЬНОЕ ЗДОРОВЬЕ | КЛИНИЧЕСКАЯ ПСИХИАТРИЯ"	"Сексуальное здоровье | Клиническая психиатрия"
"23-HA-cinsi-saglamliq.html"	"ru"	"мета-заголовок"	"СЕКСУАЛЬНОЕ ЗДОРОВЬЕ | КЛИНИЧЕСКАЯ ПСИХИАТРИЯ"	"Сексуальное здоровье | Клиническая психиатрия"
"23-HA-cinsi-saglamliq.html"	"ru"	"мета-описание"	"Клиническая психиатрия — СЕКСУАЛЬНОЕ ЗДОРОВЬЕ"	"Клиническая психиатрия — Сексуальное здоровье"
"23-HA-cinsi-saglamliq.html"	"ru"	"мета-описание"	"Клиническая психиатрия — СЕКСУАЛЬНОЕ ЗДОРОВЬЕ"	"Клиническая психиатрия — Сексуальное здоровье"
"23-HA-cinsi-saglamliq.html"	"ru"	"подпись-заказа"	"клиническая психиатрия"	"Клиническая психиатрия"
"6A00.html"	"ru"	"мета-заголовок"	"РАССТРОЙСТВА ИНТЕЛЛЕКТУАЛЬНОГО РАЗВИТИЯ | КЛИНИЧЕСКАЯ ПСИХИАТРИЯ"	"Расстройства интеллектуального развития | Клиническая психиатрия"
"6A00.html"	"ru"	"мета-заголовок"	"РАССТРОЙСТВА ИНТЕЛЛЕКТУАЛЬНОГО РАЗВИТИЯ | КЛИНИЧЕСКАЯ ПСИХИАТРИЯ"	"Расстройства интеллектуального развития | Клиническая психиатрия"
"6A00.html"	"ru"	"мета-описание"	"Клиническая психиатрия — РАССТРОЙСТВО ИНТЕЛЛЕКТУАЛЬНОГО РАЗВИТИЯ"	"Клиническая психиатрия — Расстройства интеллектуального развития"
"6A00.html"	"ru"	"мета-описание"	"Клиническая психиатрия — РАССТРОЙСТВО ИНТЕЛЛЕКТУАЛЬНОГО РАЗВИТИЯ"	"Клиническая психиатрия — Расстройства интеллектуального развития"
"6A00.html"	"ru"	"подпись-заказа"	"клиническая психиатрия"	"Клиническая психиатрия"
"6A01.html"	"ru"	"мета-заголовок"	"РАССТРОЙСТВА РАЗВИТИЯ ЯЗЫКА ИЛИ РЕЧИ | КЛИНИЧЕСКАЯ ПСИХИАТРИЯ"	"Расстройства развития языка или речи | Клиническая психиатрия"
"6A01.html"	"ru"	"мета-заголовок"	"РАССТРОЙСТВА РАЗВИТИЯ ЯЗЫКА ИЛИ РЕЧИ | КЛИНИЧЕСКАЯ ПСИХИАТРИЯ"	"Расстройства развития языка или речи | Клиническая психиатрия"
"6A01.html"	"ru"	"мета-описание"	"Клиническая психиатрия — НАРУШЕНИЯ РАЗВИТИЯ РЕЧИ И ЯЗЫКА"	"Клиническая психиатрия — Расстройства развития языка или речи"
"6A01.html"	"ru"	"мета-описание"	"Клиническая психиатрия — НАРУШЕНИЯ РАЗВИТИЯ РЕЧИ И ЯЗЫКА"	"Клиническая психиатрия — Расстройства развития языка или речи"
"6A01.html"	"ru"	"подпись-заказа"	"клиническая психиатрия"	"Клиническая психиатрия"
"6A02.html"	"ru"	"мета-заголовок"	"РАССТРОЙСТВО АУТИСТИЧЕСКОГО СПЕКТРА | КЛИНИЧЕСКАЯ ПСИХИАТРИЯ"	"Расстройство аутистического спектра | Клиническая психиатрия"
"6A02.html"	"ru"	"мета-заголовок"	"РАССТРОЙСТВО АУТИСТИЧЕСКОГО СПЕКТРА | КЛИНИЧЕСКАЯ ПСИХИАТРИЯ"	"Расстройство аутистического спектра | Клиническая психиатрия"
"6A02.html"	"ru"	"мета-описание"	"Клиническая психиатрия — РАССТРОЙСТВО АУТИСТИЧЕСКОГО СПЕКТРА (РАС)"	"Клиническая психиатрия — Расстройство аутистического спектра"
"6A02.html"	"ru"	"мета-описание"	"Клиническая психиатрия — РАССТРОЙСТВО АУТИСТИЧЕСКОГО СПЕКТРА (РАС)"	"Клиническая психиатрия — Расстройство аутистического спектра"
"6A02.html"	"ru"	"подпись-заказа"	"клиническая психиатрия"	"Клиническая психиатрия"
"6A03.html"	"ru"	"мета-заголовок"	"РАССТРОЙСТВО РАЗВИТИЯ УЧЕБНЫХ НАВЫКОВ | КЛИНИЧЕСКАЯ ПСИХИАТРИЯ"	"Расстройство развития учебных навыков | Клиническая психиатрия"
"6A03.html"	"ru"	"мета-заголовок"	"РАССТРОЙСТВО РАЗВИТИЯ УЧЕБНЫХ НАВЫКОВ | КЛИНИЧЕСКАЯ ПСИХИАТРИЯ"	"Расстройство развития учебных навыков | Клиническая психиатрия"
"6A03.html"	"ru"	"мета-описание"	"Klinik Psixiatriya — СПЕЦИФИЧЕСКОЕ РАССТРОЙСТВО ОБУЧЕНИЯ"	"Клиническая психиатрия — Расстройство развития учебных навыков"
"6A03.html"	"ru"	"мета-описание"	"Klinik Psixiatriya — СПЕЦИФИЧЕСКОЕ РАССТРОЙСТВО ОБУЧЕНИЯ"	"Клиническая психиатрия — Расстройство развития учебных навыков"
"6A03.html"	"ru"	"подпись-заказа"	"клиническая психиатрия"	"Клиническая психиатрия"
"6A04.html"	"ru"	"мета-заголовок"	"РАССТРОЙСТВО РАЗВИТИЯ КООРДИНАЦИИ ДВИЖЕНИЙ (DCD) | КЛИНИЧЕСКАЯ ПСИХИАТРИЯ"	"Расстройство развития координации движений (DCD) | Клиническая психиатрия"
"6A04.html"	"ru"	"мета-заголовок"	"РАССТРОЙСТВО РАЗВИТИЯ КООРДИНАЦИИ ДВИЖЕНИЙ (DCD) | КЛИНИЧЕСКАЯ ПСИХИАТРИЯ"	"Расстройство развития координации движений (DCD) | Клиническая психиатрия"
"6A04.html"	"ru"	"мета-описание"	"Клиническая психиатрия — РАССТРОЙСТВО РАЗВИТИЯ МОТОРНОЙ КООРДИНАЦИИ (DCD)"	"Клиническая психиатрия — Расстройство развития координации движений (DCD)"
"6A04.html"	"ru"	"мета-описание"	"Клиническая психиатрия — РАССТРОЙСТВО РАЗВИТИЯ МОТОРНОЙ КООРДИНАЦИИ (DCD)"	"Клиническая психиатрия — Расстройство развития координации движений (DCD)"
"6A04.html"	"ru"	"подпись-заказа"	"клиническая психиатрия"	"Клиническая психиатрия"
"6A05.html"	"ru"	"мета-заголовок"	"СИНДРОМ ДЕФИЦИТА ВНИМАНИЯ С ГИПЕРАКТИВНОСТЬЮ (СДВГ) | КЛИНИЧЕСКАЯ ПСИХИАТРИЯ"	"Синдром дефицита внимания с гиперактивностью (СДВГ) | Клиническая психиатрия"
"6A05.html"	"ru"	"мета-заголовок"	"СИНДРОМ ДЕФИЦИТА ВНИМАНИЯ С ГИПЕРАКТИВНОСТЬЮ (СДВГ) | КЛИНИЧЕСКАЯ ПСИХИАТРИЯ"	"Синдром дефицита внимания с гиперактивностью (СДВГ) | Клиническая психиатрия"
"6A05.html"	"ru"	"мета-описание"	"Клиническая психиатрия — СИНДРОМ ДЕФИЦИТА ВНИМАНИЯ И ГИПЕРАКТИВНОСТИ (СДВГ)"	"Клиническая психиатрия — Синдром дефицита внимания с гиперактивностью (СДВГ)"
"6A05.html"	"ru"	"мета-описание"	"Клиническая психиатрия — СИНДРОМ ДЕФИЦИТА ВНИМАНИЯ И ГИПЕРАКТИВНОСТИ (СДВГ)"	"Клиническая психиатрия — Синдром дефицита внимания с гиперактивностью (СДВГ)"
"6A05.html"	"ru"	"подпись-заказа"	"клиническая психиатрия"	"Клиническая психиатрия"
"6A06.html"	"ru"	"мета-заголовок"	"СИНДРОМ СТЕРЕОТИПНЫХ ДВИЖЕНИЙ | КЛИНИЧЕСКАЯ ПСИХИАТРИЯ"	"Синдром стереотипных движений | Клиническая психиатрия"
"6A06.html"	"ru"	"мета-заголовок"	"СИНДРОМ СТЕРЕОТИПНЫХ ДВИЖЕНИЙ | КЛИНИЧЕСКАЯ ПСИХИАТРИЯ"	"Синдром стереотипных движений | Клиническая психиатрия"
"6A06.html"	"ru"	"мета-описание"	"Klinik Psixiatriya — СТЕРЕОТИПНОЕ ДВИГАТЕЛЬНОЕ РАССТРОЙСТВО"	"Клиническая психиатрия — Синдром стереотипных движений"
"6A06.html"	"ru"	"мета-описание"	"Klinik Psixiatriya — СТЕРЕОТИПНОЕ ДВИГАТЕЛЬНОЕ РАССТРОЙСТВО"	"Клиническая психиатрия — Синдром стереотипных движений"
"6A06.html"	"ru"	"подпись-заказа"	"клиническая психиатрия"	"Клиническая психиатрия"
"6A20.html"	"ru"	"мета-заголовок"	"ШИЗОФРЕНИЯ | КЛИНИЧЕСКАЯ ПСИХИАТРИЯ"	"Шизофрения | Клиническая психиатрия"
"6A20.html"	"ru"	"мета-заголовок"	"ШИЗОФРЕНИЯ | КЛИНИЧЕСКАЯ ПСИХИАТРИЯ"	"Шизофрения | Клиническая психиатрия"
"6A20.html"	"ru"	"мета-описание"	"Клиническая психиатрия — ШИЗОФРЕНИЯ"	"Клиническая психиатрия — Шизофрения"
"6A20.html"	"ru"	"мета-описание"	"Клиническая психиатрия — ШИЗОФРЕНИЯ"	"Клиническая психиатрия — Шизофрения"
"6A20.html"	"ru"	"подпись-заказа"	"клиническая психиатрия"	"Клиническая психиатрия"
"6A21.html"	"ru"	"мета-заголовок"	"ШИЗОАФФЕКТИВНОЕ РАССТРОЙСТВО | КЛИНИЧЕСКАЯ ПСИХИАТРИЯ"	"Шизоаффективное расстройство | Клиническая психиатрия"
"6A21.html"	"ru"	"мета-заголовок"	"ШИЗОАФФЕКТИВНОЕ РАССТРОЙСТВО | КЛИНИЧЕСКАЯ ПСИХИАТРИЯ"	"Шизоаффективное расстройство | Клиническая психиатрия"
"6A21.html"	"ru"	"мета-описание"	"Клиническая психиатрия — ШИЗОАФФЕКТИВНОЕ РАССТРОЙСТВО"	"Клиническая психиатрия — Шизоаффективное расстройство"
"6A21.html"	"ru"	"мета-описание"	"Клиническая психиатрия — ШИЗОАФФЕКТИВНОЕ РАССТРОЙСТВО"	"Клиническая психиатрия — Шизоаффективное расстройство"
"6A21.html"	"ru"	"подпись-заказа"	"клиническая психиатрия"	"Клиническая психиатрия"
"6A22.html"	"ru"	"мета-заголовок"	"ШИЗОТИПИЧЕСКОЕ РАССТРОЙСТВО | КЛИНИЧЕСКАЯ ПСИХИАТРИЯ"	"Шизотипическое расстройство | Клиническая психиатрия"
"6A22.html"	"ru"	"мета-заголовок"	"ШИЗОТИПИЧЕСКОЕ РАССТРОЙСТВО | КЛИНИЧЕСКАЯ ПСИХИАТРИЯ"	"Шизотипическое расстройство | Клиническая психиатрия"
"6A22.html"	"ru"	"мета-описание"	"Клиническая психиатрия — ШИЗОТИПИЧЕСКОЕ РАССТРОЙСТВО"	"Клиническая психиатрия — Шизотипическое расстройство"
"6A22.html"	"ru"	"мета-описание"	"Клиническая психиатрия — ШИЗОТИПИЧЕСКОЕ РАССТРОЙСТВО"	"Клиническая психиатрия — Шизотипическое расстройство"
"6A22.html"	"ru"	"подпись-заказа"	"клиническая психиатрия"	"Клиническая психиатрия"
"6A23.html"	"ru"	"мета-заголовок"	"ОСТРОЕ ТРАНЗИТОРНОЕ ПСИХОТИЧЕСКОЕ РАССТРОЙСТВО | КЛИНИЧЕСКАЯ ПСИХИАТРИЯ"	"Острое транзиторное психотическое расстройство | Клиническая психиатрия"
"6A23.html"	"ru"	"мета-заголовок"	"ОСТРОЕ ТРАНЗИТОРНОЕ ПСИХОТИЧЕСКОЕ РАССТРОЙСТВО | КЛИНИЧЕСКАЯ ПСИХИАТРИЯ"	"Острое транзиторное психотическое расстройство | Клиническая психиатрия"
"6A23.html"	"ru"	"мета-описание"	"Klinik Psixiatriya — ОСТРОЕ И ПРЕХОДЯЩЕЕ ПСИХОТИЧЕСКОЕ РАССТРОЙСТВО"	"Клиническая психиатрия — Острое транзиторное психотическое расстройство"
"6A23.html"	"ru"	"мета-описание"	"Klinik Psixiatriya — ОСТРОЕ И ПРЕХОДЯЩЕЕ ПСИХОТИЧЕСКОЕ РАССТРОЙСТВО"	"Клиническая психиатрия — Острое транзиторное психотическое расстройство"
"6A23.html"	"ru"	"подпись-заказа"	"клиническая психиатрия"	"Клиническая психиатрия"
"6A24.html"	"ru"	"мета-заголовок"	"БРЕДОВОЕ РАССТРОЙСТВО | КЛИНИЧЕСКАЯ ПСИХИАТРИЯ"	"Бредовое расстройство | Клиническая психиатрия"
"6A24.html"	"ru"	"мета-заголовок"	"БРЕДОВОЕ РАССТРОЙСТВО | КЛИНИЧЕСКАЯ ПСИХИАТРИЯ"	"Бредовое расстройство | Клиническая психиатрия"
"6A24.html"	"ru"	"мета-описание"	"Klinik Psixiatriya — БРЕДОВОЕ РАССТРОЙСТВО"	"Клиническая психиатрия — Бредовое расстройство"
"6A24.html"	"ru"	"мета-описание"	"Klinik Psixiatriya — БРЕДОВОЕ РАССТРОЙСТВО"	"Клиническая психиатрия — Бредовое расстройство"
"6A24.html"	"ru"	"подпись-заказа"	"клиническая психиатрия"	"Клиническая психиатрия"
"6A25.html"	"ru"	"мета-заголовок"	"СИМПТОМАТИЧЕСКИЕ ПРОЯВЛЕНИЯ ПЕРВИЧНО ПСИХОТИЧЕСКИХ РАССТРОЙСТВ | КЛИНИЧЕСКАЯ ПСИХИАТРИЯ"	"Симптоматические проявления первично психотических расстройств | Клиническая психиатрия"
"6A25.html"	"ru"	"мета-заголовок"	"СИМПТОМАТИЧЕСКИЕ ПРОЯВЛЕНИЯ ПЕРВИЧНО ПСИХОТИЧЕСКИХ РАССТРОЙСТВ | КЛИНИЧЕСКАЯ ПСИХИАТРИЯ"	"Симптоматические проявления первично психотических расстройств | Клиническая психиатрия"
"6A25.html"	"ru"	"мета-описание"	"Клиническая психиатрия — СИМПТОМАТИЧЕСКИЕ ДОМЕНЫ ПЕРВИЧНЫХ ПСИХОТИЧЕСКИХ РАССТРОЙСТВ"	"Клиническая психиатрия — Симптоматические проявления первично психотических расстройств"
"6A25.html"	"ru"	"мета-описание"	"Клиническая психиатрия — СИМПТОМАТИЧЕСКИЕ ДОМЕНЫ ПЕРВИЧНЫХ ПСИХОТИЧЕСКИХ РАССТРОЙСТВ"	"Клиническая психиатрия — Симптоматические проявления первично психотических расстройств"
"6A25.html"	"ru"	"подпись-заказа"	"клиническая психиатрия"	"Клиническая психиатрия"
"6A40.html"	"ru"	"мета-заголовок"	"КАТАТОНИЯ, СВЯЗАННАЯ С ДРУГИМ ПСИХИЧЕСКИМ РАССТРОЙСТВОМ | КЛИНИЧЕСКАЯ ПСИХИАТРИЯ"	"Кататония, связанная с другим психическим расстройством | Клиническая психиатрия"
"6A40.html"	"ru"	"мета-заголовок"	"КАТАТОНИЯ, СВЯЗАННАЯ С ДРУГИМ ПСИХИЧЕСКИМ РАССТРОЙСТВОМ | КЛИНИЧЕСКАЯ ПСИХИАТРИЯ"	"Кататония, связанная с другим психическим расстройством | Клиническая психиатрия"
"6A40.html"	"ru"	"мета-описание"	"Клиническая психиатрия — КАТАТОНИЯ — ОБЩИЕ ПРИНЦИПЫ"	"Клиническая психиатрия — Кататония, связанная с другим психическим расстройством"
"6A40.html"	"ru"	"мета-описание"	"Клиническая психиатрия — КАТАТОНИЯ — ОБЩИЕ ПРИНЦИПЫ"	"Клиническая психиатрия — Кататония, связанная с другим психическим расстройством"
"6A40.html"	"ru"	"подпись-заказа"	"клиническая психиатрия"	"Клиническая психиатрия"
"6A60.html"	"ru"	"мета-заголовок"	"БИПОЛЯРНОЕ РАССТРОЙСТВО I ТИПА | КЛИНИЧЕСКАЯ ПСИХИАТРИЯ"	"Биполярное расстройство I типа | Клиническая психиатрия"
"6A60.html"	"ru"	"мета-заголовок"	"БИПОЛЯРНОЕ РАССТРОЙСТВО I ТИПА | КЛИНИЧЕСКАЯ ПСИХИАТРИЯ"	"Биполярное расстройство I типа | Клиническая психиатрия"
"6A60.html"	"ru"	"мета-описание"	"Клиническая психиатрия — БИПОЛЯРНОЕ РАССТРОЙСТВО I ТИПА"	"Клиническая психиатрия — Биполярное расстройство I типа"
"6A60.html"	"ru"	"мета-описание"	"Клиническая психиатрия — БИПОЛЯРНОЕ РАССТРОЙСТВО I ТИПА"	"Клиническая психиатрия — Биполярное расстройство I типа"
"6A60.html"	"ru"	"подпись-заказа"	"клиническая психиатрия"	"Клиническая психиатрия"
"6A61.html"	"ru"	"мета-заголовок"	"БИПОЛЯРНОЕ РАССТРОЙСТВО II ТИПА | КЛИНИЧЕСКАЯ ПСИХИАТРИЯ"	"Биполярное расстройство II типа | Клиническая психиатрия"
"6A61.html"	"ru"	"мета-заголовок"	"БИПОЛЯРНОЕ РАССТРОЙСТВО II ТИПА | КЛИНИЧЕСКАЯ ПСИХИАТРИЯ"	"Биполярное расстройство II типа | Клиническая психиатрия"
"6A61.html"	"ru"	"мета-описание"	"Клиническая психиатрия — БИПОЛЯРНОЕ РАССТРОЙСТВО II ТИПА"	"Клиническая психиатрия — Биполярное расстройство II типа"
"6A61.html"	"ru"	"мета-описание"	"Клиническая психиатрия — БИПОЛЯРНОЕ РАССТРОЙСТВО II ТИПА"	"Клиническая психиатрия — Биполярное расстройство II типа"
"6A61.html"	"ru"	"подпись-заказа"	"клиническая психиатрия"	"Клиническая психиатрия"
"6A62.html"	"ru"	"мета-заголовок"	"ЦИКЛОТИМИЧЕСКОЕ РАССТРОЙСТВО | КЛИНИЧЕСКАЯ ПСИХИАТРИЯ"	"Циклотимическое расстройство | Клиническая психиатрия"
"6A62.html"	"ru"	"мета-заголовок"	"ЦИКЛОТИМИЧЕСКОЕ РАССТРОЙСТВО | КЛИНИЧЕСКАЯ ПСИХИАТРИЯ"	"Циклотимическое расстройство | Клиническая психиатрия"
"6A62.html"	"ru"	"мета-описание"	"Klinik Psixiatriya — ЦИКЛОТИМИЧЕСКОЕ РАССТРОЙСТВО"	"Клиническая психиатрия — Циклотимическое расстройство"
"6A62.html"	"ru"	"мета-описание"	"Klinik Psixiatriya — ЦИКЛОТИМИЧЕСКОЕ РАССТРОЙСТВО"	"Клиническая психиатрия — Циклотимическое расстройство"
"6A62.html"	"ru"	"подпись-заказа"	"клиническая психиатрия"	"Клиническая психиатрия"
"6A70.html"	"ru"	"мета-заголовок"	"ЕДИНИЧНЫЙ ЭПИЗОД ДЕПРЕССИВНОГО РАССТРОЙСТВА | КЛИНИЧЕСКАЯ ПСИХИАТРИЯ"	"Единичный эпизод депрессивного расстройства | Клиническая психиатрия"
"6A70.html"	"ru"	"мета-заголовок"	"ЕДИНИЧНЫЙ ЭПИЗОД ДЕПРЕССИВНОГО РАССТРОЙСТВА | КЛИНИЧЕСКАЯ ПСИХИАТРИЯ"	"Единичный эпизод депрессивного расстройства | Клиническая психиатрия"
"6A70.html"	"ru"	"мета-описание"	"Клиническая психиатрия — ЕДИНИЧНЫЙ ДЕПРЕССИВНЫЙ ЭПИЗОД"	"Клиническая психиатрия — Единичный эпизод депрессивного расстройства"
"6A70.html"	"ru"	"мета-описание"	"Клиническая психиатрия — ЕДИНИЧНЫЙ ДЕПРЕССИВНЫЙ ЭПИЗОД"	"Клиническая психиатрия — Единичный эпизод депрессивного расстройства"
"6A70.html"	"ru"	"подпись-заказа"	"клиническая психиатрия"	"Клиническая психиатрия"
"6A71.html"	"ru"	"мета-заголовок"	"РЕКУРРЕНТНОЕ ДЕПРЕССИВНОЕ РАССТРОЙСТВО | КЛИНИЧЕСКАЯ ПСИХИАТРИЯ"	"Рекуррентное депрессивное расстройство | Клиническая психиатрия"
"6A71.html"	"ru"	"мета-заголовок"	"РЕКУРРЕНТНОЕ ДЕПРЕССИВНОЕ РАССТРОЙСТВО | КЛИНИЧЕСКАЯ ПСИХИАТРИЯ"	"Рекуррентное депрессивное расстройство | Клиническая психиатрия"
"6A71.html"	"ru"	"мета-описание"	"Клиническая психиатрия — РЕКУРРЕНТНОЕ ДЕПРЕССИВНОЕ РАССТРОЙСТВО"	"Клиническая психиатрия — Рекуррентное депрессивное расстройство"
"6A71.html"	"ru"	"мета-описание"	"Клиническая психиатрия — РЕКУРРЕНТНОЕ ДЕПРЕССИВНОЕ РАССТРОЙСТВО"	"Клиническая психиатрия — Рекуррентное депрессивное расстройство"
"6A71.html"	"ru"	"подпись-заказа"	"клиническая психиатрия"	"Клиническая психиатрия"
"6A72.html"	"ru"	"мета-заголовок"	"ДИСТИМИЧЕСКОЕ РАССТРОЙСТВО | КЛИНИЧЕСКАЯ ПСИХИАТРИЯ"	"Дистимическое расстройство | Клиническая психиатрия"
"6A72.html"	"ru"	"мета-заголовок"	"ДИСТИМИЧЕСКОЕ РАССТРОЙСТВО | КЛИНИЧЕСКАЯ ПСИХИАТРИЯ"	"Дистимическое расстройство | Клиническая психиатрия"
"6A72.html"	"ru"	"мета-описание"	"Клиническая психиатрия — ДИСТИМИЧЕСКОЕ РАССТРОЙСТВО"	"Клиническая психиатрия — Дистимическое расстройство"
"6A72.html"	"ru"	"мета-описание"	"Клиническая психиатрия — ДИСТИМИЧЕСКОЕ РАССТРОЙСТВО"	"Клиническая психиатрия — Дистимическое расстройство"
"6A72.html"	"ru"	"подпись-заказа"	"клиническая психиатрия"	"Клиническая психиатрия"
"6B00.html"	"ru"	"мета-заголовок"	"ГЕНЕРАЛИЗОВАННОЕ ТРЕВОЖНОЕ РАССТРОЙСТВО (ГТР) | КЛИНИЧЕСКАЯ ПСИХИАТРИЯ"	"Генерализованное тревожное расстройство (ГТР) | Клиническая психиатрия"
"6B00.html"	"ru"	"мета-заголовок"	"ГЕНЕРАЛИЗОВАННОЕ ТРЕВОЖНОЕ РАССТРОЙСТВО (ГТР) | КЛИНИЧЕСКАЯ ПСИХИАТРИЯ"	"Генерализованное тревожное расстройство (ГТР) | Клиническая психиатрия"
"6B00.html"	"ru"	"мета-описание"	"Клиническая психиатрия — ГЕНЕРАЛИЗОВАННОЕ ТРЕВОЖНОЕ РАССТРОЙСТВО (ГТР)"	"Клиническая психиатрия — Генерализованное тревожное расстройство (ГТР)"
"6B00.html"	"ru"	"мета-описание"	"Клиническая психиатрия — ГЕНЕРАЛИЗОВАННОЕ ТРЕВОЖНОЕ РАССТРОЙСТВО (ГТР)"	"Клиническая психиатрия — Генерализованное тревожное расстройство (ГТР)"
"6B00.html"	"ru"	"подпись-заказа"	"клиническая психиатрия"	"Клиническая психиатрия"
"6B01.html"	"ru"	"мета-заголовок"	"ПАНИЧЕСКОЕ РАССТРОЙСТВО | КЛИНИЧЕСКАЯ ПСИХИАТРИЯ"	"Паническое расстройство | Клиническая психиатрия"
"6B01.html"	"ru"	"мета-заголовок"	"ПАНИЧЕСКОЕ РАССТРОЙСТВО | КЛИНИЧЕСКАЯ ПСИХИАТРИЯ"	"Паническое расстройство | Клиническая психиатрия"
"6B01.html"	"ru"	"мета-описание"	"Klinik Psixiatriya — ПАНИЧЕСКОЕ РАССТРОЙСТВО"	"Клиническая психиатрия — Паническое расстройство"
"6B01.html"	"ru"	"мета-описание"	"Klinik Psixiatriya — ПАНИЧЕСКОЕ РАССТРОЙСТВО"	"Клиническая психиатрия — Паническое расстройство"
"6B01.html"	"ru"	"подпись-заказа"	"клиническая психиатрия"	"Клиническая психиатрия"
"6B02.html"	"ru"	"мета-заголовок"	"АГОРАФОБИЯ | КЛИНИЧЕСКАЯ ПСИХИАТРИЯ"	"Агорафобия | Клиническая психиатрия"
"6B02.html"	"ru"	"мета-заголовок"	"АГОРАФОБИЯ | КЛИНИЧЕСКАЯ ПСИХИАТРИЯ"	"Агорафобия | Клиническая психиатрия"
"6B02.html"	"ru"	"мета-описание"	"Клиническая психиатрия — АГОРАФОБИЯ"	"Клиническая психиатрия — Агорафобия"
"6B02.html"	"ru"	"мета-описание"	"Клиническая психиатрия — АГОРАФОБИЯ"	"Клиническая психиатрия — Агорафобия"
"6B02.html"	"ru"	"подпись-заказа"	"клиническая психиатрия"	"Клиническая психиатрия"
"6B03.html"	"ru"	"мета-заголовок"	"СПЕЦИФИЧЕСКАЯ ФОБИЯ | КЛИНИЧЕСКАЯ ПСИХИАТРИЯ"	"Специфическая фобия | Клиническая психиатрия"
"6B03.html"	"ru"	"мета-заголовок"	"СПЕЦИФИЧЕСКАЯ ФОБИЯ | КЛИНИЧЕСКАЯ ПСИХИАТРИЯ"	"Специфическая фобия | Клиническая психиатрия"
"6B03.html"	"ru"	"мета-описание"	"Klinik Psixiatriya — СПЕЦИФИЧЕСКАЯ ФОБИЯ"	"Клиническая психиатрия — Специфическая фобия"
"6B03.html"	"ru"	"мета-описание"	"Klinik Psixiatriya — СПЕЦИФИЧЕСКАЯ ФОБИЯ"	"Клиническая психиатрия — Специфическая фобия"
"6B03.html"	"ru"	"подпись-заказа"	"клиническая психиатрия"	"Клиническая психиатрия"
"6B04.html"	"ru"	"мета-заголовок"	"СОЦИАЛЬНОЕ ТРЕВОЖНОЕ РАССТРОЙСТВО | КЛИНИЧЕСКАЯ ПСИХИАТРИЯ"	"Социальное тревожное расстройство | Клиническая психиатрия"
"6B04.html"	"ru"	"мета-заголовок"	"СОЦИАЛЬНОЕ ТРЕВОЖНОЕ РАССТРОЙСТВО | КЛИНИЧЕСКАЯ ПСИХИАТРИЯ"	"Социальное тревожное расстройство | Клиническая психиатрия"
"6B04.html"	"ru"	"мета-описание"	"Klinik Psixiatriya — СОЦИАЛЬНОЕ ТРЕВОЖНОЕ РАССТРОЙСТВО"	"Клиническая психиатрия — Социальное тревожное расстройство"
"6B04.html"	"ru"	"мета-описание"	"Klinik Psixiatriya — СОЦИАЛЬНОЕ ТРЕВОЖНОЕ РАССТРОЙСТВО"	"Клиническая психиатрия — Социальное тревожное расстройство"
"6B04.html"	"ru"	"подпись-заказа"	"клиническая психиатрия"	"Клиническая психиатрия"
"6B05.html"	"ru"	"мета-заголовок"	"СЕПАРАЦИОННОЕ ТРЕВОЖНОЕ РАССТРОЙСТВО | КЛИНИЧЕСКАЯ ПСИХИАТРИЯ"	"Сепарационное тревожное расстройство | Клиническая психиатрия"
"6B05.html"	"ru"	"мета-заголовок"	"СЕПАРАЦИОННОЕ ТРЕВОЖНОЕ РАССТРОЙСТВО | КЛИНИЧЕСКАЯ ПСИХИАТРИЯ"	"Сепарационное тревожное расстройство | Клиническая психиатрия"
"6B05.html"	"ru"	"мета-описание"	"Клиническая психиатрия — РАССТРОЙСТВО СЕПАРАЦИОННОЙ ТРЕВОГИ"	"Клиническая психиатрия — Сепарационное тревожное расстройство"
"6B05.html"	"ru"	"мета-описание"	"Клиническая психиатрия — РАССТРОЙСТВО СЕПАРАЦИОННОЙ ТРЕВОГИ"	"Клиническая психиатрия — Сепарационное тревожное расстройство"
"6B05.html"	"ru"	"подпись-заказа"	"клиническая психиатрия"	"Клиническая психиатрия"
"6B06.html"	"ru"	"мета-заголовок"	"СЕЛЕКТИВНЫЙ МУТИЗМ | КЛИНИЧЕСКАЯ ПСИХИАТРИЯ"	"Селективный мутизм | Клиническая психиатрия"
"6B06.html"	"ru"	"мета-заголовок"	"СЕЛЕКТИВНЫЙ МУТИЗМ | КЛИНИЧЕСКАЯ ПСИХИАТРИЯ"	"Селективный мутизм | Клиническая психиатрия"
"6B06.html"	"ru"	"мета-описание"	"Klinik Psixiatriya — СЕЛЕКТИВНЫЙ МУТИЗМ"	"Клиническая психиатрия — Селективный мутизм"
"6B06.html"	"ru"	"мета-описание"	"Klinik Psixiatriya — СЕЛЕКТИВНЫЙ МУТИЗМ"	"Клиническая психиатрия — Селективный мутизм"
"6B06.html"	"ru"	"подпись-заказа"	"клиническая психиатрия"	"Клиническая психиатрия"
"6B20.html"	"ru"	"мета-заголовок"	"ОБСЕССИВНО-КОМПУЛЬСИВНОЕ РАССТРОЙСТВО (ОКР) | КЛИНИЧЕСКАЯ ПСИХИАТРИЯ"	"Обсессивно-компульсивное расстройство (ОКР) | Клиническая психиатрия"
"6B20.html"	"ru"	"мета-заголовок"	"ОБСЕССИВНО-КОМПУЛЬСИВНОЕ РАССТРОЙСТВО (ОКР) | КЛИНИЧЕСКАЯ ПСИХИАТРИЯ"	"Обсессивно-компульсивное расстройство (ОКР) | Клиническая психиатрия"
"6B20.html"	"ru"	"мета-описание"	"Klinik Psixiatriya — ОБСЕССИВНО-КОМПУЛЬСИВНОЕ РАССТРОЙСТВО (ОКР)"	"Клиническая психиатрия — Обсессивно-компульсивное расстройство (ОКР)"
"6B20.html"	"ru"	"мета-описание"	"Klinik Psixiatriya — ОБСЕССИВНО-КОМПУЛЬСИВНОЕ РАССТРОЙСТВО (ОКР)"	"Клиническая психиатрия — Обсессивно-компульсивное расстройство (ОКР)"
"6B20.html"	"ru"	"подпись-заказа"	"клиническая психиатрия"	"Клиническая психиатрия"
"6B21.html"	"ru"	"мета-заголовок"	"ТЕЛЕСНОЕ ДИСМОРФИЧЕСКОЕ РАССТРОЙСТВО (BDD) | КЛИНИЧЕСКАЯ ПСИХИАТРИЯ"	"Телесное дисморфическое расстройство (BDD) | Клиническая психиатрия"
"6B21.html"	"ru"	"мета-заголовок"	"ТЕЛЕСНОЕ ДИСМОРФИЧЕСКОЕ РАССТРОЙСТВО (BDD) | КЛИНИЧЕСКАЯ ПСИХИАТРИЯ"	"Телесное дисморфическое расстройство (BDD) | Клиническая психиатрия"
"6B21.html"	"ru"	"мета-описание"	"Клиническая психиатрия — ТЕЛЕСНОЕ ДИСМОРФИЧЕСКОЕ РАССТРОЙСТВО (BDD)"	"Клиническая психиатрия — Телесное дисморфическое расстройство (BDD)"
"6B21.html"	"ru"	"мета-описание"	"Клиническая психиатрия — ТЕЛЕСНОЕ ДИСМОРФИЧЕСКОЕ РАССТРОЙСТВО (BDD)"	"Клиническая психиатрия — Телесное дисморфическое расстройство (BDD)"
"6B21.html"	"ru"	"подпись-заказа"	"клиническая психиатрия"	"Клиническая психиатрия"
"6B22.html"	"ru"	"мета-заголовок"	"ПАТОЛОГИЧЕСКАЯ ОЗАБОЧЕННОСТЬ СОБСТВЕННЫМ ЗАПАХОМ (ORS) | КЛИНИЧЕСКАЯ ПСИХИАТРИЯ"	"Патологическая озабоченность собственным запахом (ORS) | Клиническая психиатрия"
"6B22.html"	"ru"	"мета-заголовок"	"ПАТОЛОГИЧЕСКАЯ ОЗАБОЧЕННОСТЬ СОБСТВЕННЫМ ЗАПАХОМ (ORS) | КЛИНИЧЕСКАЯ ПСИХИАТРИЯ"	"Патологическая озабоченность собственным запахом (ORS) | Клиническая психиатрия"
"6B22.html"	"ru"	"мета-описание"	"Klinik Psixiatriya — РАССТРОЙСТВО ПАТОЛОГИЧЕСКОГО ЗАПАХА ТЕЛА (ОРС)"	"Клиническая психиатрия — Патологическая озабоченность собственным запахом (ORS)"
"6B22.html"	"ru"	"мета-описание"	"Klinik Psixiatriya — РАССТРОЙСТВО ПАТОЛОГИЧЕСКОГО ЗАПАХА ТЕЛА (ОРС)"	"Клиническая психиатрия — Патологическая озабоченность собственным запахом (ORS)"
"6B22.html"	"ru"	"подпись-заказа"	"клиническая психиатрия"	"Клиническая психиатрия"
"6B23.html"	"ru"	"мета-заголовок"	"ИПОХОНДРИЯ | КЛИНИЧЕСКАЯ ПСИХИАТРИЯ"	"Ипохондрия | Клиническая психиатрия"
"6B23.html"	"ru"	"мета-заголовок"	"ИПОХОНДРИЯ | КЛИНИЧЕСКАЯ ПСИХИАТРИЯ"	"Ипохондрия | Клиническая психиатрия"
"6B23.html"	"ru"	"мета-описание"	"Клиническая психиатрия — ИПОХОНДРИЯ (РАССТРОЙСТВО ТРЕВОГИ ПО ПОВОДУ ЗАБОЛЕВАНИЯ)"	"Клиническая психиатрия — Ипохондрия"
"6B23.html"	"ru"	"мета-описание"	"Клиническая психиатрия — ИПОХОНДРИЯ (РАССТРОЙСТВО ТРЕВОГИ ПО ПОВОДУ ЗАБОЛЕВАНИЯ)"	"Клиническая психиатрия — Ипохондрия"
"6B23.html"	"ru"	"подпись-заказа"	"клиническая психиатрия"	"Клиническая психиатрия"
"6B24.html"	"ru"	"мета-заголовок"	"ПАТОЛОГИЧЕСКОЕ НАКОПИТЕЛЬСТВО (ХОРДИНГ) | КЛИНИЧЕСКАЯ ПСИХИАТРИЯ"	"Патологическое накопительство (хординг) | Клиническая психиатрия"
"6B24.html"	"ru"	"мета-заголовок"	"ПАТОЛОГИЧЕСКОЕ НАКОПИТЕЛЬСТВО (ХОРДИНГ) | КЛИНИЧЕСКАЯ ПСИХИАТРИЯ"	"Патологическое накопительство (хординг) | Клиническая психиатрия"
"6B24.html"	"ru"	"мета-описание"	"Клиническая психиатрия — РАССТРОЙСТВО НАКОПЛЕНИЯ"	"Клиническая психиатрия — Патологическое накопительство (хординг)"
"6B24.html"	"ru"	"мета-описание"	"Клиническая психиатрия — РАССТРОЙСТВО НАКОПЛЕНИЯ"	"Клиническая психиатрия — Патологическое накопительство (хординг)"
"6B24.html"	"ru"	"подпись-заказа"	"клиническая психиатрия"	"Клиническая психиатрия"
"6B25.html"	"ru"	"мета-заголовок"	"ПАТОЛОГИЧЕСКИЕ ТЕЛЕСНО НАПРАВЛЕННЫЕ СТЕРЕОТИПИИ | КЛИНИЧЕСКАЯ ПСИХИАТРИЯ"	"Патологические телесно направленные стереотипии | Клиническая психиатрия"
"6B25.html"	"ru"	"мета-заголовок"	"ПАТОЛОГИЧЕСКИЕ ТЕЛЕСНО НАПРАВЛЕННЫЕ СТЕРЕОТИПИИ | КЛИНИЧЕСКАЯ ПСИХИАТРИЯ"	"Патологические телесно направленные стереотипии | Клиническая психиатрия"
"6B25.html"	"ru"	"мета-описание"	"Клиническая психиатрия — ПОВТОРЯЮЩЕЕСЯ ПОВЕДЕНИЕ, ОРИЕНТИРОВАННОЕ НА ТЕЛО"	"Клиническая психиатрия — Патологические телесно направленные стереотипии"
"6B25.html"	"ru"	"мета-описание"	"Клиническая психиатрия — ПОВТОРЯЮЩЕЕСЯ ПОВЕДЕНИЕ, ОРИЕНТИРОВАННОЕ НА ТЕЛО"	"Клиническая психиатрия — Патологические телесно направленные стереотипии"
"6B25.html"	"ru"	"подпись-заказа"	"клиническая психиатрия"	"Клиническая психиатрия"
"6B40.html"	"ru"	"мета-заголовок"	"ПОСТТРАВМАТИЧЕСКОЕ СТРЕССОВОЕ РАССТРОЙСТВО (ПТСР) | КЛИНИЧЕСКАЯ ПСИХИАТРИЯ"	"Посттравматическое стрессовое расстройство (ПТСР) | Клиническая психиатрия"
"6B40.html"	"ru"	"мета-заголовок"	"ПОСТТРАВМАТИЧЕСКОЕ СТРЕССОВОЕ РАССТРОЙСТВО (ПТСР) | КЛИНИЧЕСКАЯ ПСИХИАТРИЯ"	"Посттравматическое стрессовое расстройство (ПТСР) | Клиническая психиатрия"
"6B40.html"	"ru"	"мета-описание"	"Klinik Psixiatriya — ПОСТТРАВМАТИЧЕСКОЕ СТРЕССОВОЕ РАССТРОЙСТВО (ПТСР)"	"Клиническая психиатрия — Посттравматическое стрессовое расстройство (ПТСР)"
"6B40.html"	"ru"	"мета-описание"	"Klinik Psixiatriya — ПОСТТРАВМАТИЧЕСКОЕ СТРЕССОВОЕ РАССТРОЙСТВО (ПТСР)"	"Клиническая психиатрия — Посттравматическое стрессовое расстройство (ПТСР)"
"6B40.html"	"ru"	"подпись-заказа"	"клиническая психиатрия"	"Клиническая психиатрия"
"6B41.html"	"ru"	"мета-заголовок"	"КОМПЛЕКСНОЕ ПОСТТРАВМАТИЧЕСКОЕ СТРЕССОВОЕ РАССТРОЙСТВО (К-ПТСР) | КЛИНИЧЕСКАЯ ПСИХИАТРИЯ"	"Осложненное посттравматическое стрессовое расстройство (К-ПТСР) | Клиническая психиатрия"
"6B41.html"	"ru"	"мета-заголовок"	"КОМПЛЕКСНОЕ ПОСТТРАВМАТИЧЕСКОЕ СТРЕССОВОЕ РАССТРОЙСТВО (К-ПТСР) | КЛИНИЧЕСКАЯ ПСИХИАТРИЯ"	"Осложненное посттравматическое стрессовое расстройство (К-ПТСР) | Клиническая психиатрия"
"6B41.html"	"ru"	"мета-описание"	"Клиническая психиатрия — КОМПЛЕКСНОЕ ПОСТТРАВМАТИЧЕСКОЕ СТРЕССОВОЕ РАССТРОЙСТВО (К-ПТСР)"	"Клиническая психиатрия — Осложненное посттравматическое стрессовое расстройство (К-ПТСР)"
"6B41.html"	"ru"	"мета-описание"	"Клиническая психиатрия — КОМПЛЕКСНОЕ ПОСТТРАВМАТИЧЕСКОЕ СТРЕССОВОЕ РАССТРОЙСТВО (К-ПТСР)"	"Клиническая психиатрия — Осложненное посттравматическое стрессовое расстройство (К-ПТСР)"
"6B41.html"	"ru"	"подпись-заказа"	"клиническая психиатрия"	"Клиническая психиатрия"
"6B42.html"	"ru"	"мета-заголовок"	"ЗАТЯЖНАЯ ПАТОЛОГИЧЕСКАЯ РЕАКЦИЯ ГОРЯ | КЛИНИЧЕСКАЯ ПСИХИАТРИЯ"	"Затяжная патологическая реакция горя | Клиническая психиатрия"
"6B42.html"	"ru"	"мета-заголовок"	"ЗАТЯЖНАЯ ПАТОЛОГИЧЕСКАЯ РЕАКЦИЯ ГОРЯ | КЛИНИЧЕСКАЯ ПСИХИАТРИЯ"	"Затяжная патологическая реакция горя | Клиническая психиатрия"
"6B42.html"	"ru"	"мета-описание"	"Клиническая психиатрия — ЗАТЯЖНОЕ РАССТРОЙСТВО, СВЯЗАННОЕ С ПЕРЕЖИВАНИЕМ УТРАТЫ"	"Клиническая психиатрия — Затяжная патологическая реакция горя"
"6B42.html"	"ru"	"мета-описание"	"Клиническая психиатрия — ЗАТЯЖНОЕ РАССТРОЙСТВО, СВЯЗАННОЕ С ПЕРЕЖИВАНИЕМ УТРАТЫ"	"Клиническая психиатрия — Затяжная патологическая реакция горя"
"6B42.html"	"ru"	"подпись-заказа"	"клиническая психиатрия"	"Клиническая психиатрия"
"6B43.html"	"ru"	"мета-заголовок"	"РАССТРОЙСТВО АДАПТАЦИИ | КЛИНИЧЕСКАЯ ПСИХИАТРИЯ"	"Расстройство адаптации | Клиническая психиатрия"
"6B43.html"	"ru"	"мета-заголовок"	"РАССТРОЙСТВО АДАПТАЦИИ | КЛИНИЧЕСКАЯ ПСИХИАТРИЯ"	"Расстройство адаптации | Клиническая психиатрия"
"6B43.html"	"ru"	"мета-описание"	"Клиническая психиатрия — РАССТРОЙСТВО АДАПТАЦИИ"	"Клиническая психиатрия — Расстройство адаптации"
"6B43.html"	"ru"	"мета-описание"	"Клиническая психиатрия — РАССТРОЙСТВО АДАПТАЦИИ"	"Клиническая психиатрия — Расстройство адаптации"
"6B43.html"	"ru"	"подпись-заказа"	"клиническая психиатрия"	"Клиническая психиатрия"
"6B44.html"	"ru"	"мета-заголовок"	"РЕАКТИВНОЕ РАССТРОЙСТВО ПРИВЯЗАННОСТИ | КЛИНИЧЕСКАЯ ПСИХИАТРИЯ"	"Реактивное расстройство привязанности | Клиническая психиатрия"
"6B44.html"	"ru"	"мета-заголовок"	"РЕАКТИВНОЕ РАССТРОЙСТВО ПРИВЯЗАННОСТИ | КЛИНИЧЕСКАЯ ПСИХИАТРИЯ"	"Реактивное расстройство привязанности | Клиническая психиатрия"
"6B44.html"	"ru"	"мета-описание"	"Klinik Psixiatriya — РАССТРОЙСТВО РЕАКТИВНОЙ ПРИВЯЗАННОСТИ"	"Клиническая психиатрия — Реактивное расстройство привязанности"
"6B44.html"	"ru"	"мета-описание"	"Klinik Psixiatriya — РАССТРОЙСТВО РЕАКТИВНОЙ ПРИВЯЗАННОСТИ"	"Клиническая психиатрия — Реактивное расстройство привязанности"
"6B44.html"	"ru"	"подпись-заказа"	"клиническая психиатрия"	"Клиническая психиатрия"
"6B45.html"	"ru"	"мета-заголовок"	"РАССТРОЙСТВО СОЦИАЛИЗАЦИИ ПО РАСТОРМОЖЕННОМУ ТИПУ | КЛИНИЧЕСКАЯ ПСИХИАТРИЯ"	"Расстройство социализации по расторможенному типу | Клиническая психиатрия"
"6B45.html"	"ru"	"мета-заголовок"	"РАССТРОЙСТВО СОЦИАЛИЗАЦИИ ПО РАСТОРМОЖЕННОМУ ТИПУ | КЛИНИЧЕСКАЯ ПСИХИАТРИЯ"	"Расстройство социализации по расторможенному типу | Клиническая психиатрия"
"6B45.html"	"ru"	"мета-описание"	"Klinik Psixiatriya — РАССТРОЙСТВО СОЦИАЛИЗАЦИИ ПО РАСТОРМОЖЕННОМУ ТИПУ"	"Клиническая психиатрия — Расстройство социализации по расторможенному типу"
"6B45.html"	"ru"	"мета-описание"	"Klinik Psixiatriya — РАССТРОЙСТВО СОЦИАЛИЗАЦИИ ПО РАСТОРМОЖЕННОМУ ТИПУ"	"Клиническая психиатрия — Расстройство социализации по расторможенному типу"
"6B45.html"	"ru"	"подпись-заказа"	"клиническая психиатрия"	"Клиническая психиатрия"
"6B60.html"	"ru"	"мета-заголовок"	"ДИССОЦИАТИВНОЕ РАССТРОЙСТВО С НЕВРОЛОГИЧЕСКИМИ СИМПТОМАМИ | КЛИНИЧЕСКАЯ ПСИХИАТРИЯ"	"Диссоциативное расстройство с неврологическими симптомами | Клиническая психиатрия"
"6B60.html"	"ru"	"мета-заголовок"	"ДИССОЦИАТИВНОЕ РАССТРОЙСТВО С НЕВРОЛОГИЧЕСКИМИ СИМПТОМАМИ | КЛИНИЧЕСКАЯ ПСИХИАТРИЯ"	"Диссоциативное расстройство с неврологическими симптомами | Клиническая психиатрия"
"6B60.html"	"ru"	"мета-описание"	"Клиническая психиатрия — РАССТРОЙСТВО ДИССОЦИАТИВНЫХ НЕВРОЛОГИЧЕСКИХ СИМПТОМОВ"	"Клиническая психиатрия — Диссоциативное расстройство с неврологическими симптомами"
"6B60.html"	"ru"	"мета-описание"	"Клиническая психиатрия — РАССТРОЙСТВО ДИССОЦИАТИВНЫХ НЕВРОЛОГИЧЕСКИХ СИМПТОМОВ"	"Клиническая психиатрия — Диссоциативное расстройство с неврологическими симптомами"
"6B60.html"	"ru"	"подпись-заказа"	"клиническая психиатрия"	"Клиническая психиатрия"
"6B61.html"	"ru"	"мета-заголовок"	"ДИССОЦИАТИВНАЯ АМНЕЗИЯ | КЛИНИЧЕСКАЯ ПСИХИАТРИЯ"	"Диссоциативная амнезия | Клиническая психиатрия"
"6B61.html"	"ru"	"мета-заголовок"	"ДИССОЦИАТИВНАЯ АМНЕЗИЯ | КЛИНИЧЕСКАЯ ПСИХИАТРИЯ"	"Диссоциативная амнезия | Клиническая психиатрия"
"6B61.html"	"ru"	"мета-описание"	"Клиническая психиатрия — ДИССОЦИАТИВНАЯ АМНЕЗИЯ"	"Клиническая психиатрия — Диссоциативная амнезия"
"6B61.html"	"ru"	"мета-описание"	"Клиническая психиатрия — ДИССОЦИАТИВНАЯ АМНЕЗИЯ"	"Клиническая психиатрия — Диссоциативная амнезия"
"6B61.html"	"ru"	"подпись-заказа"	"клиническая психиатрия"	"Клиническая психиатрия"
"6B64.html"	"ru"	"мета-заголовок"	"ДИССОЦИАТИВНОЕ РАССТРОЙСТВО ИДЕНТИЧНОСТИ (ДРИ) | КЛИНИЧЕСКАЯ ПСИХИАТРИЯ"	"Диссоциативное расстройство идентичности (ДРИ) | Клиническая психиатрия"
"6B64.html"	"ru"	"мета-заголовок"	"ДИССОЦИАТИВНОЕ РАССТРОЙСТВО ИДЕНТИЧНОСТИ (ДРИ) | КЛИНИЧЕСКАЯ ПСИХИАТРИЯ"	"Диссоциативное расстройство идентичности (ДРИ) | Клиническая психиатрия"
"6B64.html"	"ru"	"мета-описание"	"Клиническая психиатрия — ДИССОЦИАТИВНОЕ РАССТРОЙСТВО ИДЕНТИЧНОСТИ (ДРИ)"	"Клиническая психиатрия — Диссоциативное расстройство идентичности (ДРИ)"
"6B64.html"	"ru"	"мета-описание"	"Клиническая психиатрия — ДИССОЦИАТИВНОЕ РАССТРОЙСТВО ИДЕНТИЧНОСТИ (ДРИ)"	"Клиническая психиатрия — Диссоциативное расстройство идентичности (ДРИ)"
"6B64.html"	"ru"	"подпись-заказа"	"клиническая психиатрия"	"Клиническая психиатрия"
"6B65.html"	"ru"	"мета-заголовок"	"ЧАСТИЧНОЕ ДИССОЦИАТИВНОЕ РАССТРОЙСТВО ИДЕНТИЧНОСТИ | КЛИНИЧЕСКАЯ ПСИХИАТРИЯ"	"Частичное диссоциативное расстройство идентичности | Клиническая психиатрия"
"6B65.html"	"ru"	"мета-заголовок"	"ЧАСТИЧНОЕ ДИССОЦИАТИВНОЕ РАССТРОЙСТВО ИДЕНТИЧНОСТИ | КЛИНИЧЕСКАЯ ПСИХИАТРИЯ"	"Частичное диссоциативное расстройство идентичности | Клиническая психиатрия"
"6B65.html"	"ru"	"мета-описание"	"Klinik Psixiatriya — ПАРЦИАЛЬНОЕ ДИССОЦИАТИВНОЕ РАССТРОЙСТВО ИДЕНТИЧНОСТИ"	"Клиническая психиатрия — Частичное диссоциативное расстройство идентичности"
"6B65.html"	"ru"	"мета-описание"	"Klinik Psixiatriya — ПАРЦИАЛЬНОЕ ДИССОЦИАТИВНОЕ РАССТРОЙСТВО ИДЕНТИЧНОСТИ"	"Клиническая психиатрия — Частичное диссоциативное расстройство идентичности"
"6B65.html"	"ru"	"подпись-заказа"	"клиническая психиатрия"	"Клиническая психиатрия"
"6B66.html"	"ru"	"мета-заголовок"	"СИНДРОМ ДЕПЕРСОНАЛИЗАЦИИ-ДЕРЕАЛИЗАЦИИ | КЛИНИЧЕСКАЯ ПСИХИАТРИЯ"	"Синдром деперсонализации-дереализации | Клиническая психиатрия"
"6B66.html"	"ru"	"мета-заголовок"	"СИНДРОМ ДЕПЕРСОНАЛИЗАЦИИ-ДЕРЕАЛИЗАЦИИ | КЛИНИЧЕСКАЯ ПСИХИАТРИЯ"	"Синдром деперсонализации-дереализации | Клиническая психиатрия"
"6B66.html"	"ru"	"мета-описание"	"Клиническая психиатрия — РАССТРОЙСТВО ДЕПЕРСОНАЛИЗАЦИИ-ДЕРЕАЛИЗАЦИИ"	"Клиническая психиатрия — Синдром деперсонализации-дереализации"
"6B66.html"	"ru"	"мета-описание"	"Клиническая психиатрия — РАССТРОЙСТВО ДЕПЕРСОНАЛИЗАЦИИ-ДЕРЕАЛИЗАЦИИ"	"Клиническая психиатрия — Синдром деперсонализации-дереализации"
"6B66.html"	"ru"	"подпись-заказа"	"клиническая психиатрия"	"Клиническая психиатрия"
"6B80.html"	"ru"	"мета-заголовок"	"НЕРВНАЯ АНОРЕКСИЯ | КЛИНИЧЕСКАЯ ПСИХИАТРИЯ"	"Нервная анорексия | Клиническая психиатрия"
"6B80.html"	"ru"	"мета-заголовок"	"НЕРВНАЯ АНОРЕКСИЯ | КЛИНИЧЕСКАЯ ПСИХИАТРИЯ"	"Нервная анорексия | Клиническая психиатрия"
"6B80.html"	"ru"	"мета-описание"	"Klinik Psixiatriya — НЕРВНАЯ АНОРЕКСИЯ"	"Клиническая психиатрия — Нервная анорексия"
"6B80.html"	"ru"	"мета-описание"	"Klinik Psixiatriya — НЕРВНАЯ АНОРЕКСИЯ"	"Клиническая психиатрия — Нервная анорексия"
"6B80.html"	"ru"	"подпись-заказа"	"клиническая психиатрия"	"Клиническая психиатрия"
"6B81.html"	"ru"	"мета-заголовок"	"НЕРВНАЯ БУЛИМИЯ | КЛИНИЧЕСКАЯ ПСИХИАТРИЯ"	"Нервная булимия | Клиническая психиатрия"
"6B81.html"	"ru"	"мета-заголовок"	"НЕРВНАЯ БУЛИМИЯ | КЛИНИЧЕСКАЯ ПСИХИАТРИЯ"	"Нервная булимия | Клиническая психиатрия"
"6B81.html"	"ru"	"мета-описание"	"Klinik Psixiatriya — НЕРВНАЯ БУЛИМИЯ"	"Клиническая психиатрия — Нервная булимия"
"6B81.html"	"ru"	"мета-описание"	"Klinik Psixiatriya — НЕРВНАЯ БУЛИМИЯ"	"Клиническая психиатрия — Нервная булимия"
"6B81.html"	"ru"	"подпись-заказа"	"клиническая психиатрия"	"Клиническая психиатрия"
"6B82.html"	"ru"	"мета-заголовок"	"ПАТОЛОГИЧЕСКОЕ ПЕРЕЕДАНИЕ (BED) | КЛИНИЧЕСКАЯ ПСИХИАТРИЯ"	"Патологическое переедание (BED) | Клиническая психиатрия"
"6B82.html"	"ru"	"мета-заголовок"	"ПАТОЛОГИЧЕСКОЕ ПЕРЕЕДАНИЕ (BED) | КЛИНИЧЕСКАЯ ПСИХИАТРИЯ"	"Патологическое переедание (BED) | Клиническая психиатрия"
"6B82.html"	"ru"	"мета-описание"	"Клиническая психиатрия — РАССТРОЙСТВО ПИЩЕВОГО ПОВЕДЕНИЯ С ПЕРЕЕДАНИЕМ (BED)"	"Клиническая психиатрия — Патологическое переедание (BED)"
"6B82.html"	"ru"	"мета-описание"	"Клиническая психиатрия — РАССТРОЙСТВО ПИЩЕВОГО ПОВЕДЕНИЯ С ПЕРЕЕДАНИЕМ (BED)"	"Клиническая психиатрия — Патологическое переедание (BED)"
"6B82.html"	"ru"	"подпись-заказа"	"клиническая психиатрия"	"Клиническая психиатрия"
"6B83.html"	"ru"	"мета-заголовок"	"ПАТОЛОГИЧЕСКОЕ ИЗБИРАТЕЛЬНО-ОГРАНИЧИТЕЛЬНОЕ ПОТРЕБЛЕНИЕ ПИЩИ (ARFID) | КЛИНИЧЕСКАЯ ПСИХИАТРИЯ"	"Патологическое избирательно-ограничительное потребление пищи (ARFID) | Клиническая психиатрия"
"6B83.html"	"ru"	"мета-заголовок"	"ПАТОЛОГИЧЕСКОЕ ИЗБИРАТЕЛЬНО-ОГРАНИЧИТЕЛЬНОЕ ПОТРЕБЛЕНИЕ ПИЩИ (ARFID) | КЛИНИЧЕСКАЯ ПСИХИАТРИЯ"	"Патологическое избирательно-ограничительное потребление пищи (ARFID) | Клиническая психиатрия"
"6B83.html"	"ru"	"мета-описание"	"Klinik Psixiatriya — РАССТРОЙСТВО ИЗБЕГАНИЯ/ОГРАНИЧЕНИЯ ПРИЕМА ПИЩИ (ARFID)"	"Клиническая психиатрия — Патологическое избирательно-ограничительное потребление пищи (ARFID)"
"6B83.html"	"ru"	"мета-описание"	"Klinik Psixiatriya — РАССТРОЙСТВО ИЗБЕГАНИЯ/ОГРАНИЧЕНИЯ ПРИЕМА ПИЩИ (ARFID)"	"Клиническая психиатрия — Патологическое избирательно-ограничительное потребление пищи (ARFID)"
"6B83.html"	"ru"	"подпись-заказа"	"клиническая психиатрия"	"Клиническая психиатрия"
"6B84.html"	"ru"	"мета-заголовок"	"ПИКА | КЛИНИЧЕСКАЯ ПСИХИАТРИЯ"	"Пика | Клиническая психиатрия"
"6B84.html"	"ru"	"мета-заголовок"	"ПИКА | КЛИНИЧЕСКАЯ ПСИХИАТРИЯ"	"Пика | Клиническая психиатрия"
"6B84.html"	"ru"	"мета-описание"	"Klinik Psixiatriya — ПИКА"	"Клиническая психиатрия — Пика"
"6B84.html"	"ru"	"мета-описание"	"Klinik Psixiatriya — ПИКА"	"Клиническая психиатрия — Пика"
"6B84.html"	"ru"	"подпись-заказа"	"клиническая психиатрия"	"Клиническая психиатрия"
"6B85.html"	"ru"	"мета-заголовок"	"ПАТОЛОГИЧЕСКОЕ ПЕРЕЖЕВЫВАНИЕ И СРЫГИВАНИЕ | КЛИНИЧЕСКАЯ ПСИХИАТРИЯ"	"Патологическое пережевывание и срыгивание | Клиническая психиатрия"
"6B85.html"	"ru"	"мета-заголовок"	"ПАТОЛОГИЧЕСКОЕ ПЕРЕЖЕВЫВАНИЕ И СРЫГИВАНИЕ | КЛИНИЧЕСКАЯ ПСИХИАТРИЯ"	"Патологическое пережевывание и срыгивание | Клиническая психиатрия"
"6B85.html"	"ru"	"мета-описание"	"Klinik Psixiatriya — РАССТРОЙСТВО РУМИНАЦИИ-РЕГУРГИТАЦИИ"	"Клиническая психиатрия — Патологическое пережевывание и срыгивание"
"6B85.html"	"ru"	"мета-описание"	"Klinik Psixiatriya — РАССТРОЙСТВО РУМИНАЦИИ-РЕГУРГИТАЦИИ"	"Клиническая психиатрия — Патологическое пережевывание и срыгивание"
"6B85.html"	"ru"	"подпись-заказа"	"клиническая психиатрия"	"Клиническая психиатрия"
"6C00.html"	"ru"	"мета-заголовок"	"ЭНУРЕЗ | КЛИНИЧЕСКАЯ ПСИХИАТРИЯ"	"Энурез | Клиническая психиатрия"
"6C00.html"	"ru"	"мета-заголовок"	"ЭНУРЕЗ | КЛИНИЧЕСКАЯ ПСИХИАТРИЯ"	"Энурез | Клиническая психиатрия"
"6C00.html"	"ru"	"мета-описание"	"Клиническая психиатрия — ЭНУРЕЗ"	"Клиническая психиатрия — Энурез"
"6C00.html"	"ru"	"мета-описание"	"Клиническая психиатрия — ЭНУРЕЗ"	"Клиническая психиатрия — Энурез"
"6C00.html"	"ru"	"подпись-заказа"	"клиническая психиатрия"	"Клиническая психиатрия"
"6C01.html"	"ru"	"мета-заголовок"	"ЭНКОПРЕЗ | КЛИНИЧЕСКАЯ ПСИХИАТРИЯ"	"Энкопрез | Клиническая психиатрия"
"6C01.html"	"ru"	"мета-заголовок"	"ЭНКОПРЕЗ | КЛИНИЧЕСКАЯ ПСИХИАТРИЯ"	"Энкопрез | Клиническая психиатрия"
"6C01.html"	"ru"	"мета-описание"	"Клиническая психиатрия — ЭНКОПРЕЗ"	"Клиническая психиатрия — Энкопрез"
"6C01.html"	"ru"	"мета-описание"	"Клиническая психиатрия — ЭНКОПРЕЗ"	"Клиническая психиатрия — Энкопрез"
"6C01.html"	"ru"	"подпись-заказа"	"клиническая психиатрия"	"Клиническая психиатрия"
"6C20.html"	"ru"	"мета-заголовок"	"ТЕЛЕСНЫЙ ДИСТРЕСС | КЛИНИЧЕСКАЯ ПСИХИАТРИЯ"	"Телесный дистресс | Клиническая психиатрия"
"6C20.html"	"ru"	"мета-заголовок"	"ТЕЛЕСНЫЙ ДИСТРЕСС | КЛИНИЧЕСКАЯ ПСИХИАТРИЯ"	"Телесный дистресс | Клиническая психиатрия"
"6C20.html"	"ru"	"мета-описание"	"Клиническая психиатрия — РАССТРОЙСТВО ТЕЛЕСНОГО ДИСТРЕССА"	"Клиническая психиатрия — Телесный дистресс"
"6C20.html"	"ru"	"мета-описание"	"Клиническая психиатрия — РАССТРОЙСТВО ТЕЛЕСНОГО ДИСТРЕССА"	"Клиническая психиатрия — Телесный дистресс"
"6C20.html"	"ru"	"подпись-заказа"	"клиническая психиатрия"	"Клиническая психиатрия"
"6C40.html"	"ru"	"мета-заголовок"	"РАССТРОЙСТВА ВСЛЕДСТВИЕ УПОТРЕБЛЕНИЯ АЛКОГОЛЯ | КЛИНИЧЕСКАЯ ПСИХИАТРИЯ"	"Расстройства вследствие употребления алкоголя | Клиническая психиатрия"
"6C40.html"	"ru"	"мета-заголовок"	"РАССТРОЙСТВА ВСЛЕДСТВИЕ УПОТРЕБЛЕНИЯ АЛКОГОЛЯ | КЛИНИЧЕСКАЯ ПСИХИАТРИЯ"	"Расстройства вследствие употребления алкоголя | Клиническая психиатрия"
"6C40.html"	"ru"	"мета-описание"	"Клиническая психиатрия — РАССТРОЙСТВА, СВЯЗАННЫЕ С УПОТРЕБЛЕНИЕМ АЛКОГОЛЯ"	"Клиническая психиатрия — Расстройства вследствие употребления алкоголя"
"6C40.html"	"ru"	"мета-описание"	"Клиническая психиатрия — РАССТРОЙСТВА, СВЯЗАННЫЕ С УПОТРЕБЛЕНИЕМ АЛКОГОЛЯ"	"Клиническая психиатрия — Расстройства вследствие употребления алкоголя"
"6C40.html"	"ru"	"подпись-заказа"	"клиническая психиатрия"	"Клиническая психиатрия"
"6C41.html"	"ru"	"мета-заголовок"	"РАССТРОЙСТВА ВСЛЕДСТВИЕ УПОТРЕБЛЕНИЯ КАННАБИСА | КЛИНИЧЕСКАЯ ПСИХИАТРИЯ"	"Расстройства вследствие употребления каннабиса | Клиническая психиатрия"
"6C41.html"	"ru"	"мета-заголовок"	"РАССТРОЙСТВА ВСЛЕДСТВИЕ УПОТРЕБЛЕНИЯ КАННАБИСА | КЛИНИЧЕСКАЯ ПСИХИАТРИЯ"	"Расстройства вследствие употребления каннабиса | Клиническая психиатрия"
"6C41.html"	"ru"	"мета-описание"	"Клиническая психиатрия — РАССТРОЙСТВА, СВЯЗАННЫЕ С УПОТРЕБЛЕНИЕМ КАННАБИСА"	"Клиническая психиатрия — Расстройства вследствие употребления каннабиса"
"6C41.html"	"ru"	"мета-описание"	"Клиническая психиатрия — РАССТРОЙСТВА, СВЯЗАННЫЕ С УПОТРЕБЛЕНИЕМ КАННАБИСА"	"Клиническая психиатрия — Расстройства вследствие употребления каннабиса"
"6C41.html"	"ru"	"подпись-заказа"	"клиническая психиатрия"	"Клиническая психиатрия"
"6C43.html"	"ru"	"мета-заголовок"	"РАССТРОЙСТВА ВСЛЕДСТВИЕ УПОТРЕБЛЕНИЯ ОПИОИДОВ | КЛИНИЧЕСКАЯ ПСИХИАТРИЯ"	"Расстройства вследствие употребления опиоидов | Клиническая психиатрия"
"6C43.html"	"ru"	"мета-заголовок"	"РАССТРОЙСТВА ВСЛЕДСТВИЕ УПОТРЕБЛЕНИЯ ОПИОИДОВ | КЛИНИЧЕСКАЯ ПСИХИАТРИЯ"	"Расстройства вследствие употребления опиоидов | Клиническая психиатрия"
"6C43.html"	"ru"	"мета-описание"	"Klinik Psixiatriya — РАССТРОЙСТВА ВСЛЕДСТВИЕ УПОТРЕБЛЕНИЯ ОПИОИДОВ"	"Клиническая психиатрия — Расстройства вследствие употребления опиоидов"
"6C43.html"	"ru"	"мета-описание"	"Klinik Psixiatriya — РАССТРОЙСТВА ВСЛЕДСТВИЕ УПОТРЕБЛЕНИЯ ОПИОИДОВ"	"Клиническая психиатрия — Расстройства вследствие употребления опиоидов"
"6C43.html"	"ru"	"подпись-заказа"	"клиническая психиатрия"	"Клиническая психиатрия"
"6C44.html"	"ru"	"мета-заголовок"	"РАССТРОЙСТВА ВСЛЕДСТВИЕ УПОТРЕБЛЕНИЯ СЕДАТИВНЫХ, СНОТВОРНЫХ ИЛИ АНКСИОЛИТИЧЕСКИХ СРЕДСТВ | КЛИНИЧЕСКАЯ ПСИХИАТРИЯ"	"Расстройства вследствие употребления седативных, снотворных или анксиолитических средств | Клиническая психиатрия"
"6C44.html"	"ru"	"мета-заголовок"	"РАССТРОЙСТВА ВСЛЕДСТВИЕ УПОТРЕБЛЕНИЯ СЕДАТИВНЫХ, СНОТВОРНЫХ ИЛИ АНКСИОЛИТИЧЕСКИХ СРЕДСТВ | КЛИНИЧЕСКАЯ ПСИХИАТРИЯ"	"Расстройства вследствие употребления седативных, снотворных или анксиолитических средств | Клиническая психиатрия"
"6C44.html"	"ru"	"мета-описание"	"Klinik Psixiatriya — РАССТРОЙСТВА ВСЛЕДСТВИЕ УПОТРЕБЛЕНИЯ СЕДАТИВНЫХ/ГИПНОТИЧЕСКИХ СРЕДСТВ"	"Клиническая психиатрия — Расстройства вследствие употребления седативных, снотворных или анксиолитических средств"
"6C44.html"	"ru"	"мета-описание"	"Klinik Psixiatriya — РАССТРОЙСТВА ВСЛЕДСТВИЕ УПОТРЕБЛЕНИЯ СЕДАТИВНЫХ/ГИПНОТИЧЕСКИХ СРЕДСТВ"	"Клиническая психиатрия — Расстройства вследствие употребления седативных, снотворных или анксиолитических средств"
"6C44.html"	"ru"	"подпись-заказа"	"клиническая психиатрия"	"Клиническая психиатрия"
"6C45.html"	"ru"	"мета-заголовок"	"РАССТРОЙСТВА ВСЛЕДСТВИЕ УПОТРЕБЛЕНИЯ КОКАИНА | КЛИНИЧЕСКАЯ ПСИХИАТРИЯ"	"Расстройства вследствие употребления кокаина | Клиническая психиатрия"
"6C45.html"	"ru"	"мета-заголовок"	"РАССТРОЙСТВА ВСЛЕДСТВИЕ УПОТРЕБЛЕНИЯ КОКАИНА | КЛИНИЧЕСКАЯ ПСИХИАТРИЯ"	"Расстройства вследствие употребления кокаина | Клиническая психиатрия"
"6C45.html"	"ru"	"мета-описание"	"Клиническая психиатрия — РАССТРОЙСТВА, СВЯЗАННЫЕ С УПОТРЕБЛЕНИЕМ КОКАИНА"	"Клиническая психиатрия — Расстройства вследствие употребления кокаина"
"6C45.html"	"ru"	"мета-описание"	"Клиническая психиатрия — РАССТРОЙСТВА, СВЯЗАННЫЕ С УПОТРЕБЛЕНИЕМ КОКАИНА"	"Клиническая психиатрия — Расстройства вследствие употребления кокаина"
"6C45.html"	"ru"	"подпись-заказа"	"клиническая психиатрия"	"Клиническая психиатрия"
"6C46.html"	"ru"	"мета-заголовок"	"РАССТРОЙСТВА ВСЛЕДСТВИЕ УПОТРЕБЛЕНИЯ СТИМУЛЯТОРОВ, ВКЛЮЧАЯ АМФЕТАМИНЫ, МЕТАМФЕТАМИН ИЛИ МЕТКАТИНОН | КЛИНИЧЕСКАЯ ПСИХИАТРИЯ"	"Расстройства вследствие употребления стимуляторов, включая амфетамины, метамфетамин или меткатинон | Клиническая психиатрия"
"6C46.html"	"ru"	"мета-заголовок"	"РАССТРОЙСТВА ВСЛЕДСТВИЕ УПОТРЕБЛЕНИЯ СТИМУЛЯТОРОВ, ВКЛЮЧАЯ АМФЕТАМИНЫ, МЕТАМФЕТАМИН ИЛИ МЕТКАТИНОН | КЛИНИЧЕСКАЯ ПСИХИАТРИЯ"	"Расстройства вследствие употребления стимуляторов, включая амфетамины, метамфетамин или меткатинон | Клиническая психиатрия"
"6C46.html"	"ru"	"мета-описание"	"Klinik Psixiatriya — РАССТРОЙСТВА ВСЛЕДСТВИЕ УПОТРЕБЛЕНИЯ СТИМУЛЯТОРОВ"	"Клиническая психиатрия — Расстройства вследствие употребления стимуляторов, включая амфетамины, метамфетамин или меткатинон"
"6C46.html"	"ru"	"мета-описание"	"Klinik Psixiatriya — РАССТРОЙСТВА ВСЛЕДСТВИЕ УПОТРЕБЛЕНИЯ СТИМУЛЯТОРОВ"	"Клиническая психиатрия — Расстройства вследствие употребления стимуляторов, включая амфетамины, метамфетамин или меткатинон"
"6C46.html"	"ru"	"подпись-заказа"	"клиническая психиатрия"	"Клиническая психиатрия"
"6C49.html"	"ru"	"мета-заголовок"	"РАССТРОЙСТВА ВСЛЕДСТВИЕ УПОТРЕБЛЕНИЯ ГАЛЛЮЦИНОГЕНОВ | КЛИНИЧЕСКАЯ ПСИХИАТРИЯ"	"Расстройства вследствие употребления галлюциногенов | Клиническая психиатрия"
"6C49.html"	"ru"	"мета-заголовок"	"РАССТРОЙСТВА ВСЛЕДСТВИЕ УПОТРЕБЛЕНИЯ ГАЛЛЮЦИНОГЕНОВ | КЛИНИЧЕСКАЯ ПСИХИАТРИЯ"	"Расстройства вследствие употребления галлюциногенов | Клиническая психиатрия"
"6C49.html"	"ru"	"мета-описание"	"Клиническая психиатрия — РАССТРОЙСТВА, СВЯЗАННЫЕ С УПОТРЕБЛЕНИЕМ ГАЛЛЮЦИНОГЕНОВ"	"Клиническая психиатрия — Расстройства вследствие употребления галлюциногенов"
"6C49.html"	"ru"	"мета-описание"	"Клиническая психиатрия — РАССТРОЙСТВА, СВЯЗАННЫЕ С УПОТРЕБЛЕНИЕМ ГАЛЛЮЦИНОГЕНОВ"	"Клиническая психиатрия — Расстройства вследствие употребления галлюциногенов"
"6C49.html"	"ru"	"подпись-заказа"	"клиническая психиатрия"	"Клиническая психиатрия"
"6C4A.html"	"ru"	"мета-заголовок"	"РАССТРОЙСТВА ВСЛЕДСТВИЕ УПОТРЕБЛЕНИЯ НИКОТИНА | КЛИНИЧЕСКАЯ ПСИХИАТРИЯ"	"Расстройства вследствие употребления никотина | Клиническая психиатрия"
"6C4A.html"	"ru"	"мета-заголовок"	"РАССТРОЙСТВА ВСЛЕДСТВИЕ УПОТРЕБЛЕНИЯ НИКОТИНА | КЛИНИЧЕСКАЯ ПСИХИАТРИЯ"	"Расстройства вследствие употребления никотина | Клиническая психиатрия"
"6C4A.html"	"ru"	"мета-описание"	"Klinik Psixiatriya — РАССТРОЙСТВА ВСЛЕДСТВИЕ УПОТРЕБЛЕНИЯ НИКОТИНА"	"Клиническая психиатрия — Расстройства вследствие употребления никотина"
"6C4A.html"	"ru"	"мета-описание"	"Klinik Psixiatriya — РАССТРОЙСТВА ВСЛЕДСТВИЕ УПОТРЕБЛЕНИЯ НИКОТИНА"	"Клиническая психиатрия — Расстройства вследствие употребления никотина"
"6C4A.html"	"ru"	"подпись-заказа"	"клиническая психиатрия"	"Клиническая психиатрия"
"6C50.html"	"ru"	"мета-заголовок"	"РАССТРОЙСТВО ВСЛЕДСТВИЕ ПРИСТРАСТИЯ К АЗАРТНЫМ ИГРАМ | КЛИНИЧЕСКАЯ ПСИХИАТРИЯ"	"Расстройство вследствие пристрастия к азартным играм | Клиническая психиатрия"
"6C50.html"	"ru"	"мета-заголовок"	"РАССТРОЙСТВО ВСЛЕДСТВИЕ ПРИСТРАСТИЯ К АЗАРТНЫМ ИГРАМ | КЛИНИЧЕСКАЯ ПСИХИАТРИЯ"	"Расстройство вследствие пристрастия к азартным играм | Клиническая психиатрия"
"6C50.html"	"ru"	"мета-описание"	"Клиническая психиатрия — ПОВЕДЕНЧЕСКИЕ ЗАВИСИМОСТИ (АЗАРТНЫЕ ИГРЫ, ВИДЕОИГРЫ)"	"Клиническая психиатрия — Расстройство вследствие пристрастия к азартным играм"
"6C50.html"	"ru"	"мета-описание"	"Клиническая психиатрия — ПОВЕДЕНЧЕСКИЕ ЗАВИСИМОСТИ (АЗАРТНЫЕ ИГРЫ, ВИДЕОИГРЫ)"	"Клиническая психиатрия — Расстройство вследствие пристрастия к азартным играм"
"6C50.html"	"ru"	"подпись-заказа"	"клиническая психиатрия"	"Клиническая психиатрия"
"6C51.html"	"ru"	"мета-заголовок"	"РАССТРОЙСТВО ВСЛЕДСТВИЕ ПРИСТРАСТИЯ К КОМПЬЮТЕРНЫМ ИГРАМ | КЛИНИЧЕСКАЯ ПСИХИАТРИЯ"	"Расстройство вследствие пристрастия к компьютерным играм | Клиническая психиатрия"
"6C51.html"	"ru"	"мета-заголовок"	"РАССТРОЙСТВО ВСЛЕДСТВИЕ ПРИСТРАСТИЯ К КОМПЬЮТЕРНЫМ ИГРАМ | КЛИНИЧЕСКАЯ ПСИХИАТРИЯ"	"Расстройство вследствие пристрастия к компьютерным играм | Клиническая психиатрия"
"6C51.html"	"ru"	"мета-описание"	"Клиническая психиатрия — ПОВЕДЕНЧЕСКИЕ ЗАВИСИМОСТИ (АЗАРТНЫЕ ИГРЫ, ВИДЕОИГРЫ)"	"Клиническая психиатрия — Расстройство вследствие пристрастия к компьютерным играм"
"6C51.html"	"ru"	"мета-описание"	"Клиническая психиатрия — ПОВЕДЕНЧЕСКИЕ ЗАВИСИМОСТИ (АЗАРТНЫЕ ИГРЫ, ВИДЕОИГРЫ)"	"Клиническая психиатрия — Расстройство вследствие пристрастия к компьютерным играм"
"6C51.html"	"ru"	"подпись-заказа"	"клиническая психиатрия"	"Клиническая психиатрия"
"6C70.html"	"ru"	"мета-заголовок"	"ПИРОМАНИЯ | КЛИНИЧЕСКАЯ ПСИХИАТРИЯ"	"Пиромания | Клиническая психиатрия"
"6C70.html"	"ru"	"мета-заголовок"	"ПИРОМАНИЯ | КЛИНИЧЕСКАЯ ПСИХИАТРИЯ"	"Пиромания | Клиническая психиатрия"
"6C70.html"	"ru"	"мета-описание"	"Klinik Psixiatriya — ПИРОМАНИЯ"	"Клиническая психиатрия — Пиромания"
"6C70.html"	"ru"	"мета-описание"	"Klinik Psixiatriya — ПИРОМАНИЯ"	"Клиническая психиатрия — Пиромания"
"6C70.html"	"ru"	"подпись-заказа"	"клиническая психиатрия"	"Клиническая психиатрия"
"6C71.html"	"ru"	"мета-заголовок"	"КЛЕПТОМАНИЯ | КЛИНИЧЕСКАЯ ПСИХИАТРИЯ"	"Клептомания | Клиническая психиатрия"
"6C71.html"	"ru"	"мета-заголовок"	"КЛЕПТОМАНИЯ | КЛИНИЧЕСКАЯ ПСИХИАТРИЯ"	"Клептомания | Клиническая психиатрия"
"6C71.html"	"ru"	"мета-описание"	"Клиническая психиатрия — КЛЕПТОМАНИЯ"	"Клиническая психиатрия — Клептомания"
"6C71.html"	"ru"	"мета-описание"	"Клиническая психиатрия — КЛЕПТОМАНИЯ"	"Клиническая психиатрия — Клептомания"
"6C71.html"	"ru"	"подпись-заказа"	"клиническая психиатрия"	"Клиническая психиатрия"
"6C72.html"	"ru"	"мета-заголовок"	"КОМПУЛЬСИВНОЕ РАССТРОЙСТВО СЕКСУАЛЬНОГО ПОВЕДЕНИЯ | КЛИНИЧЕСКАЯ ПСИХИАТРИЯ"	"Компульсивное расстройство сексуального поведения | Клиническая психиатрия"
"6C72.html"	"ru"	"мета-заголовок"	"КОМПУЛЬСИВНОЕ РАССТРОЙСТВО СЕКСУАЛЬНОГО ПОВЕДЕНИЯ | КЛИНИЧЕСКАЯ ПСИХИАТРИЯ"	"Компульсивное расстройство сексуального поведения | Клиническая психиатрия"
"6C72.html"	"ru"	"мета-описание"	"Klinik Psixiatriya — КОМПУЛЬСИВНОЕ РАССТРОЙСТВО СЕКСУАЛЬНОГО ПОВЕДЕНИЯ"	"Клиническая психиатрия — Компульсивное расстройство сексуального поведения"
"6C72.html"	"ru"	"мета-описание"	"Klinik Psixiatriya — КОМПУЛЬСИВНОЕ РАССТРОЙСТВО СЕКСУАЛЬНОГО ПОВЕДЕНИЯ"	"Клиническая психиатрия — Компульсивное расстройство сексуального поведения"
"6C72.html"	"ru"	"подпись-заказа"	"клиническая психиатрия"	"Клиническая психиатрия"
"6C73.html"	"ru"	"мета-заголовок"	"ПЕРИОДИЧЕСКОЕ ЭКСПЛОЗИВНОЕ РАССТРОЙСТВО (IED) | КЛИНИЧЕСКАЯ ПСИХИАТРИЯ"	"Периодическое эксплозивное расстройство (IED) | Клиническая психиатрия"
"6C73.html"	"ru"	"мета-заголовок"	"ПЕРИОДИЧЕСКОЕ ЭКСПЛОЗИВНОЕ РАССТРОЙСТВО (IED) | КЛИНИЧЕСКАЯ ПСИХИАТРИЯ"	"Периодическое эксплозивное расстройство (IED) | Клиническая психиатрия"
"6C73.html"	"ru"	"мета-описание"	"Клиническая психиатрия — ИНТЕРМИТТИРУЮЩЕЕ ЭКСПЛОЗИВНОЕ РАССТРОЙСТВО (IED)"	"Клиническая психиатрия — Периодическое эксплозивное расстройство (IED)"
"6C73.html"	"ru"	"мета-описание"	"Клиническая психиатрия — ИНТЕРМИТТИРУЮЩЕЕ ЭКСПЛОЗИВНОЕ РАССТРОЙСТВО (IED)"	"Клиническая психиатрия — Периодическое эксплозивное расстройство (IED)"
"6C73.html"	"ru"	"подпись-заказа"	"клиническая психиатрия"	"Клиническая психиатрия"
"6C90.html"	"ru"	"мета-заголовок"	"ОППОЗИЦИОННО-ВЫЗЫВАЮЩЕЕ РАССТРОЙСТВО (ОВР) | КЛИНИЧЕСКАЯ ПСИХИАТРИЯ"	"Оппозиционно-вызывающее расстройство (ОВР) | Клиническая психиатрия"
"6C90.html"	"ru"	"мета-заголовок"	"ОППОЗИЦИОННО-ВЫЗЫВАЮЩЕЕ РАССТРОЙСТВО (ОВР) | КЛИНИЧЕСКАЯ ПСИХИАТРИЯ"	"Оппозиционно-вызывающее расстройство (ОВР) | Клиническая психиатрия"
"6C90.html"	"ru"	"мета-описание"	"Klinik Psixiatriya — ОППОЗИЦИОННО-ВЫЗЫВАЮЩЕЕ РАССТРОЙСТВО (ОВР)"	"Клиническая психиатрия — Оппозиционно-вызывающее расстройство (ОВР)"
"6C90.html"	"ru"	"мета-описание"	"Klinik Psixiatriya — ОППОЗИЦИОННО-ВЫЗЫВАЮЩЕЕ РАССТРОЙСТВО (ОВР)"	"Клиническая психиатрия — Оппозиционно-вызывающее расстройство (ОВР)"
"6C90.html"	"ru"	"подпись-заказа"	"клиническая психиатрия"	"Клиническая психиатрия"
"6C91.html"	"ru"	"мета-заголовок"	"ДИССОЦИАЛЬНОЕ ПОВЕДЕНЧЕСКОЕ РАССТРОЙСТВО | КЛИНИЧЕСКАЯ ПСИХИАТРИЯ"	"Диссоциальное поведенческое расстройство | Клиническая психиатрия"
"6C91.html"	"ru"	"мета-заголовок"	"ДИССОЦИАЛЬНОЕ ПОВЕДЕНЧЕСКОЕ РАССТРОЙСТВО | КЛИНИЧЕСКАЯ ПСИХИАТРИЯ"	"Диссоциальное поведенческое расстройство | Клиническая психиатрия"
"6C91.html"	"ru"	"мета-описание"	"Клиническая психиатрия — РАССТРОЙСТВО ПОВЕДЕНИЯ"	"Клиническая психиатрия — Диссоциальное поведенческое расстройство"
"6C91.html"	"ru"	"мета-описание"	"Клиническая психиатрия — РАССТРОЙСТВО ПОВЕДЕНИЯ"	"Клиническая психиатрия — Диссоциальное поведенческое расстройство"
"6C91.html"	"ru"	"подпись-заказа"	"клиническая психиатрия"	"Клиническая психиатрия"
"6D10.html"	"ru"	"мета-заголовок"	"РАССТРОЙСТВО ЛИЧНОСТИ | КЛИНИЧЕСКАЯ ПСИХИАТРИЯ"	"Расстройство личности | Клиническая психиатрия"
"6D10.html"	"ru"	"мета-заголовок"	"РАССТРОЙСТВО ЛИЧНОСТИ | КЛИНИЧЕСКАЯ ПСИХИАТРИЯ"	"Расстройство личности | Клиническая психиатрия"
"6D10.html"	"ru"	"мета-описание"	"Клиническая психиатрия — РАССТРОЙСТВО ЛИЧНОСТИ (ЕДИНАЯ МОДЕЛЬ МКБ-11)"	"Клиническая психиатрия — Расстройство личности"
"6D10.html"	"ru"	"мета-описание"	"Клиническая психиатрия — РАССТРОЙСТВО ЛИЧНОСТИ (ЕДИНАЯ МОДЕЛЬ МКБ-11)"	"Клиническая психиатрия — Расстройство личности"
"6D10.html"	"ru"	"подпись-заказа"	"клиническая психиатрия"	"Клиническая психиатрия"
"6D11.html"	"ru"	"мета-заголовок"	"ВЫРАЖЕННЫЕ ЛИЧНОСТНЫЕ ОСОБЕННОСТИ ИЛИ ОСОБЫЕ ПАТТЕРНЫ ПОВЕДЕНИЯ | КЛИНИЧЕСКАЯ ПСИХИАТРИЯ"	"Выраженные личностные особенности или особые паттерны поведения | Клиническая психиатрия"
"6D11.html"	"ru"	"мета-заголовок"	"ВЫРАЖЕННЫЕ ЛИЧНОСТНЫЕ ОСОБЕННОСТИ ИЛИ ОСОБЫЕ ПАТТЕРНЫ ПОВЕДЕНИЯ | КЛИНИЧЕСКАЯ ПСИХИАТРИЯ"	"Выраженные личностные особенности или особые паттерны поведения | Клиническая психиатрия"
"6D11.html"	"ru"	"мета-описание"	"Клиническая психиатрия — ВЫРАЖЕННЫЕ ЛИЧНОСТНЫЕ ОСОБЕННОСТИ ИЛИ ОСОБЫЕ ПАТТЕРНЫ ПОВЕДЕНИЯ"	"Клиническая психиатрия — Выраженные личностные особенности или особые паттерны поведения"
"6D11.html"	"ru"	"мета-описание"	"Клиническая психиатрия — ВЫРАЖЕННЫЕ ЛИЧНОСТНЫЕ ОСОБЕННОСТИ ИЛИ ОСОБЫЕ ПАТТЕРНЫ ПОВЕДЕНИЯ"	"Клиническая психиатрия — Выраженные личностные особенности или особые паттерны поведения"
"6D11.html"	"ru"	"подпись-заказа"	"клиническая психиатрия"	"Клиническая психиатрия"
"6D30.html"	"ru"	"мета-заголовок"	"ПАТОЛОГИЧЕСКИЙ ЭКСГИБИЦИОНИЗМ | КЛИНИЧЕСКАЯ ПСИХИАТРИЯ"	"Патологический эксгибиционизм | Клиническая психиатрия"
"6D30.html"	"ru"	"мета-заголовок"	"ПАТОЛОГИЧЕСКИЙ ЭКСГИБИЦИОНИЗМ | КЛИНИЧЕСКАЯ ПСИХИАТРИЯ"	"Патологический эксгибиционизм | Клиническая психиатрия"
"6D30.html"	"ru"	"мета-описание"	"Клиническая психиатрия — ЭКСГИБИЦИОНИЗМ"	"Клиническая психиатрия — Патологический эксгибиционизм"
"6D30.html"	"ru"	"мета-описание"	"Клиническая психиатрия — ЭКСГИБИЦИОНИЗМ"	"Клиническая психиатрия — Патологический эксгибиционизм"
"6D30.html"	"ru"	"подпись-заказа"	"клиническая психиатрия"	"Клиническая психиатрия"
"6D31.html"	"ru"	"мета-заголовок"	"ПАТОЛОГИЧЕСКИЙ ВУАЙЕРИЗМ | КЛИНИЧЕСКАЯ ПСИХИАТРИЯ"	"Патологический вуайеризм | Клиническая психиатрия"
"6D31.html"	"ru"	"мета-заголовок"	"ПАТОЛОГИЧЕСКИЙ ВУАЙЕРИЗМ | КЛИНИЧЕСКАЯ ПСИХИАТРИЯ"	"Патологический вуайеризм | Клиническая психиатрия"
"6D31.html"	"ru"	"мета-описание"	"Клиническая психиатрия — ВУАЙЕРИЗМ"	"Клиническая психиатрия — Патологический вуайеризм"
"6D31.html"	"ru"	"мета-описание"	"Клиническая психиатрия — ВУАЙЕРИЗМ"	"Клиническая психиатрия — Патологический вуайеризм"
"6D31.html"	"ru"	"подпись-заказа"	"клиническая психиатрия"	"Клиническая психиатрия"
"6D32.html"	"ru"	"мета-заголовок"	"ПЕДОФИЛЬНОЕ РАССТРОЙСТВО | КЛИНИЧЕСКАЯ ПСИХИАТРИЯ"	"Педофильное расстройство | Клиническая психиатрия"
"6D32.html"	"ru"	"мета-заголовок"	"ПЕДОФИЛЬНОЕ РАССТРОЙСТВО | КЛИНИЧЕСКАЯ ПСИХИАТРИЯ"	"Педофильное расстройство | Клиническая психиатрия"
"6D32.html"	"ru"	"мета-описание"	"Klinik Psixiatriya — ПЕДОФИЛЬНОЕ РАССТРОЙСТВО"	"Клиническая психиатрия — Педофильное расстройство"
"6D32.html"	"ru"	"мета-описание"	"Klinik Psixiatriya — ПЕДОФИЛЬНОЕ РАССТРОЙСТВО"	"Клиническая психиатрия — Педофильное расстройство"
"6D32.html"	"ru"	"подпись-заказа"	"клиническая психиатрия"	"Клиническая психиатрия"
"6D33.html"	"ru"	"мета-заголовок"	"ПАТОЛОГИЧЕСКИЙ ПРИНУДИТЕЛЬНЫЙ СЕКСУАЛЬНЫЙ САДИЗМ | КЛИНИЧЕСКАЯ ПСИХИАТРИЯ"	"Патологический принудительный сексуальный садизм | Клиническая психиатрия"
"6D33.html"	"ru"	"мета-заголовок"	"ПАТОЛОГИЧЕСКИЙ ПРИНУДИТЕЛЬНЫЙ СЕКСУАЛЬНЫЙ САДИЗМ | КЛИНИЧЕСКАЯ ПСИХИАТРИЯ"	"Патологический принудительный сексуальный садизм | Клиническая психиатрия"
"6D33.html"	"ru"	"мета-описание"	"Klinik Psixiatriya — САДИСТИЧЕСКОЕ СЕКСУАЛЬНОЕ РАССТРОЙСТВО"	"Клиническая психиатрия — Патологический принудительный сексуальный садизм"
"6D33.html"	"ru"	"мета-описание"	"Klinik Psixiatriya — САДИСТИЧЕСКОЕ СЕКСУАЛЬНОЕ РАССТРОЙСТВО"	"Клиническая психиатрия — Патологический принудительный сексуальный садизм"
"6D33.html"	"ru"	"подпись-заказа"	"клиническая психиатрия"	"Клиническая психиатрия"
"6D34.html"	"ru"	"мета-заголовок"	"ПАТОЛОГИЧЕСКИЙ ФРОТТЕРИЗМ | КЛИНИЧЕСКАЯ ПСИХИАТРИЯ"	"Патологический фроттеризм | Клиническая психиатрия"
"6D34.html"	"ru"	"мета-заголовок"	"ПАТОЛОГИЧЕСКИЙ ФРОТТЕРИЗМ | КЛИНИЧЕСКАЯ ПСИХИАТРИЯ"	"Патологический фроттеризм | Клиническая психиатрия"
"6D34.html"	"ru"	"мета-описание"	"Клиническая психиатрия — ФРОТТЕРИЗМ"	"Клиническая психиатрия — Патологический фроттеризм"
"6D34.html"	"ru"	"мета-описание"	"Клиническая психиатрия — ФРОТТЕРИЗМ"	"Клиническая психиатрия — Патологический фроттеризм"
"6D34.html"	"ru"	"подпись-заказа"	"клиническая психиатрия"	"Клиническая психиатрия"
"6D50.html"	"ru"	"мета-заголовок"	"ИМИТИРОВАННОЕ РАССТРОЙСТВО ПРИМЕНИТЕЛЬНО К СЕБЕ | КЛИНИЧЕСКАЯ ПСИХИАТРИЯ"	"Имитированное расстройство применительно к себе | Клиническая психиатрия"
"6D50.html"	"ru"	"мета-заголовок"	"ИМИТИРОВАННОЕ РАССТРОЙСТВО ПРИМЕНИТЕЛЬНО К СЕБЕ | КЛИНИЧЕСКАЯ ПСИХИАТРИЯ"	"Имитированное расстройство применительно к себе | Клиническая психиатрия"
"6D50.html"	"ru"	"мета-описание"	"Клиническая психиатрия — ФАКТИЦИОЗНОЕ РАССТРОЙСТВО, НАПРАВЛЕННОЕ НА СЕБЯ (СИНДРОМ МЮНХГАУЗЕНА)"	"Клиническая психиатрия — Имитированное расстройство применительно к себе"
"6D50.html"	"ru"	"мета-описание"	"Клиническая психиатрия — ФАКТИЦИОЗНОЕ РАССТРОЙСТВО, НАПРАВЛЕННОЕ НА СЕБЯ (СИНДРОМ МЮНХГАУЗЕНА)"	"Клиническая психиатрия — Имитированное расстройство применительно к себе"
"6D50.html"	"ru"	"подпись-заказа"	"клиническая психиатрия"	"Клиническая психиатрия"
"6D51.html"	"ru"	"мета-заголовок"	"ИМИТИРОВАННОЕ РАССТРОЙСТВО В ОТНОШЕНИИ ДРУГОГО ЛИЦА | КЛИНИЧЕСКАЯ ПСИХИАТРИЯ"	"Имитированное расстройство в отношении другого лица | Клиническая психиатрия"
"6D51.html"	"ru"	"мета-заголовок"	"ИМИТИРОВАННОЕ РАССТРОЙСТВО В ОТНОШЕНИИ ДРУГОГО ЛИЦА | КЛИНИЧЕСКАЯ ПСИХИАТРИЯ"	"Имитированное расстройство в отношении другого лица | Клиническая психиатрия"
"6D51.html"	"ru"	"мета-описание"	"Клиническая психиатрия — ФАКТИТИВНОЕ РАССТРОЙСТВО, НАЛОЖЕННОЕ НА ДРУГОГО (СИНДРОМ МЮНХГАУЗЕНА ПО ПРОКСИ)"	"Клиническая психиатрия — Имитированное расстройство в отношении другого лица"
"6D51.html"	"ru"	"мета-описание"	"Клиническая психиатрия — ФАКТИТИВНОЕ РАССТРОЙСТВО, НАЛОЖЕННОЕ НА ДРУГОГО (СИНДРОМ МЮНХГАУЗЕНА ПО ПРОКСИ)"	"Клиническая психиатрия — Имитированное расстройство в отношении другого лица"
"6D51.html"	"ru"	"подпись-заказа"	"клиническая психиатрия"	"Клиническая психиатрия"
"6D70.html"	"ru"	"мета-заголовок"	"ДЕЛИРИЙ | КЛИНИЧЕСКАЯ ПСИХИАТРИЯ"	"Делирий | Клиническая психиатрия"
"6D70.html"	"ru"	"мета-заголовок"	"ДЕЛИРИЙ | КЛИНИЧЕСКАЯ ПСИХИАТРИЯ"	"Делирий | Клиническая психиатрия"
"6D70.html"	"ru"	"мета-описание"	"Клиническая психиатрия — ДЕЛИРИЙ"	"Клиническая психиатрия — Делирий"
"6D70.html"	"ru"	"мета-описание"	"Клиническая психиатрия — ДЕЛИРИЙ"	"Клиническая психиатрия — Делирий"
"6D70.html"	"ru"	"подпись-заказа"	"клиническая психиатрия"	"Клиническая психиатрия"
"6D71.html"	"ru"	"мета-заголовок"	"ЛЁГКОЕ НЕЙРОКОГНИТИВНОЕ РАССТРОЙСТВО (MCI) | КЛИНИЧЕСКАЯ ПСИХИАТРИЯ"	"Легкое нейрокогнитивное расстройство (MCI) | Клиническая психиатрия"
"6D71.html"	"ru"	"мета-заголовок"	"ЛЁГКОЕ НЕЙРОКОГНИТИВНОЕ РАССТРОЙСТВО (MCI) | КЛИНИЧЕСКАЯ ПСИХИАТРИЯ"	"Легкое нейрокогнитивное расстройство (MCI) | Клиническая психиатрия"
"6D71.html"	"ru"	"мета-описание"	"Клиническая психиатрия — ЛЕГКОЕ НЕЙРОКОГНИТИВНОЕ РАССТРОЙСТВО (MCI)"	"Клиническая психиатрия — Легкое нейрокогнитивное расстройство (MCI)"
"6D71.html"	"ru"	"мета-описание"	"Клиническая психиатрия — ЛЕГКОЕ НЕЙРОКОГНИТИВНОЕ РАССТРОЙСТВО (MCI)"	"Клиническая психиатрия — Легкое нейрокогнитивное расстройство (MCI)"
"6D71.html"	"ru"	"подпись-заказа"	"клиническая психиатрия"	"Клиническая психиатрия"
"6D72.html"	"ru"	"мета-заголовок"	"АМНЕСТИЧЕСКОЕ РАССТРОЙСТВО | КЛИНИЧЕСКАЯ ПСИХИАТРИЯ"	"Амнестическое расстройство | Клиническая психиатрия"
"6D72.html"	"ru"	"мета-заголовок"	"АМНЕСТИЧЕСКОЕ РАССТРОЙСТВО | КЛИНИЧЕСКАЯ ПСИХИАТРИЯ"	"Амнестическое расстройство | Клиническая психиатрия"
"6D72.html"	"ru"	"мета-описание"	"Клиническая психиатрия — АМНЕСТИЧЕСКОЕ РАССТРОЙСТВО"	"Клиническая психиатрия — Амнестическое расстройство"
"6D72.html"	"ru"	"мета-описание"	"Клиническая психиатрия — АМНЕСТИЧЕСКОЕ РАССТРОЙСТВО"	"Клиническая психиатрия — Амнестическое расстройство"
"6D72.html"	"ru"	"подпись-заказа"	"клиническая психиатрия"	"Клиническая психиатрия"
"6D80.html"	"ru"	"мета-заголовок"	"ДЕМЕНЦИЯ ВСЛЕДСТВИЕ БОЛЕЗНИ АЛЬЦГЕЙМЕРА | КЛИНИЧЕСКАЯ ПСИХИАТРИЯ"	"Деменция вследствие болезни альцгеймера | Клиническая психиатрия"
"6D80.html"	"ru"	"мета-заголовок"	"ДЕМЕНЦИЯ ВСЛЕДСТВИЕ БОЛЕЗНИ АЛЬЦГЕЙМЕРА | КЛИНИЧЕСКАЯ ПСИХИАТРИЯ"	"Деменция вследствие болезни альцгеймера | Клиническая психиатрия"
"6D80.html"	"ru"	"мета-описание"	"Клиническая психиатрия — ДЕМЕНЦИЯ ВСЛЕДСТВИЕ БОЛЕЗНИ АЛЬЦГЕЙМЕРА"	"Клиническая психиатрия — Деменция вследствие болезни альцгеймера"
"6D80.html"	"ru"	"мета-описание"	"Клиническая психиатрия — ДЕМЕНЦИЯ ВСЛЕДСТВИЕ БОЛЕЗНИ АЛЬЦГЕЙМЕРА"	"Клиническая психиатрия — Деменция вследствие болезни альцгеймера"
"6D80.html"	"ru"	"подпись-заказа"	"клиническая психиатрия"	"Клиническая психиатрия"
"6D81.html"	"ru"	"мета-заголовок"	"ДЕМЕНЦИЯ ВСЛЕДСТВИЕ ЦЕРЕБРОВАСКУЛЯРНОГО ЗАБОЛЕВАНИЯ | КЛИНИЧЕСКАЯ ПСИХИАТРИЯ"	"Деменция вследствие цереброваскулярного заболевания | Клиническая психиатрия"
"6D81.html"	"ru"	"мета-заголовок"	"ДЕМЕНЦИЯ ВСЛЕДСТВИЕ ЦЕРЕБРОВАСКУЛЯРНОГО ЗАБОЛЕВАНИЯ | КЛИНИЧЕСКАЯ ПСИХИАТРИЯ"	"Деменция вследствие цереброваскулярного заболевания | Клиническая психиатрия"
"6D81.html"	"ru"	"мета-описание"	"Клиническая психиатрия — СОСУДИСТАЯ ДЕМЕНЦИЯ"	"Клиническая психиатрия — Деменция вследствие цереброваскулярного заболевания"
"6D81.html"	"ru"	"мета-описание"	"Клиническая психиатрия — СОСУДИСТАЯ ДЕМЕНЦИЯ"	"Клиническая психиатрия — Деменция вследствие цереброваскулярного заболевания"
"6D81.html"	"ru"	"подпись-заказа"	"клиническая психиатрия"	"Клиническая психиатрия"
"6D82.html"	"ru"	"мета-заголовок"	"ДЕМЕНЦИЯ ВСЛЕДСТВИЕ БОЛЕЗНИ С ТЕЛЬЦАМИ ЛЕВИ (DLB) | КЛИНИЧЕСКАЯ ПСИХИАТРИЯ"	"Деменция вследствие болезни с тельцами леви (DLB) | Клиническая психиатрия"
"6D82.html"	"ru"	"мета-заголовок"	"ДЕМЕНЦИЯ ВСЛЕДСТВИЕ БОЛЕЗНИ С ТЕЛЬЦАМИ ЛЕВИ (DLB) | КЛИНИЧЕСКАЯ ПСИХИАТРИЯ"	"Деменция вследствие болезни с тельцами леви (DLB) | Клиническая психиатрия"
"6D82.html"	"ru"	"мета-описание"	"Klinik Psixiatriya — ДЕМЕНЦИЯ С ТЕЛЬЦАМИ ЛЕВИ (DLB)"	"Клиническая психиатрия — Деменция вследствие болезни с тельцами леви (DLB)"
"6D82.html"	"ru"	"мета-описание"	"Klinik Psixiatriya — ДЕМЕНЦИЯ С ТЕЛЬЦАМИ ЛЕВИ (DLB)"	"Клиническая психиатрия — Деменция вследствие болезни с тельцами леви (DLB)"
"6D82.html"	"ru"	"подпись-заказа"	"клиническая психиатрия"	"Клиническая психиатрия"
"6D83.html"	"ru"	"мета-заголовок"	"ЛОБНО-ВИСОЧНАЯ ДЕМЕНЦИЯ (FTD) | КЛИНИЧЕСКАЯ ПСИХИАТРИЯ"	"Лобно-височная деменция (ЛВД) | Клиническая психиатрия"
"6D83.html"	"ru"	"мета-заголовок"	"ЛОБНО-ВИСОЧНАЯ ДЕМЕНЦИЯ (FTD) | КЛИНИЧЕСКАЯ ПСИХИАТРИЯ"	"Лобно-височная деменция (ЛВД) | Клиническая психиатрия"
"6D83.html"	"ru"	"мета-описание"	"Клиническая психиатрия — ЛОБНО-ВИСОЧНАЯ ДЕМЕНЦИЯ (FTD)"	"Клиническая психиатрия — Лобно-височная деменция (ЛВД)"
"6D83.html"	"ru"	"мета-описание"	"Клиническая психиатрия — ЛОБНО-ВИСОЧНАЯ ДЕМЕНЦИЯ (FTD)"	"Клиническая психиатрия — Лобно-височная деменция (ЛВД)"
"6D83.html"	"ru"	"подпись-заказа"	"клиническая психиатрия"	"Клиническая психиатрия"
"6E20.html"	"ru"	"мета-заголовок"	"Без психоза — ПСИХИЧЕСКИЕ И ПОВЕДЕНЧЕСКИЕ РАССТРОЙСТВА, СВЯЗАННЫЕ С БЕРЕМЕННОСТЬЮ, РОДАМИ ИЛИ ПОСЛЕРОДОВЫМ ПЕРИОДОМ, БЕЗ ПСИХОТИЧЕСКИХ СИМПТОМОВ | КЛИНИЧЕСКА..."	"Без психоза — Психические и поведенческие расстройства, связанные с беременностью, родами или послеродовым периодом, без психотических симптомов | Клиническа..."
"6E20.html"	"ru"	"мета-заголовок"	"Без психоза — ПСИХИЧЕСКИЕ И ПОВЕДЕНЧЕСКИЕ РАССТРОЙСТВА, СВЯЗАННЫЕ С БЕРЕМЕННОСТЬЮ, РОДАМИ ИЛИ ПОСЛЕРОДОВЫМ ПЕРИОДОМ, БЕЗ ПСИХОТИЧЕСКИХ СИМПТОМОВ | КЛИНИЧЕСКА..."	"Без психоза — Психические и поведенческие расстройства, связанные с беременностью, родами или послеродовым периодом, без психотических симптомов | Клиническа..."
"6E20.html"	"ru"	"мета-описание"	"Klinik Psixiatriya — ПОСЛЕРОДОВАЯ ДЕПРЕССИЯ"	"Клиническая психиатрия — Без психоза — Психические и поведенческие расстройства, связанные с беременностью, родами или послеродовым периодом, без психотическ..."
"6E20.html"	"ru"	"мета-описание"	"Klinik Psixiatriya — ПОСЛЕРОДОВАЯ ДЕПРЕССИЯ"	"Клиническая психиатрия — Без психоза — Психические и поведенческие расстройства, связанные с беременностью, родами или послеродовым периодом, без психотическ..."
"6E20.html"	"ru"	"подпись-заказа"	"клиническая психиатрия"	"Клиническая психиатрия"
"6E21.html"	"ru"	"мета-заголовок"	"С психозом — ПСИХИЧЕСКИЕ ИЛИ ПОВЕДЕНЧЕСКИЕ РАССТРОЙСТВА СВЯЗАННЫЕ С БЕРЕМЕННОСТЬЮ, РОДАМИ ИЛИ ПОСЛЕРОДОВЫМ ПЕРИОДОМ, С ПСИХОТИЧЕСКИМИ СИМПТОМАМИ | КЛИНИЧЕСКА..."	"С психозом — Психические или поведенческие расстройства связанные с беременностью, родами или послеродовым периодом, с психотическими симптомами | Клиническа..."
"6E21.html"	"ru"	"мета-заголовок"	"С психозом — ПСИХИЧЕСКИЕ ИЛИ ПОВЕДЕНЧЕСКИЕ РАССТРОЙСТВА СВЯЗАННЫЕ С БЕРЕМЕННОСТЬЮ, РОДАМИ ИЛИ ПОСЛЕРОДОВЫМ ПЕРИОДОМ, С ПСИХОТИЧЕСКИМИ СИМПТОМАМИ | КЛИНИЧЕСКА..."	"С психозом — Психические или поведенческие расстройства связанные с беременностью, родами или послеродовым периодом, с психотическими симптомами | Клиническа..."
"6E21.html"	"ru"	"мета-описание"	"Klinik Psixiatriya — ПОСЛЕРОДОВОЙ ПСИХОЗ"	"Клиническая психиатрия — С психозом — Психические или поведенческие расстройства связанные с беременностью, родами или послеродовым периодом, с психотическим..."
"6E21.html"	"ru"	"мета-описание"	"Klinik Psixiatriya — ПОСЛЕРОДОВОЙ ПСИХОЗ"	"Клиническая психиатрия — С психозом — Психические или поведенческие расстройства связанные с беременностью, родами или послеродовым периодом, с психотическим..."
"6E21.html"	"ru"	"подпись-заказа"	"клиническая психиатрия"	"Клиническая психиатрия"
"6E40.html"	"ru"	"мета-заголовок"	"ПСИХОЛОГИЧЕСКИЕ И ПОВЕДЕНЧЕСКИЕ ФАКТОРЫ, ВЛИЯЮЩИЕ НА РАЗВИТИЕ РАССТРОЙСТВ ИЛИ ЗАБОЛЕВАНИЙ, КЛАССИФИЦИРОВАННЫХ В ДРУГИХ РАЗДЕЛАХ | КЛИНИЧЕСКАЯ ПСИХИАТРИЯ"	"Психологические и поведенческие факторы, влияющие на развитие расстройств или заболеваний, классифицированных в других разделах | Клиническая психиатрия"
"6E40.html"	"ru"	"мета-заголовок"	"ПСИХОЛОГИЧЕСКИЕ И ПОВЕДЕНЧЕСКИЕ ФАКТОРЫ, ВЛИЯЮЩИЕ НА РАЗВИТИЕ РАССТРОЙСТВ ИЛИ ЗАБОЛЕВАНИЙ, КЛАССИФИЦИРОВАННЫХ В ДРУГИХ РАЗДЕЛАХ | КЛИНИЧЕСКАЯ ПСИХИАТРИЯ"	"Психологические и поведенческие факторы, влияющие на развитие расстройств или заболеваний, классифицированных в других разделах | Клиническая психиатрия"
"6E40.html"	"ru"	"мета-описание"	"Клиническая психиатрия — ПСИХОЛОГИЧЕСКИЕ ФАКТОРЫ, ВЛИЯЮЩИЕ НА ДРУГИЕ ЗАБОЛЕВАНИЯ"	"Клиническая психиатрия — Психологические и поведенческие факторы, влияющие на развитие расстройств или заболеваний, классифицированных в других разделах"
"6E40.html"	"ru"	"мета-описание"	"Клиническая психиатрия — ПСИХОЛОГИЧЕСКИЕ ФАКТОРЫ, ВЛИЯЮЩИЕ НА ДРУГИЕ ЗАБОЛЕВАНИЯ"	"Клиническая психиатрия — Психологические и поведенческие факторы, влияющие на развитие расстройств или заболеваний, классифицированных в других разделах"
"6E40.html"	"ru"	"подпись-заказа"	"клиническая психиатрия"	"Клиническая психиатрия"
"6E61.html"	"ru"	"мета-заголовок"	"ВТОРИЧНЫЙ ПСИХОТИЧЕСКИЙ СИНДРОМ | КЛИНИЧЕСКАЯ ПСИХИАТРИЯ"	"Вторичный психотический синдром | Клиническая психиатрия"
"6E61.html"	"ru"	"мета-заголовок"	"ВТОРИЧНЫЙ ПСИХОТИЧЕСКИЙ СИНДРОМ | КЛИНИЧЕСКАЯ ПСИХИАТРИЯ"	"Вторичный психотический синдром | Клиническая психиатрия"
"6E61.html"	"ru"	"мета-описание"	"Клиническая психиатрия — ВТОРИЧНЫЙ ПСИХОТИЧЕСКИЙ СИНДРОМ"	"Клиническая психиатрия — Вторичный психотический синдром"
"6E61.html"	"ru"	"мета-описание"	"Клиническая психиатрия — ВТОРИЧНЫЙ ПСИХОТИЧЕСКИЙ СИНДРОМ"	"Клиническая психиатрия — Вторичный психотический синдром"
"6E61.html"	"ru"	"подпись-заказа"	"клиническая психиатрия"	"Клиническая психиатрия"
"6E62.html"	"ru"	"мета-заголовок"	"ВТОРИЧНЫЙ АФФЕКТИВНЫЙ СИНДРОМ | КЛИНИЧЕСКАЯ ПСИХИАТРИЯ"	"Вторичный аффективный синдром | Клиническая психиатрия"
"6E62.html"	"ru"	"мета-заголовок"	"ВТОРИЧНЫЙ АФФЕКТИВНЫЙ СИНДРОМ | КЛИНИЧЕСКАЯ ПСИХИАТРИЯ"	"Вторичный аффективный синдром | Клиническая психиатрия"
"6E62.html"	"ru"	"мета-описание"	"Клиническая психиатрия — ВТОРИЧНЫЙ АФФЕКТИВНЫЙ СИНДРОМ"	"Клиническая психиатрия — Вторичный аффективный синдром"
"6E62.html"	"ru"	"мета-описание"	"Клиническая психиатрия — ВТОРИЧНЫЙ АФФЕКТИВНЫЙ СИНДРОМ"	"Клиническая психиатрия — Вторичный аффективный синдром"
"6E62.html"	"ru"	"подпись-заказа"	"клиническая психиатрия"	"Клиническая психиатрия"
"6E63.html"	"ru"	"мета-заголовок"	"ВТОРИЧНЫЙ ТРЕВОЖНЫЙ СИНДРОМ | КЛИНИЧЕСКАЯ ПСИХИАТРИЯ"	"Вторичный тревожный синдром | Клиническая психиатрия"
"6E63.html"	"ru"	"мета-заголовок"	"ВТОРИЧНЫЙ ТРЕВОЖНЫЙ СИНДРОМ | КЛИНИЧЕСКАЯ ПСИХИАТРИЯ"	"Вторичный тревожный синдром | Клиническая психиатрия"
"6E63.html"	"ru"	"мета-описание"	"Клиническая психиатрия — ВТОРИЧНЫЙ СИНДРОМ ТРЕВОГИ"	"Клиническая психиатрия — Вторичный тревожный синдром"
"6E63.html"	"ru"	"мета-описание"	"Клиническая психиатрия — ВТОРИЧНЫЙ СИНДРОМ ТРЕВОГИ"	"Клиническая психиатрия — Вторичный тревожный синдром"
"6E63.html"	"ru"	"подпись-заказа"	"клиническая психиатрия"	"Клиническая психиатрия"
"7A00.html"	"ru"	"мета-заголовок"	"ХРОНИЧЕСКАЯ ИНСОМНИЯ | КЛИНИЧЕСКАЯ ПСИХИАТРИЯ"	"Хроническая инсомния | Клиническая психиатрия"
"7A00.html"	"ru"	"мета-заголовок"	"ХРОНИЧЕСКАЯ ИНСОМНИЯ | КЛИНИЧЕСКАЯ ПСИХИАТРИЯ"	"Хроническая инсомния | Клиническая психиатрия"
"7A00.html"	"ru"	"мета-описание"	"Клиническая психиатрия — ИНСОМНИЯ"	"Клиническая психиатрия — Хроническая инсомния"
"7A00.html"	"ru"	"мета-описание"	"Клиническая психиатрия — ИНСОМНИЯ"	"Клиническая психиатрия — Хроническая инсомния"
"7A00.html"	"ru"	"подпись-заказа"	"клиническая психиатрия"	"Клиническая психиатрия"
"7A20.html"	"ru"	"мета-заголовок"	"НАРКОЛЕПСИЯ | КЛИНИЧЕСКАЯ ПСИХИАТРИЯ"	"Нарколепсия | Клиническая психиатрия"
"7A20.html"	"ru"	"мета-заголовок"	"НАРКОЛЕПСИЯ | КЛИНИЧЕСКАЯ ПСИХИАТРИЯ"	"Нарколепсия | Клиническая психиатрия"
"7A20.html"	"ru"	"мета-описание"	"Klinik Psixiatriya — НАРКОЛЕПСИЯ"	"Клиническая психиатрия — Нарколепсия"
"7A20.html"	"ru"	"мета-описание"	"Klinik Psixiatriya — НАРКОЛЕПСИЯ"	"Клиническая психиатрия — Нарколепсия"
"7A20.html"	"ru"	"подпись-заказа"	"клиническая психиатрия"	"Клиническая психиатрия"
"7A21.html"	"ru"	"мета-заголовок"	"ГИПЕРСОМНИЯ | КЛИНИЧЕСКАЯ ПСИХИАТРИЯ"	"Гиперсомния | Клиническая психиатрия"
"7A21.html"	"ru"	"мета-заголовок"	"ГИПЕРСОМНИЯ | КЛИНИЧЕСКАЯ ПСИХИАТРИЯ"	"Гиперсомния | Клиническая психиатрия"
"7A21.html"	"ru"	"мета-описание"	"Клиническая психиатрия — ГИПЕРСОМНИЯ"	"Клиническая психиатрия — Гиперсомния"
"7A21.html"	"ru"	"мета-описание"	"Клиническая психиатрия — ГИПЕРСОМНИЯ"	"Клиническая психиатрия — Гиперсомния"
"7A21.html"	"ru"	"подпись-заказа"	"клиническая психиатрия"	"Клиническая психиатрия"
"7A41.html"	"ru"	"мета-заголовок"	"ОБСТРУКТИВНОЕ АПНОЭ ВО СНЕ (OSA) | КЛИНИЧЕСКАЯ ПСИХИАТРИЯ"	"Обструктивное апноэ во сне (OSA) | Клиническая психиатрия"
"7A41.html"	"ru"	"мета-заголовок"	"ОБСТРУКТИВНОЕ АПНОЭ ВО СНЕ (OSA) | КЛИНИЧЕСКАЯ ПСИХИАТРИЯ"	"Обструктивное апноэ во сне (OSA) | Клиническая психиатрия"
"7A41.html"	"ru"	"мета-описание"	"Klinik Psixiatriya — ОБСТРУКТИВНОЕ АПНОЭ СНА (ОАС)"	"Клиническая психиатрия — Обструктивное апноэ во сне (OSA)"
"7A41.html"	"ru"	"мета-описание"	"Klinik Psixiatriya — ОБСТРУКТИВНОЕ АПНОЭ СНА (ОАС)"	"Клиническая психиатрия — Обструктивное апноэ во сне (OSA)"
"7A41.html"	"ru"	"подпись-заказа"	"клиническая психиатрия"	"Клиническая психиатрия"
"7A60.html"	"ru"	"мета-заголовок"	"РАССТРОЙСТВА ЦИРКАДНОГО РИТМА СНА-БОДРСТВОВАНИЯ | КЛИНИЧЕСКАЯ ПСИХИАТРИЯ"	"Расстройства циркадного ритма сна-бодрствования | Клиническая психиатрия"
"7A60.html"	"ru"	"мета-заголовок"	"РАССТРОЙСТВА ЦИРКАДНОГО РИТМА СНА-БОДРСТВОВАНИЯ | КЛИНИЧЕСКАЯ ПСИХИАТРИЯ"	"Расстройства циркадного ритма сна-бодрствования | Клиническая психиатрия"
"7A60.html"	"ru"	"мета-описание"	"Klinik Psixiatriya — РАССТРОЙСТВА ЦИРКАДНОГО РИТМА СНА-БОДРСТВОВАНИЯ"	"Клиническая психиатрия — Расстройства циркадного ритма сна-бодрствования"
"7A60.html"	"ru"	"мета-описание"	"Klinik Psixiatriya — РАССТРОЙСТВА ЦИРКАДНОГО РИТМА СНА-БОДРСТВОВАНИЯ"	"Клиническая психиатрия — Расстройства циркадного ритма сна-бодрствования"
"7A60.html"	"ru"	"подпись-заказа"	"клиническая психиатрия"	"Клиническая психиатрия"
"8A05.html"	"ru"	"мета-заголовок"	"ПЕРВИЧНЫЕ ТИКИ ИЛИ ТИКОЗНЫЕ РАССТРОЙСТВА | КЛИНИЧЕСКАЯ ПСИХИАТРИЯ"	"Первичные тики или тикозные расстройства | Клиническая психиатрия"
"8A05.html"	"ru"	"мета-заголовок"	"ПЕРВИЧНЫЕ ТИКИ ИЛИ ТИКОЗНЫЕ РАССТРОЙСТВА | КЛИНИЧЕСКАЯ ПСИХИАТРИЯ"	"Первичные тики или тикозные расстройства | Клиническая психиатрия"
"8A05.html"	"ru"	"мета-описание"	"Клиническая психиатрия — ТИКОВЫЕ РАССТРОЙСТВА (СИНДРОМ ТУРЕТТА)"	"Клиническая психиатрия — Первичные тики или тикозные расстройства"
"8A05.html"	"ru"	"мета-описание"	"Клиническая психиатрия — ТИКОВЫЕ РАССТРОЙСТВА (СИНДРОМ ТУРЕТТА)"	"Клиническая психиатрия — Первичные тики или тикозные расстройства"
"8A05.html"	"ru"	"подпись-заказа"	"клиническая психиатрия"	"Клиническая психиатрия"
"GA34.html"	"ru"	"мета-заголовок"	"ПРЕДМЕНСТРУАЛЬНОЕ ДИСФОРИЧЕСКОЕ РАССТРОЙСТВО (PMDD) | КЛИНИЧЕСКАЯ ПСИХИАТРИЯ"	"Предменструальное дисфорическое расстройство (ПМДР) | Клиническая психиатрия"
"GA34.html"	"ru"	"мета-заголовок"	"ПРЕДМЕНСТРУАЛЬНОЕ ДИСФОРИЧЕСКОЕ РАССТРОЙСТВО (PMDD) | КЛИНИЧЕСКАЯ ПСИХИАТРИЯ"	"Предменструальное дисфорическое расстройство (ПМДР) | Клиническая психиатрия"
"GA34.html"	"ru"	"мета-описание"	"Klinik Psixiatriya — ПРЕДМЕНСТРУАЛЬНОЕ ДИСФОРИЧЕСКОЕ РАССТРОЙСТВО (ПМДР)"	"Клиническая психиатрия — Предменструальное дисфорическое расстройство (ПМДР)"
"GA34.html"	"ru"	"мета-описание"	"Klinik Psixiatriya — ПРЕДМЕНСТРУАЛЬНОЕ ДИСФОРИЧЕСКОЕ РАССТРОЙСТВО (ПМДР)"	"Клиническая психиатрия — Предменструальное дисфорическое расстройство (ПМДР)"
"GA34.html"	"ru"	"подпись-заказа"	"клиническая психиатрия"	"Клиническая психиатрия"
"HA00.html"	"ru"	"мета-заголовок"	"СНИЖЕНИЕ СЕКСУАЛЬНОГО ЖЕЛАНИЯ (HSDD) | КЛИНИЧЕСКАЯ ПСИХИАТРИЯ"	"Снижение сексуального желания (HSDD) | Клиническая психиатрия"
"HA00.html"	"ru"	"мета-заголовок"	"СНИЖЕНИЕ СЕКСУАЛЬНОГО ЖЕЛАНИЯ (HSDD) | КЛИНИЧЕСКАЯ ПСИХИАТРИЯ"	"Снижение сексуального желания (HSDD) | Клиническая психиатрия"
"HA00.html"	"ru"	"мета-описание"	"Клиническая психиатрия — РАССТРОЙСТВО ГИПОАКТИВНОГО СЕКСУАЛЬНОГО ВЛЕЧЕНИЯ (ГСВ)"	"Клиническая психиатрия — Снижение сексуального желания (HSDD)"
"HA00.html"	"ru"	"мета-описание"	"Клиническая психиатрия — РАССТРОЙСТВО ГИПОАКТИВНОГО СЕКСУАЛЬНОГО ВЛЕЧЕНИЯ (ГСВ)"	"Клиническая психиатрия — Снижение сексуального желания (HSDD)"
"HA00.html"	"ru"	"подпись-заказа"	"клиническая психиатрия"	"Клиническая психиатрия"
"HA01.html"	"ru"	"мета-заголовок"	"ЭРЕКТИЛЬНАЯ ДИСФУНКЦИЯ У МУЖЧИН (ED) | КЛИНИЧЕСКАЯ ПСИХИАТРИЯ"	"Эректильная дисфункция у мужчин (ED) | Клиническая психиатрия"
"HA01.html"	"ru"	"мета-заголовок"	"ЭРЕКТИЛЬНАЯ ДИСФУНКЦИЯ У МУЖЧИН (ED) | КЛИНИЧЕСКАЯ ПСИХИАТРИЯ"	"Эректильная дисфункция у мужчин (ED) | Клиническая психиатрия"
"HA01.html"	"ru"	"мета-описание"	"Клиническая психиатрия — ЭРЕКТИЛЬНАЯ ДИСФУНКЦИЯ (ЭД)"	"Клиническая психиатрия — Эректильная дисфункция у мужчин (ED)"
"HA01.html"	"ru"	"мета-описание"	"Клиническая психиатрия — ЭРЕКТИЛЬНАЯ ДИСФУНКЦИЯ (ЭД)"	"Клиническая психиатрия — Эректильная дисфункция у мужчин (ED)"
"HA01.html"	"ru"	"подпись-заказа"	"клиническая психиатрия"	"Клиническая психиатрия"
"HA02.html"	"ru"	"мета-заголовок"	"АНОРГАЗМИЯ | КЛИНИЧЕСКАЯ ПСИХИАТРИЯ"	"Аноргазмия | Клиническая психиатрия"
"HA02.html"	"ru"	"мета-заголовок"	"АНОРГАЗМИЯ | КЛИНИЧЕСКАЯ ПСИХИАТРИЯ"	"Аноргазмия | Клиническая психиатрия"
"HA02.html"	"ru"	"мета-описание"	"Клиническая психиатрия — АНОРГАЗМИЯ"	"Клиническая психиатрия — Аноргазмия"
"HA02.html"	"ru"	"мета-описание"	"Клиническая психиатрия — АНОРГАЗМИЯ"	"Клиническая психиатрия — Аноргазмия"
"HA02.html"	"ru"	"подпись-заказа"	"клиническая психиатрия"	"Клиническая психиатрия"
"HA03.html"	"ru"	"мета-заголовок"	"ПРЕЖДЕВРЕМЕННАЯ ЭЯКУЛЯЦИЯ У МУЖЧИН (PE) | КЛИНИЧЕСКАЯ ПСИХИАТРИЯ"	"Преждевременная эякуляция у мужчин (PE) | Клиническая психиатрия"
"HA03.html"	"ru"	"мета-заголовок"	"ПРЕЖДЕВРЕМЕННАЯ ЭЯКУЛЯЦИЯ У МУЖЧИН (PE) | КЛИНИЧЕСКАЯ ПСИХИАТРИЯ"	"Преждевременная эякуляция у мужчин (PE) | Клиническая психиатрия"
"HA03.html"	"ru"	"мета-описание"	"Клиническая психиатрия — ПРЕЖДЕВРЕМЕННАЯ ЭЯКУЛЯЦИЯ (ПЭ)"	"Клиническая психиатрия — Преждевременная эякуляция у мужчин (PE)"
"HA03.html"	"ru"	"мета-описание"	"Клиническая психиатрия — ПРЕЖДЕВРЕМЕННАЯ ЭЯКУЛЯЦИЯ (ПЭ)"	"Клиническая психиатрия — Преждевременная эякуляция у мужчин (PE)"
"HA03.html"	"ru"	"подпись-заказа"	"клиническая психиатрия"	"Клиническая психиатрия"
"HA20.html"	"ru"	"мета-заголовок"	"СЕКСУАЛЬНОЕ РАССТРОЙСТВО БОЛЕЗНЕННОЙ ПЕНЕТРАЦИИ (ВАГИНИЗМ) | КЛИНИЧЕСКАЯ ПСИХИАТРИЯ"	"Сексуальное расстройство болезненной пенетрации (вагинизм) | Клиническая психиатрия"
"HA20.html"	"ru"	"мета-заголовок"	"СЕКСУАЛЬНОЕ РАССТРОЙСТВО БОЛЕЗНЕННОЙ ПЕНЕТРАЦИИ (ВАГИНИЗМ) | КЛИНИЧЕСКАЯ ПСИХИАТРИЯ"	"Сексуальное расстройство болезненной пенетрации (вагинизм) | Клиническая психиатрия"
"HA20.html"	"ru"	"мета-описание"	"Клиническая психиатрия — ГЕНИТО-ТАЗОВАЯ БОЛЬ / РАССТРОЙСТВО ПЕНЕТРАЦИИ (ВАГИНИЗМ)"	"Клиническая психиатрия — Сексуальное расстройство болезненной пенетрации (вагинизм)"
"HA20.html"	"ru"	"мета-описание"	"Клиническая психиатрия — ГЕНИТО-ТАЗОВАЯ БОЛЬ / РАССТРОЙСТВО ПЕНЕТРАЦИИ (ВАГИНИЗМ)"	"Клиническая психиатрия — Сексуальное расстройство болезненной пенетрации (вагинизм)"
"HA20.html"	"ru"	"подпись-заказа"	"клиническая психиатрия"	"Клиническая психиатрия"
"HA40.html"	"ru"	"мета-заголовок"	"ЭТИОЛОГИЧЕСКИЕ СООБРАЖЕНИЯ ПО ПОВОДУ СЕКСУАЛЬНЫХ ДИСФУНКЦИЙ И СЕКСУАЛЬНЫХ БОЛЕВЫХ РАССТРОЙСТВ. | КЛИНИЧЕСКАЯ ПСИХИАТРИЯ"	"Этиологические соображения по поводу сексуальных дисфункций и сексуальных болевых расстройств. | Клиническая психиатрия"
"HA40.html"	"ru"	"мета-заголовок"	"ЭТИОЛОГИЧЕСКИЕ СООБРАЖЕНИЯ ПО ПОВОДУ СЕКСУАЛЬНЫХ ДИСФУНКЦИЙ И СЕКСУАЛЬНЫХ БОЛЕВЫХ РАССТРОЙСТВ. | КЛИНИЧЕСКАЯ ПСИХИАТРИЯ"	"Этиологические соображения по поводу сексуальных дисфункций и сексуальных болевых расстройств. | Клиническая психиатрия"
"HA40.html"	"ru"	"мета-описание"	"Клиническая психиатрия — СЕКСУАЛЬНЫЕ ДИСФУНКЦИИ, СВЯЗАННЫЕ С ДРУГИМ ЗАБОЛЕВАНИЕМ ИЛИ РАССТРОЙСТВОМ"	"Клиническая психиатрия — Этиологические соображения по поводу сексуальных дисфункций и сексуальных болевых расстройств."
"HA40.html"	"ru"	"мета-описание"	"Клиническая психиатрия — СЕКСУАЛЬНЫЕ ДИСФУНКЦИИ, СВЯЗАННЫЕ С ДРУГИМ ЗАБОЛЕВАНИЕМ ИЛИ РАССТРОЙСТВОМ"	"Клиническая психиатрия — Этиологические соображения по поводу сексуальных дисфункций и сексуальных болевых расстройств."
"HA40.html"	"ru"	"подпись-заказа"	"клиническая психиатрия"	"Клиническая психиатрия"
"abbreviatur.html"	"ru"	"мета-заголовок"	"ТЕРМИНОЛОГИЧЕСКИЙ СЛОВАРЬ | КЛИНИЧЕСКАЯ ПСИХИАТРИЯ"	"Терминологический словарь | Клиническая психиатрия"
"abbreviatur.html"	"ru"	"мета-заголовок"	"ТЕРМИНОЛОГИЧЕСКИЙ СЛОВАРЬ | КЛИНИЧЕСКАЯ ПСИХИАТРИЯ"	"Терминологический словарь | Клиническая психиатрия"
"abbreviatur.html"	"ru"	"подпись-заказа"	"клиническая психиатрия"	"Клиническая психиатрия"
"abbreviatur.html"	"ru"	"аббревиатура"	"ОБСЕССИВНО-КОМПУЛЬСИВНЫЕ (окр)"	"ОБСЕССИВНО-КОМПУЛЬСИВНЫЕ (ОКР)"
"abbreviatur.html"	"ru"	"пункт-меню"	"спектр шизофрении"	"Спектр шизофрении"
"abbreviatur.html"	"ru"	"пункт-меню"	"кататония"	"Кататония"
"abbreviatur.html"	"ru"	"пункт-меню"	"телесный дистресс"	"Телесный дистресс"
"abbreviatur.html"	"ru"	"пункт-меню"	"контроль импульсов"	"Контроль импульсов"
"abbreviatur.html"	"ru"	"пункт-меню"	"деструктивное поведение"	"Деструктивное поведение"
"abbreviatur.html"	"ru"	"пункт-меню"	"имитированные расстройства"	"Имитированные расстройства"
"abbreviatur.html"	"ru"	"пункт-меню"	"перинатальные расстройства"	"Перинатальные расстройства"
"abbreviatur.html"	"ru"	"пункт-меню"	"психосоматические факторы"	"Психосоматические факторы"
"abbreviatur.html"	"ru"	"пункт-меню"	"кататония"	"Кататония"
"abbreviatur.html"	"ru"	"пункт-меню"	"тревожные расстройства"	"Тревожные расстройства"
"abbreviatur.html"	"ru"	"пункт-меню"	"ОБСЕССИВНО-КОМПУЛЬСИВНЫЕ (ОКР)"	"Обсессивно-компульсивные (ОКР)"
"abbreviatur.html"	"ru"	"пункт-меню"	"связанные со стрессом"	"Связанные со стрессом"
"abbreviatur.html"	"ru"	"пункт-меню"	"диссоциативные расстройства"	"Диссоциативные расстройства"
"abbreviatur.html"	"ru"	"пункт-меню"	"расстройства пищевого поведения"	"Расстройства пищевого поведения"
"abbreviatur.html"	"ru"	"пункт-меню"	"расстройства экскреции"	"Расстройства экскреции"
"abbreviatur.html"	"ru"	"пункт-меню"	"телесный дистресс"	"Телесный дистресс"
"abbreviatur.html"	"ru"	"пункт-меню"	"контроль импульсов"	"Контроль импульсов"
"abbreviatur.html"	"ru"	"пункт-меню"	"деструктивное поведение"	"Деструктивное поведение"
"abbreviatur.html"	"ru"	"пункт-меню"	"расстройства личности"	"Расстройства личности"
"abbreviatur.html"	"ru"	"пункт-меню"	"парафилические расстройства"	"Парафилические расстройства"
"abbreviatur.html"	"ru"	"пункт-меню"	"имитированные расстройства"	"Имитированные расстройства"
"abbreviatur.html"	"ru"	"пункт-меню"	"нейрокогнитивные (деменция)"	"Нейрокогнитивные (деменция)"
"abbreviatur.html"	"ru"	"пункт-меню"	"перинатальные расстройства"	"Перинатальные расстройства"
"abbreviatur.html"	"ru"	"пункт-меню"	"психосоматические факторы"	"Психосоматические факторы"
"abbreviatur.html"	"ru"	"пункт-меню"	"вторичная психиатрия"	"Вторичная психиатрия"
"abbreviatur.html"	"ru"	"пункт-меню"	"расстройства сна"	"Расстройства сна"
"abbreviatur.html"	"ru"	"пункт-меню"	"сексуальное здоровье"	"Сексуальное здоровье"
"abbreviatur.html"	"ru"	"пред/след"	"НЕЙРОРАЗВИТИЕ"	"Нейроразвитие"
"abbreviatur.html"	"ru"	"крошка"	"клиническая психиатрия"	"Клиническая психиатрия"
"abbreviatur.html"	"ru"	"заголовок"	"психические нарушения"	"Психические нарушения"
"abbreviatur.html"	"ru"	"заголовок"	"Клинические термины — На 3 языках"	"Клинические термины — на 3 языках"
"elave-acde.html"	"ru"	"мета-заголовок"	"Приложения А–Е | КЛИНИЧЕСКАЯ ПСИХИАТРИЯ"	"Приложения | Клиническая психиатрия"
"elave-acde.html"	"ru"	"мета-заголовок"	"Приложения А–Е | КЛИНИЧЕСКАЯ ПСИХИАТРИЯ"	"Приложения | Клиническая психиатрия"
"elave-acde.html"	"ru"	"мета-описание"	"Клиническая психиатрия — Приложения A–E"	"Клиническая психиатрия — Приложения"
"elave-acde.html"	"ru"	"мета-описание"	"Клиническая психиатрия — Приложения A–E"	"Клиническая психиатрия — Приложения"
"elave-acde.html"	"ru"	"подпись-заказа"	"клиническая психиатрия"	"Клиническая психиатрия"
"elave-skalalar.html"	"ru"	"мета-заголовок"	"Приложение — Шкалы | КЛИНИЧЕСКАЯ ПСИХИАТРИЯ"	"Приложение B | Клиническая психиатрия"
"elave-skalalar.html"	"ru"	"мета-заголовок"	"Приложение — Шкалы | КЛИНИЧЕСКАЯ ПСИХИАТРИЯ"	"Приложение B | Клиническая психиатрия"
"elave-skalalar.html"	"ru"	"мета-описание"	"Клиническая психиатрия — Приложение — Шкалы"	"Клиническая психиатрия — Приложение B"
"elave-skalalar.html"	"ru"	"мета-описание"	"Клиническая психиатрия — Приложение — Шкалы"	"Клиническая психиатрия — Приложение B"
"elave-skalalar.html"	"ru"	"подпись-заказа"	"клиническая психиатрия"	"Клиническая психиатрия"
"index.html"	"ru"	"мета-заголовок"	"Главная страница | КЛИНИЧЕСКАЯ ПСИХИАТРИЯ"	"Главная страница | Клиническая психиатрия"
"index.html"	"ru"	"мета-заголовок"	"Главная страница | КЛИНИЧЕСКАЯ ПСИХИАТРИЯ"	"Главная страница | Клиническая психиатрия"
"index.html"	"ru"	"подпись-заказа"	"клиническая психиатрия"	"Клиническая психиатрия"
"index.html"	"ru"	"обложка"	"клиническая психиатрия"	"Клиническая психиатрия"
"kitab-haqqinda.html"	"ru"	"мета-заголовок"	"О книге | КЛИНИЧЕСКАЯ ПСИХИАТРИЯ"	"О книге | Клиническая психиатрия"
"kitab-haqqinda.html"	"ru"	"мета-заголовок"	"О книге | КЛИНИЧЕСКАЯ ПСИХИАТРИЯ"	"О книге | Клиническая психиатрия"
"kitab-haqqinda.html"	"ru"	"мета-описание"	"Klinik Psixiatriya — О книге"	"Клиническая психиатрия — О книге"
"kitab-haqqinda.html"	"ru"	"мета-описание"	"Klinik Psixiatriya — О книге"	"Клиническая психиатрия — О книге"
"kitab-haqqinda.html"	"ru"	"подпись-заказа"	"клиническая психиатрия"	"Клиническая психиатрия"
"melumat.html"	"ru"	"мета-заголовок"	"Информационный раздел | КЛИНИЧЕСКАЯ ПСИХИАТРИЯ"	"Информационный раздел | Клиническая психиатрия"
"melumat.html"	"ru"	"мета-заголовок"	"Информационный раздел | КЛИНИЧЕСКАЯ ПСИХИАТРИЯ"	"Информационный раздел | Клиническая психиатрия"
"melumat.html"	"ru"	"мета-описание"	"Klinik Psixiatriya — Информационный раздел"	"Клиническая психиатрия — Информационный раздел"
"melumat.html"	"ru"	"мета-описание"	"Klinik Psixiatriya — Информационный раздел"	"Клиническая психиатрия — Информационный раздел"
"melumat.html"	"ru"	"подпись-заказа"	"клиническая психиатрия"	"Клиническая психиатрия"
"mugeddime.html"	"ru"	"мета-заголовок"	"Предисловие | КЛИНИЧЕСКАЯ ПСИХИАТРИЯ"	"Предисловие | Клиническая психиатрия"
"mugeddime.html"	"ru"	"мета-заголовок"	"Предисловие | КЛИНИЧЕСКАЯ ПСИХИАТРИЯ"	"Предисловие | Клиническая психиатрия"
"mugeddime.html"	"ru"	"мета-описание"	"Klinik Psixiatriya — Предисловие"	"Клиническая психиатрия — Предисловие"
"mugeddime.html"	"ru"	"мета-описание"	"Klinik Psixiatriya — Предисловие"	"Клиническая психиатрия — Предисловие"
"mugeddime.html"	"ru"	"подпись-заказа"	"клиническая психиатрия"	"Клиническая психиатрия"
"mundericat.html"	"ru"	"мета-заголовок"	"Содержание | КЛИНИЧЕСКАЯ ПСИХИАТРИЯ"	"Содержание | Клиническая психиатрия"
"mundericat.html"	"ru"	"мета-заголовок"	"Содержание | КЛИНИЧЕСКАЯ ПСИХИАТРИЯ"	"Содержание | Клиническая психиатрия"
"mundericat.html"	"ru"	"мета-описание"	"Klinik Psixiatriya — Содержание"	"Клиническая психиатрия — Содержание"
"mundericat.html"	"ru"	"мета-описание"	"Klinik Psixiatriya — Содержание"	"Клиническая психиатрия — Содержание"
"mundericat.html"	"ru"	"подпись-заказа"	"клиническая психиатрия"	"Клиническая психиатрия"
"mundericat.html"	"ru"	"оглавление"	"РАССТРОЙСТВА НЕЙРОРАЗВИТИЯ"	"Расстройства нейроразвития"
"mundericat.html"	"ru"	"оглавление"	"ШИЗОФРЕНИЧЕСКИЙ СПЕКТР И ДРУГИЕ ПСИХОТИЧЕСКИЕ РАССТРОЙСТВА"	"Шизофренический спектр и другие психотические расстройства"
"mundericat.html"	"ru"	"оглавление"	"БИПОЛЯРНЫЕ И СВЯЗАННЫЕ РАССТРОЙСТВА"	"Биполярные и связанные расстройства"
"mundericat.html"	"ru"	"оглавление"	"ДЕПРЕССИВНЫЕ РАССТРОЙСТВА"	"Депрессивные расстройства"
"mundericat.html"	"ru"	"оглавление"	"ТРЕВОЖНЫЕ РАССТРОЙСТВА"	"Тревожные расстройства"
"mundericat.html"	"ru"	"оглавление"	"ОБСЕССИВНО-КОМПУЛЬСИВНЫЕ И СВЯЗАННЫЕ РАССТРОЙСТВА"	"Обсессивно-компульсивные и связанные расстройства"
"mundericat.html"	"ru"	"оглавление"	"РАССТРОЙСТВА, СВЯЗАННЫЕ С ТРАВМОЙ И СТРЕССОМ"	"Расстройства, связанные с травмой и стрессом"
"mundericat.html"	"ru"	"оглавление"	"ДИССОЦИАТИВНЫЕ РАССТРОЙСТВА"	"Диссоциативные расстройства"
"mundericat.html"	"ru"	"оглавление"	"РАССТРОЙСТВА С СОМАТИЧЕСКИМИ СИМПТОМАМИ И СВЯЗАННЫЕ РАССТРОЙСТВА"	"Расстройства с соматическими симптомами и связанные расстройства"
"mundericat.html"	"ru"	"оглавление"	"РАССТРОЙСТВА ПИТАНИЯ И ПРИЁМА ПИЩИ"	"Расстройства питания и приёма пищи"
"mundericat.html"	"ru"	"оглавление"	"РАССТРОЙСТВА ЭКСКРЕЦИИ"	"Расстройства экскреции"
"mundericat.html"	"ru"	"оглавление"	"РАССТРОЙСТВА СНА-БОДРСТВОВАНИЯ"	"Расстройства сна-бодрствования"
"mundericat.html"	"ru"	"оглавление"	"СЕКСУАЛЬНЫЕ ДИСФУНКЦИИ"	"Сексуальные дисфункции"
"mundericat.html"	"ru"	"оглавление"	"ДЕСТРУКТИВНЫЕ РАССТРОЙСТВА, РАССТРОЙСТВА КОНТРОЛЯ ИМПУЛЬСОВ И ПОВЕДЕНИЯ"	"Деструктивные расстройства, расстройства контроля импульсов и поведения"
"mundericat.html"	"ru"	"оглавление"	"РАССТРОЙСТВА, СВЯЗАННЫЕ С ПСИХОАКТИВНЫМИ ВЕЩЕСТВАМИ, И АДДИКТИВНЫЕ РАССТРОЙСТВА"	"Расстройства, связанные с психоактивными веществами, и аддиктивные расстройства"
"mundericat.html"	"ru"	"оглавление"	"НЕЙРОКОГНИТИВНЫЕ РАССТРОЙСТВА"	"Нейрокогнитивные расстройства"
"mundericat.html"	"ru"	"оглавление"	"РАССТРОЙСТВА ЛИЧНОСТИ"	"Расстройства личности"
"mundericat.html"	"ru"	"оглавление"	"ПАРАФИЛИЧЕСКИЕ РАССТРОЙСТВА"	"Парафилические расстройства"
"mundericat.html"	"ru"	"оглавление"	"ДРУГИЕ ПСИХИЧЕСКИЕ РАССТРОЙСТВА"	"Другие психические расстройства"
"mundericat.html"	"ru"	"оглавление"	"ОРГАНИЧЕСКИЕ (СИМПТОМАТИЧЕСКИЕ) ПСИХИЧЕСКИЕ РАССТРОЙСТВА"	"Органические (симптоматические) психические расстройства"
"mundericat.html"	"ru"	"оглавление"	"РАССТРОЙСТВА, СВЯЗАННЫЕ С УПОТРЕБЛЕНИЕМ ПСИХОАКТИВНЫХ ВЕЩЕСТВ"	"Расстройства, связанные с употреблением психоактивных веществ"
"mundericat.html"	"ru"	"оглавление"	"ШИЗОФРЕНИЯ, ШИЗОТИПИЧЕСКИЕ И БРЕДОВЫЕ РАССТРОЙСТВА"	"Шизофрения, шизотипические и бредовые расстройства"
"mundericat.html"	"ru"	"оглавление"	"РАССТРОЙСТВА НАСТРОЕНИЯ (АФФЕКТИВНЫЕ)"	"Расстройства настроения (аффективные)"
"mundericat.html"	"ru"	"оглавление"	"НЕВРОТИЧЕСКИЕ, СВЯЗАННЫЕ СО СТРЕССОМ И СОМАТОФОРМНЫЕ РАССТРОЙСТВА"	"Невротические, связанные со стрессом и соматоформные расстройства"
"mundericat.html"	"ru"	"оглавление"	"ПОВЕДЕНЧЕСКИЕ СИНДРОМЫ, СВЯЗАННЫЕ С ФИЗИОЛОГИЧЕСКИМИ НАРУШЕНИЯМИ И ФИЗИЧЕСКИМИ ФАКТОРАМИ"	"Поведенческие синдромы, связанные с физиологическими нарушениями и физическими факторами"
"mundericat.html"	"ru"	"оглавление"	"РАССТРОЙСТВА ЛИЧНОСТИ И ПОВЕДЕНИЯ В ЗРЕЛОМ ВОЗРАСТЕ"	"Расстройства личности и поведения в зрелом возрасте"
"mundericat.html"	"ru"	"оглавление"	"УМСТВЕННАЯ ОТСТАЛОСТЬ"	"Умственная отсталость"
"mundericat.html"	"ru"	"оглавление"	"РАССТРОЙСТВА ПСИХОЛОГИЧЕСКОГО РАЗВИТИЯ"	"Расстройства психологического развития"
"mundericat.html"	"ru"	"оглавление"	"РАССТРОЙСТВА, НАЧИНАЮЩИЕСЯ В ДЕТСКОМ И ПОДРОСТКОВОМ ВОЗРАСТЕ"	"Расстройства, начинающиеся в детском и подростковом возрасте"
"mundericat.html"	"ru"	"оглавление"	"НЕУТОЧНЁННОЕ ПСИХИЧЕСКОЕ РАССТРОЙСТВО"	"Неуточнённое психическое расстройство"
"terminoloji-luget.html"	"ru"	"мета-заголовок"	"Терминологический словарь | клиническая психиатрия"	"Терминологический словарь | Клиническая психиатрия"
"terminoloji-luget.html"	"ru"	"мета-заголовок"	"Терминологический словарь | клиническая психиатрия"	"Терминологический словарь | Клиническая психиатрия"
"terminoloji-luget.html"	"ru"	"подпись-заказа"	"клиническая психиатрия"	"Клиническая психиатрия"
"terminoloji-luget.html"	"ru"	"аббревиатура"	"ОБСЕССИВНО-КОМПУЛЬСИВНЫЕ (окр)"	"ОБСЕССИВНО-КОМПУЛЬСИВНЫЕ (ОКР)"
"terminoloji-luget.html"	"ru"	"пункт-меню"	"спектр шизофрении"	"Спектр шизофрении"
"terminoloji-luget.html"	"ru"	"пункт-меню"	"кататония"	"Кататония"
"terminoloji-luget.html"	"ru"	"пункт-меню"	"телесный дистресс"	"Телесный дистресс"
"terminoloji-luget.html"	"ru"	"пункт-меню"	"контроль импульсов"	"Контроль импульсов"
"terminoloji-luget.html"	"ru"	"пункт-меню"	"деструктивное поведение"	"Деструктивное поведение"
"terminoloji-luget.html"	"ru"	"пункт-меню"	"имитированные расстройства"	"Имитированные расстройства"
"terminoloji-luget.html"	"ru"	"пункт-меню"	"перинатальные расстройства"	"Перинатальные расстройства"
"terminoloji-luget.html"	"ru"	"пункт-меню"	"психосоматические факторы"	"Психосоматические факторы"
"terminoloji-luget.html"	"ru"	"пункт-меню"	"кататония"	"Кататония"
"terminoloji-luget.html"	"ru"	"пункт-меню"	"тревожные расстройства"	"Тревожные расстройства"
"terminoloji-luget.html"	"ru"	"пункт-меню"	"ОБСЕССИВНО-КОМПУЛЬСИВНЫЕ (ОКР)"	"Обсессивно-компульсивные (ОКР)"
"terminoloji-luget.html"	"ru"	"пункт-меню"	"связанные со стрессом"	"Связанные со стрессом"
"terminoloji-luget.html"	"ru"	"пункт-меню"	"диссоциативные расстройства"	"Диссоциативные расстройства"
"terminoloji-luget.html"	"ru"	"пункт-меню"	"расстройства пищевого поведения"	"Расстройства пищевого поведения"
"terminoloji-luget.html"	"ru"	"пункт-меню"	"расстройства экскреции"	"Расстройства экскреции"
"terminoloji-luget.html"	"ru"	"пункт-меню"	"телесный дистресс"	"Телесный дистресс"
"terminoloji-luget.html"	"ru"	"пункт-меню"	"контроль импульсов"	"Контроль импульсов"
"terminoloji-luget.html"	"ru"	"пункт-меню"	"деструктивное поведение"	"Деструктивное поведение"
"terminoloji-luget.html"	"ru"	"пункт-меню"	"расстройства личности"	"Расстройства личности"
"terminoloji-luget.html"	"ru"	"пункт-меню"	"парафилические расстройства"	"Парафилические расстройства"
"terminoloji-luget.html"	"ru"	"пункт-меню"	"имитированные расстройства"	"Имитированные расстройства"
"terminoloji-luget.html"	"ru"	"пункт-меню"	"нейрокогнитивные (деменция)"	"Нейрокогнитивные (деменция)"
"terminoloji-luget.html"	"ru"	"пункт-меню"	"перинатальные расстройства"	"Перинатальные расстройства"
"terminoloji-luget.html"	"ru"	"пункт-меню"	"психосоматические факторы"	"Психосоматические факторы"
"terminoloji-luget.html"	"ru"	"пункт-меню"	"вторичная психиатрия"	"Вторичная психиатрия"
"terminoloji-luget.html"	"ru"	"пункт-меню"	"расстройства сна"	"Расстройства сна"
"terminoloji-luget.html"	"ru"	"пункт-меню"	"сексуальное здоровье"	"Сексуальное здоровье"
"terminoloji-luget.html"	"ru"	"заголовок"	"психические нарушения"	"Психические нарушения"
"terminoloji-luget.html"	"ru"	"заголовок"	"Клинические термины — На 3 языках"	"Клинические термины — на 3 языках"
"terminoloji-luget.html"	"ru"	"пунктуация"	"( ( ( ("	"("
"yekun.html"	"ru"	"мета-заголовок"	"Заключение — Правила использования | КЛИНИЧЕСКАЯ ПСИХИАТРИЯ"	"Итоговые рекомендации | Клиническая психиатрия"
"yekun.html"	"ru"	"мета-заголовок"	"Заключение — Правила использования | КЛИНИЧЕСКАЯ ПСИХИАТРИЯ"	"Итоговые рекомендации | Клиническая психиатрия"
"yekun.html"	"ru"	"мета-описание"	"Клиническая психиатрия — Заключение — Правила использования"	"Клиническая психиатрия — Итоговые рекомендации"
"yekun.html"	"ru"	"мета-описание"	"Клиническая психиатрия — Заключение — Правила использования"	"Клиническая психиатрия — Итоговые рекомендации"
"yekun.html"	"ru"	"подпись-заказа"	"клиническая психиатрия"	"Клиническая психиатрия"
"01-6A0-neyroinkisaf.html"	"az"	"мета-заголовок"	"NEYROİNKİŞAF POZUNTULARI | KLİNİK PSİXİATRİYA"	"Neyroinkişaf pozuntuları | Klinik Psixiatriya"
"01-6A0-neyroinkisaf.html"	"az"	"мета-заголовок"	"NEYROİNKİŞAF POZUNTULARI | KLİNİK PSİXİATRİYA"	"Neyroinkişaf pozuntuları | Klinik Psixiatriya"
"01-6A0-neyroinkisaf.html"	"az"	"мета-описание"	"Klinik Psixiatriya — NEYROİNKİŞAF POZUNTULARI"	"Klinik Psixiatriya — Neyroinkişaf pozuntuları"
"01-6A0-neyroinkisaf.html"	"az"	"мета-описание"	"Klinik Psixiatriya — NEYROİNKİŞAF POZUNTULARI"	"Klinik Psixiatriya — Neyroinkişaf pozuntuları"
"01-6A0-neyroinkisaf.html"	"az"	"подпись-заказа"	"Klinik psixiatriya"	"Klinik Psixiatriya"
"01-6A0-neyroinkisaf.html"	"az"	"шапка-книги"	"Klinik psixiatriya"	"Klinik Psixiatriya"
"02-6A2-sizofreniya-spektri.html"	"az"	"мета-заголовок"	"ŞİZOFRENİYA SPEKTRİ | KLİNİK PSİXİATRİYA"	"Şizofreniya spektri | Klinik Psixiatriya"
"02-6A2-sizofreniya-spektri.html"	"az"	"мета-заголовок"	"ŞİZOFRENİYA SPEKTRİ | KLİNİK PSİXİATRİYA"	"Şizofreniya spektri | Klinik Psixiatriya"
"02-6A2-sizofreniya-spektri.html"	"az"	"мета-описание"	"Klinik Psixiatriya — ŞİZOFRENİYA SPEKTRİ"	"Klinik Psixiatriya — Şizofreniya spektri"
"02-6A2-sizofreniya-spektri.html"	"az"	"мета-описание"	"Klinik Psixiatriya — ŞİZOFRENİYA SPEKTRİ"	"Klinik Psixiatriya — Şizofreniya spektri"
"02-6A2-sizofreniya-spektri.html"	"az"	"подпись-заказа"	"Klinik psixiatriya"	"Klinik Psixiatriya"
"02-6A2-sizofreniya-spektri.html"	"az"	"шапка-книги"	"Klinik psixiatriya"	"Klinik Psixiatriya"
"03-6A4-katatoniya.html"	"az"	"мета-заголовок"	"KATATONİYA | KLİNİK PSİXİATRİYA"	"Katatoniya | Klinik Psixiatriya"
"03-6A4-katatoniya.html"	"az"	"мета-заголовок"	"KATATONİYA | KLİNİK PSİXİATRİYA"	"Katatoniya | Klinik Psixiatriya"
"03-6A4-katatoniya.html"	"az"	"мета-описание"	"Klinik Psixiatriya — KATATONİYA"	"Klinik Psixiatriya — Katatoniya"
"03-6A4-katatoniya.html"	"az"	"мета-описание"	"Klinik Psixiatriya — KATATONİYA"	"Klinik Psixiatriya — Katatoniya"
"03-6A4-katatoniya.html"	"az"	"подпись-заказа"	"Klinik psixiatriya"	"Klinik Psixiatriya"
"03-6A4-katatoniya.html"	"az"	"шапка-книги"	"Klinik psixiatriya"	"Klinik Psixiatriya"
"04-6A6-ehval-pozuntulari.html"	"az"	"мета-заголовок"	"ƏHVAL POZUNTULARI | KLİNİK PSİXİATRİYA"	"Əhval pozuntuları | Klinik Psixiatriya"
"04-6A6-ehval-pozuntulari.html"	"az"	"мета-заголовок"	"ƏHVAL POZUNTULARI | KLİNİK PSİXİATRİYA"	"Əhval pozuntuları | Klinik Psixiatriya"
"04-6A6-ehval-pozuntulari.html"	"az"	"мета-описание"	"Klinik Psixiatriya — ƏHVAL POZUNTULARI"	"Klinik Psixiatriya — Əhval pozuntuları"
"04-6A6-ehval-pozuntulari.html"	"az"	"мета-описание"	"Klinik Psixiatriya — ƏHVAL POZUNTULARI"	"Klinik Psixiatriya — Əhval pozuntuları"
"04-6A6-ehval-pozuntulari.html"	"az"	"подпись-заказа"	"Klinik psixiatriya"	"Klinik Psixiatriya"
"04-6A6-ehval-pozuntulari.html"	"az"	"шапка-книги"	"Klinik psixiatriya"	"Klinik Psixiatriya"
"05-6B0-narahatliq.html"	"az"	"мета-заголовок"	"TƏŞVİŞ POZUNTULARI | KLİNİK PSİXİATRİYA"	"Təşviş pozuntuları | Klinik Psixiatriya"
"05-6B0-narahatliq.html"	"az"	"мета-заголовок"	"TƏŞVİŞ POZUNTULARI | KLİNİK PSİXİATRİYA"	"Təşviş pozuntuları | Klinik Psixiatriya"
"05-6B0-narahatliq.html"	"az"	"мета-описание"	"Klinik Psixiatriya — TƏŞVİŞ POZUNTULARI"	"Klinik Psixiatriya — Təşviş pozuntuları"
"05-6B0-narahatliq.html"	"az"	"мета-описание"	"Klinik Psixiatriya — TƏŞVİŞ POZUNTULARI"	"Klinik Psixiatriya — Təşviş pozuntuları"
"05-6B0-narahatliq.html"	"az"	"подпись-заказа"	"Klinik psixiatriya"	"Klinik Psixiatriya"
"05-6B0-narahatliq.html"	"az"	"шапка-книги"	"Klinik psixiatriya"	"Klinik Psixiatriya"
"06-6B2-okp.html"	"az"	"мета-заголовок"	"OBSESSİV-KOMPULSİV (OKP) | KLİNİK PSİXİATRİYA"	"Obsessiv-kompulsiv (OKP) | Klinik Psixiatriya"
"06-6B2-okp.html"	"az"	"мета-заголовок"	"OBSESSİV-KOMPULSİV (OKP) | KLİNİK PSİXİATRİYA"	"Obsessiv-kompulsiv (OKP) | Klinik Psixiatriya"
"06-6B2-okp.html"	"az"	"мета-описание"	"Klinik Psixiatriya — OBSESSİV-KOMPULSİV (OKP)"	"Klinik Psixiatriya — Obsessiv-kompulsiv (OKP)"
"06-6B2-okp.html"	"az"	"мета-описание"	"Klinik Psixiatriya — OBSESSİV-KOMPULSİV (OKP)"	"Klinik Psixiatriya — Obsessiv-kompulsiv (OKP)"
"06-6B2-okp.html"	"az"	"подпись-заказа"	"Klinik psixiatriya"	"Klinik Psixiatriya"
"06-6B2-okp.html"	"az"	"шапка-книги"	"Klinik psixiatriya"	"Klinik Psixiatriya"
"07-6B4-stress.html"	"az"	"мета-заголовок"	"STRESS İLƏ ƏLAQƏLİ | KLİNİK PSİXİATRİYA"	"Stress ilə əlaqəli | Klinik Psixiatriya"
"07-6B4-stress.html"	"az"	"мета-заголовок"	"STRESS İLƏ ƏLAQƏLİ | KLİNİK PSİXİATRİYA"	"Stress ilə əlaqəli | Klinik Psixiatriya"
"07-6B4-stress.html"	"az"	"мета-описание"	"Klinik Psixiatriya — STRESS İLƏ ƏLAQƏLİ"	"Klinik Psixiatriya — Stress ilə əlaqəli"
"07-6B4-stress.html"	"az"	"мета-описание"	"Klinik Psixiatriya — STRESS İLƏ ƏLAQƏLİ"	"Klinik Psixiatriya — Stress ilə əlaqəli"
"07-6B4-stress.html"	"az"	"подпись-заказа"	"Klinik psixiatriya"	"Klinik Psixiatriya"
"07-6B4-stress.html"	"az"	"шапка-книги"	"Klinik psixiatriya"	"Klinik Psixiatriya"
"08-6B6-dissosiativ.html"	"az"	"мета-заголовок"	"DİSSOSİATİV POZUNTULAR | KLİNİK PSİXİATRİYA"	"Dissosiativ pozuntular | Klinik Psixiatriya"
"08-6B6-dissosiativ.html"	"az"	"мета-заголовок"	"DİSSOSİATİV POZUNTULAR | KLİNİK PSİXİATRİYA"	"Dissosiativ pozuntular | Klinik Psixiatriya"
"08-6B6-dissosiativ.html"	"az"	"мета-описание"	"Klinik Psixiatriya — DİSSOSİATİV POZUNTULAR"	"Klinik Psixiatriya — Dissosiativ pozuntular"
"08-6B6-dissosiativ.html"	"az"	"мета-описание"	"Klinik Psixiatriya — DİSSOSİATİV POZUNTULAR"	"Klinik Psixiatriya — Dissosiativ pozuntular"
"08-6B6-dissosiativ.html"	"az"	"подпись-заказа"	"Klinik psixiatriya"	"Klinik Psixiatriya"
"08-6B6-dissosiativ.html"	"az"	"шапка-книги"	"Klinik psixiatriya"	"Klinik Psixiatriya"
"09-6B8-qida-qebulu.html"	"az"	"мета-заголовок"	"QİDA QƏBULU POZUNTULARI | KLİNİK PSİXİATRİYA"	"Qida qəbulu pozuntuları | Klinik Psixiatriya"
"09-6B8-qida-qebulu.html"	"az"	"мета-заголовок"	"QİDA QƏBULU POZUNTULARI | KLİNİK PSİXİATRİYA"	"Qida qəbulu pozuntuları | Klinik Psixiatriya"
"09-6B8-qida-qebulu.html"	"az"	"мета-описание"	"Klinik Psixiatriya — QİDA QƏBULU POZUNTULARI"	"Klinik Psixiatriya — Qida qəbulu pozuntuları"
"09-6B8-qida-qebulu.html"	"az"	"мета-описание"	"Klinik Psixiatriya — QİDA QƏBULU POZUNTULARI"	"Klinik Psixiatriya — Qida qəbulu pozuntuları"
"09-6B8-qida-qebulu.html"	"az"	"подпись-заказа"	"Klinik psixiatriya"	"Klinik Psixiatriya"
"09-6B8-qida-qebulu.html"	"az"	"шапка-книги"	"Klinik psixiatriya"	"Klinik Psixiatriya"
"10-6C0-ifrazat.html"	"az"	"мета-заголовок"	"İFRAZAT POZUNTULARI | KLİNİK PSİXİATRİYA"	"İfrazat pozuntuları | Klinik Psixiatriya"
"10-6C0-ifrazat.html"	"az"	"мета-заголовок"	"İFRAZAT POZUNTULARI | KLİNİK PSİXİATRİYA"	"İfrazat pozuntuları | Klinik Psixiatriya"
"10-6C0-ifrazat.html"	"az"	"мета-описание"	"Klinik Psixiatriya — İFRAZAT POZUNTULARI"	"Klinik Psixiatriya — İfrazat pozuntuları"
"10-6C0-ifrazat.html"	"az"	"мета-описание"	"Klinik Psixiatriya — İFRAZAT POZUNTULARI"	"Klinik Psixiatriya — İfrazat pozuntuları"
"10-6C0-ifrazat.html"	"az"	"подпись-заказа"	"Klinik psixiatriya"	"Klinik Psixiatriya"
"10-6C0-ifrazat.html"	"az"	"шапка-книги"	"Klinik psixiatriya"	"Klinik Psixiatriya"
"11-6C2-bedensel-disstres.html"	"az"	"мета-заголовок"	"BƏDƏNSƏL DİSTRESS | KLİNİK PSİXİATRİYA"	"Bədənsəl distres | Klinik Psixiatriya"
"11-6C2-bedensel-disstres.html"	"az"	"мета-заголовок"	"BƏDƏNSƏL DİSTRESS | KLİNİK PSİXİATRİYA"	"Bədənsəl distres | Klinik Psixiatriya"
"11-6C2-bedensel-disstres.html"	"az"	"мета-описание"	"Klinik Psixiatriya — BƏDƏNSƏL DİSTRESS"	"Klinik Psixiatriya — Bədənsəl distres"
"11-6C2-bedensel-disstres.html"	"az"	"мета-описание"	"Klinik Psixiatriya — BƏDƏNSƏL DİSTRESS"	"Klinik Psixiatriya — Bədənsəl distres"
"11-6C2-bedensel-disstres.html"	"az"	"подпись-заказа"	"Klinik psixiatriya"	"Klinik Psixiatriya"
"11-6C2-bedensel-disstres.html"	"az"	"шапка-книги"	"Klinik psixiatriya"	"Klinik Psixiatriya"
"12-6C4-madde-asililiq.html"	"az"	"мета-заголовок"	"MADDƏ İLƏ ƏLAQƏLİ | KLİNİK PSİXİATRİYA"	"Maddə ilə əlaqəli | Klinik Psixiatriya"
"12-6C4-madde-asililiq.html"	"az"	"мета-заголовок"	"MADDƏ İLƏ ƏLAQƏLİ | KLİNİK PSİXİATRİYA"	"Maddə ilə əlaqəli | Klinik Psixiatriya"
"12-6C4-madde-asililiq.html"	"az"	"мета-описание"	"Klinik Psixiatriya — MADDƏ İLƏ ƏLAQƏLİ"	"Klinik Psixiatriya — Maddə ilə əlaqəli"
"12-6C4-madde-asililiq.html"	"az"	"мета-описание"	"Klinik Psixiatriya — MADDƏ İLƏ ƏLAQƏLİ"	"Klinik Psixiatriya — Maddə ilə əlaqəli"
"12-6C4-madde-asililiq.html"	"az"	"подпись-заказа"	"Klinik psixiatriya"	"Klinik Psixiatriya"
"12-6C4-madde-asililiq.html"	"az"	"шапка-книги"	"Klinik psixiatriya"	"Klinik Psixiatriya"
"13-6C7-impuls-nezareti.html"	"az"	"мета-заголовок"	"İMPULS NƏZARƏTİ | KLİNİK PSİXİATRİYA"	"İmpuls nəzarəti | Klinik Psixiatriya"
"13-6C7-impuls-nezareti.html"	"az"	"мета-заголовок"	"İMPULS NƏZARƏTİ | KLİNİK PSİXİATRİYA"	"İmpuls nəzarəti | Klinik Psixiatriya"
"13-6C7-impuls-nezareti.html"	"az"	"мета-описание"	"Klinik Psixiatriya — İMPULS NƏZARƏTİ"	"Klinik Psixiatriya — İmpuls nəzarəti"
"13-6C7-impuls-nezareti.html"	"az"	"мета-описание"	"Klinik Psixiatriya — İMPULS NƏZARƏTİ"	"Klinik Psixiatriya — İmpuls nəzarəti"
"13-6C7-impuls-nezareti.html"	"az"	"подпись-заказа"	"Klinik psixiatriya"	"Klinik Psixiatriya"
"13-6C7-impuls-nezareti.html"	"az"	"шапка-книги"	"Klinik psixiatriya"	"Klinik Psixiatriya"
"14-6C9-pozucu-davranis.html"	"az"	"мета-заголовок"	"POZUCU DAVRANIŞ | KLİNİK PSİXİATRİYA"	"Pozucu davranış | Klinik Psixiatriya"
"14-6C9-pozucu-davranis.html"	"az"	"мета-заголовок"	"POZUCU DAVRANIŞ | KLİNİK PSİXİATRİYA"	"Pozucu davranış | Klinik Psixiatriya"
"14-6C9-pozucu-davranis.html"	"az"	"мета-описание"	"Klinik Psixiatriya — POZUCU DAVRANIŞ"	"Klinik Psixiatriya — Pozucu davranış"
"14-6C9-pozucu-davranis.html"	"az"	"мета-описание"	"Klinik Psixiatriya — POZUCU DAVRANIŞ"	"Klinik Psixiatriya — Pozucu davranış"
"14-6C9-pozucu-davranis.html"	"az"	"подпись-заказа"	"Klinik psixiatriya"	"Klinik Psixiatriya"
"14-6C9-pozucu-davranis.html"	"az"	"шапка-книги"	"Klinik psixiatriya"	"Klinik Psixiatriya"
"15-6D1-sexsiyyet.html"	"az"	"мета-заголовок"	"ŞƏXSİYYƏT POZUNTULARI | KLİNİK PSİXİATRİYA"	"Şəxsiyyət pozuntuları | Klinik Psixiatriya"
"15-6D1-sexsiyyet.html"	"az"	"мета-заголовок"	"ŞƏXSİYYƏT POZUNTULARI | KLİNİK PSİXİATRİYA"	"Şəxsiyyət pozuntuları | Klinik Psixiatriya"
"15-6D1-sexsiyyet.html"	"az"	"мета-описание"	"Klinik Psixiatriya — ŞƏXSİYYƏT POZUNTULARI"	"Klinik Psixiatriya — Şəxsiyyət pozuntuları"
"15-6D1-sexsiyyet.html"	"az"	"мета-описание"	"Klinik Psixiatriya — ŞƏXSİYYƏT POZUNTULARI"	"Klinik Psixiatriya — Şəxsiyyət pozuntuları"
"15-6D1-sexsiyyet.html"	"az"	"подпись-заказа"	"Klinik psixiatriya"	"Klinik Psixiatriya"
"15-6D1-sexsiyyet.html"	"az"	"шапка-книги"	"Klinik psixiatriya"	"Klinik Psixiatriya"
"16-6D3-parafilik.html"	"az"	"мета-заголовок"	"PARAFİLİK POZUNTULAR | KLİNİK PSİXİATRİYA"	"Parafilik pozuntular | Klinik Psixiatriya"
"16-6D3-parafilik.html"	"az"	"мета-заголовок"	"PARAFİLİK POZUNTULAR | KLİNİK PSİXİATRİYA"	"Parafilik pozuntular | Klinik Psixiatriya"
"16-6D3-parafilik.html"	"az"	"мета-описание"	"Klinik Psixiatriya — PARAFİLİK POZUNTULAR"	"Klinik Psixiatriya — Parafilik pozuntular"
"16-6D3-parafilik.html"	"az"	"мета-описание"	"Klinik Psixiatriya — PARAFİLİK POZUNTULAR"	"Klinik Psixiatriya — Parafilik pozuntular"
"16-6D3-parafilik.html"	"az"	"подпись-заказа"	"Klinik psixiatriya"	"Klinik Psixiatriya"
"16-6D3-parafilik.html"	"az"	"шапка-книги"	"Klinik psixiatriya"	"Klinik Psixiatriya"
"17-6D5-faktitioz.html"	"az"	"мета-заголовок"	"FAKTİTİOZ POZUNTULAR | KLİNİK PSİXİATRİYA"	"Faktitioz pozuntular | Klinik Psixiatriya"
"17-6D5-faktitioz.html"	"az"	"мета-заголовок"	"FAKTİTİOZ POZUNTULAR | KLİNİK PSİXİATRİYA"	"Faktitioz pozuntular | Klinik Psixiatriya"
"17-6D5-faktitioz.html"	"az"	"мета-описание"	"Klinik Psixiatriya — FAKTİTİOZ POZUNTULAR"	"Klinik Psixiatriya — Faktitioz pozuntular"
"17-6D5-faktitioz.html"	"az"	"мета-описание"	"Klinik Psixiatriya — FAKTİTİOZ POZUNTULAR"	"Klinik Psixiatriya — Faktitioz pozuntular"
"17-6D5-faktitioz.html"	"az"	"подпись-заказа"	"Klinik psixiatriya"	"Klinik Psixiatriya"
"17-6D5-faktitioz.html"	"az"	"шапка-книги"	"Klinik psixiatriya"	"Klinik Psixiatriya"
"18-6D7-neyrokoqnitiv.html"	"az"	"мета-заголовок"	"NEYROKOQNİTİV (DEMENSİYA) | KLİNİK PSİXİATRİYA"	"Neyrokoqnitiv (demensiya) | Klinik Psixiatriya"
"18-6D7-neyrokoqnitiv.html"	"az"	"мета-заголовок"	"NEYROKOQNİTİV (DEMENSİYA) | KLİNİK PSİXİATRİYA"	"Neyrokoqnitiv (demensiya) | Klinik Psixiatriya"
"18-6D7-neyrokoqnitiv.html"	"az"	"мета-описание"	"Klinik Psixiatriya — NEYROKOQNİTİV (DEMENSİYA)"	"Klinik Psixiatriya — Neyrokoqnitiv (demensiya)"
"18-6D7-neyrokoqnitiv.html"	"az"	"мета-описание"	"Klinik Psixiatriya — NEYROKOQNİTİV (DEMENSİYA)"	"Klinik Psixiatriya — Neyrokoqnitiv (demensiya)"
"18-6D7-neyrokoqnitiv.html"	"az"	"подпись-заказа"	"Klinik psixiatriya"	"Klinik Psixiatriya"
"18-6D7-neyrokoqnitiv.html"	"az"	"шапка-книги"	"Klinik psixiatriya"	"Klinik Psixiatriya"
"19-6E2-perinatal.html"	"az"	"мета-заголовок"	"PERİNATAL POZUNTULAR | KLİNİK PSİXİATRİYA"	"Perinatal pozuntular | Klinik Psixiatriya"
"19-6E2-perinatal.html"	"az"	"мета-заголовок"	"PERİNATAL POZUNTULAR | KLİNİK PSİXİATRİYA"	"Perinatal pozuntular | Klinik Psixiatriya"
"19-6E2-perinatal.html"	"az"	"мета-описание"	"Klinik Psixiatriya — PERİNATAL POZUNTULAR"	"Klinik Psixiatriya — Perinatal pozuntular"
"19-6E2-perinatal.html"	"az"	"мета-описание"	"Klinik Psixiatriya — PERİNATAL POZUNTULAR"	"Klinik Psixiatriya — Perinatal pozuntular"
"19-6E2-perinatal.html"	"az"	"подпись-заказа"	"Klinik psixiatriya"	"Klinik Psixiatriya"
"19-6E2-perinatal.html"	"az"	"шапка-книги"	"Klinik psixiatriya"	"Klinik Psixiatriya"
"20-6E4-psixosomatik.html"	"az"	"мета-заголовок"	"PSİXOSOMATİK FAKTORLAR | KLİNİK PSİXİATRİYA"	"Psixosomatik faktorlar | Klinik Psixiatriya"
"20-6E4-psixosomatik.html"	"az"	"мета-заголовок"	"PSİXOSOMATİK FAKTORLAR | KLİNİK PSİXİATRİYA"	"Psixosomatik faktorlar | Klinik Psixiatriya"
"20-6E4-psixosomatik.html"	"az"	"мета-описание"	"Klinik Psixiatriya — PSİXOSOMATİK FAKTORLAR"	"Klinik Psixiatriya — Psixosomatik faktorlar"
"20-6E4-psixosomatik.html"	"az"	"мета-описание"	"Klinik Psixiatriya — PSİXOSOMATİK FAKTORLAR"	"Klinik Psixiatriya — Psixosomatik faktorlar"
"20-6E4-psixosomatik.html"	"az"	"подпись-заказа"	"Klinik psixiatriya"	"Klinik Psixiatriya"
"20-6E4-psixosomatik.html"	"az"	"шапка-книги"	"Klinik psixiatriya"	"Klinik Psixiatriya"
"21-6E6-ikincili.html"	"az"	"мета-заголовок"	"İKİNCİLİ PSİXİATRİYA | KLİNİK PSİXİATRİYA"	"İkincili psixiatriya | Klinik Psixiatriya"
"21-6E6-ikincili.html"	"az"	"мета-заголовок"	"İKİNCİLİ PSİXİATRİYA | KLİNİK PSİXİATRİYA"	"İkincili psixiatriya | Klinik Psixiatriya"
"21-6E6-ikincili.html"	"az"	"мета-описание"	"Klinik Psixiatriya — İKİNCİLİ PSİXİATRİYA"	"Klinik Psixiatriya — İkincili psixiatriya"
"21-6E6-ikincili.html"	"az"	"мета-описание"	"Klinik Psixiatriya — İKİNCİLİ PSİXİATRİYA"	"Klinik Psixiatriya — İkincili psixiatriya"
"21-6E6-ikincili.html"	"az"	"подпись-заказа"	"Klinik psixiatriya"	"Klinik Psixiatriya"
"21-6E6-ikincili.html"	"az"	"шапка-книги"	"Klinik psixiatriya"	"Klinik Psixiatriya"
"22-7AB-yuxu.html"	"az"	"мета-заголовок"	"YUXU POZUNTULARI | KLİNİK PSİXİATRİYA"	"Yuxu pozuntuları | Klinik Psixiatriya"
"22-7AB-yuxu.html"	"az"	"мета-заголовок"	"YUXU POZUNTULARI | KLİNİK PSİXİATRİYA"	"Yuxu pozuntuları | Klinik Psixiatriya"
"22-7AB-yuxu.html"	"az"	"мета-описание"	"Klinik Psixiatriya — YUXU POZUNTULARI"	"Klinik Psixiatriya — Yuxu pozuntuları"
"22-7AB-yuxu.html"	"az"	"мета-описание"	"Klinik Psixiatriya — YUXU POZUNTULARI"	"Klinik Psixiatriya — Yuxu pozuntuları"
"22-7AB-yuxu.html"	"az"	"подпись-заказа"	"Klinik psixiatriya"	"Klinik Psixiatriya"
"22-7AB-yuxu.html"	"az"	"шапка-книги"	"Klinik psixiatriya"	"Klinik Psixiatriya"
"23-HA-cinsi-saglamliq.html"	"az"	"мета-заголовок"	"CİNSİ SAĞLAMLIQ | KLİNİK PSİXİATRİYA"	"Cinsi sağlamlıq | Klinik Psixiatriya"
"23-HA-cinsi-saglamliq.html"	"az"	"мета-заголовок"	"CİNSİ SAĞLAMLIQ | KLİNİK PSİXİATRİYA"	"Cinsi sağlamlıq | Klinik Psixiatriya"
"23-HA-cinsi-saglamliq.html"	"az"	"мета-описание"	"Klinik Psixiatriya — CİNSİ SAĞLAMLIQ"	"Klinik Psixiatriya — Cinsi sağlamlıq"
"23-HA-cinsi-saglamliq.html"	"az"	"мета-описание"	"Klinik Psixiatriya — CİNSİ SAĞLAMLIQ"	"Klinik Psixiatriya — Cinsi sağlamlıq"
"23-HA-cinsi-saglamliq.html"	"az"	"подпись-заказа"	"Klinik psixiatriya"	"Klinik Psixiatriya"
"23-HA-cinsi-saglamliq.html"	"az"	"шапка-книги"	"Klinik psixiatriya"	"Klinik Psixiatriya"
"6A00.html"	"az"	"мета-заголовок"	"İNTELLEKTUAL İNKİŞAF POZUNTUSU | KLİNİK PSİXİATRİYA"	"İntellektual inkişaf pozuntusu | Klinik Psixiatriya"
"6A00.html"	"az"	"мета-заголовок"	"İNTELLEKTUAL İNKİŞAF POZUNTUSU | KLİNİK PSİXİATRİYA"	"İntellektual inkişaf pozuntusu | Klinik Psixiatriya"
"6A00.html"	"az"	"мета-описание"	"Klinik Psixiatriya — İNTELLEKTUAL İNKİŞAF POZUNTUSU"	"Klinik Psixiatriya — İntellektual inkişaf pozuntusu"
"6A00.html"	"az"	"мета-описание"	"Klinik Psixiatriya — İNTELLEKTUAL İNKİŞAF POZUNTUSU"	"Klinik Psixiatriya — İntellektual inkişaf pozuntusu"
"6A00.html"	"az"	"подпись-заказа"	"Klinik psixiatriya"	"Klinik Psixiatriya"
"6A00.html"	"az"	"шапка-книги"	"Klinik psixiatriya"	"Klinik Psixiatriya"
"6A01.html"	"az"	"мета-заголовок"	"İNKİŞAF NİTQ VƏ DİL POZUNTULARI | KLİNİK PSİXİATRİYA"	"İnkişaf nitq və dil pozuntuları | Klinik Psixiatriya"
"6A01.html"	"az"	"мета-заголовок"	"İNKİŞAF NİTQ VƏ DİL POZUNTULARI | KLİNİK PSİXİATRİYA"	"İnkişaf nitq və dil pozuntuları | Klinik Psixiatriya"
"6A01.html"	"az"	"мета-описание"	"Klinik Psixiatriya — İNKİŞAF NİTQ VƏ DİL POZUNTULARI"	"Klinik Psixiatriya — İnkişaf nitq və dil pozuntuları"
"6A01.html"	"az"	"мета-описание"	"Klinik Psixiatriya — İNKİŞAF NİTQ VƏ DİL POZUNTULARI"	"Klinik Psixiatriya — İnkişaf nitq və dil pozuntuları"
"6A01.html"	"az"	"подпись-заказа"	"Klinik psixiatriya"	"Klinik Psixiatriya"
"6A01.html"	"az"	"шапка-книги"	"Klinik psixiatriya"	"Klinik Psixiatriya"
"6A02.html"	"az"	"мета-заголовок"	"AUTİZM SPEKTRİ POZUNTUSU (ASP) | KLİNİK PSİXİATRİYA"	"Autizm spektri pozuntusu (ASP) | Klinik Psixiatriya"
"6A02.html"	"az"	"мета-заголовок"	"AUTİZM SPEKTRİ POZUNTUSU (ASP) | KLİNİK PSİXİATRİYA"	"Autizm spektri pozuntusu (ASP) | Klinik Psixiatriya"
"6A02.html"	"az"	"мета-описание"	"Klinik Psixiatriya — AUTİZM SPEKTRİ POZUNTUSU (ASP)"	"Klinik Psixiatriya — Autizm spektri pozuntusu (ASP)"
"6A02.html"	"az"	"мета-описание"	"Klinik Psixiatriya — AUTİZM SPEKTRİ POZUNTUSU (ASP)"	"Klinik Psixiatriya — Autizm spektri pozuntusu (ASP)"
"6A02.html"	"az"	"подпись-заказа"	"Klinik psixiatriya"	"Klinik Psixiatriya"
"6A02.html"	"az"	"шапка-книги"	"Klinik psixiatriya"	"Klinik Psixiatriya"
"6A03.html"	"az"	"мета-заголовок"	"İNKİŞAF ÖYRƏNMƏ POZUNTUSU | KLİNİK PSİXİATRİYA"	"İnkişaf öyrənmə pozuntusu | Klinik Psixiatriya"
"6A03.html"	"az"	"мета-заголовок"	"İNKİŞAF ÖYRƏNMƏ POZUNTUSU | KLİNİK PSİXİATRİYA"	"İnkişaf öyrənmə pozuntusu | Klinik Psixiatriya"
"6A03.html"	"az"	"мета-описание"	"Klinik Psixiatriya — İNKİŞAF ÖYRƏNMƏ POZUNTUSU"	"Klinik Psixiatriya — İnkişaf öyrənmə pozuntusu"
"6A03.html"	"az"	"мета-описание"	"Klinik Psixiatriya — İNKİŞAF ÖYRƏNMƏ POZUNTUSU"	"Klinik Psixiatriya — İnkişaf öyrənmə pozuntusu"
"6A03.html"	"az"	"подпись-заказа"	"Klinik psixiatriya"	"Klinik Psixiatriya"
"6A03.html"	"az"	"шапка-книги"	"Klinik psixiatriya"	"Klinik Psixiatriya"
"6A04.html"	"az"	"мета-заголовок"	"İNKİŞAF HƏRƏKİ KOORDİNASİYA POZUNTUSU (DCD) | KLİNİK PSİXİATRİYA"	"İnkişaf hərəki koordinasiya pozuntusu (DCD) | Klinik Psixiatriya"
"6A04.html"	"az"	"мета-заголовок"	"İNKİŞAF HƏRƏKİ KOORDİNASİYA POZUNTUSU (DCD) | KLİNİK PSİXİATRİYA"	"İnkişaf hərəki koordinasiya pozuntusu (DCD) | Klinik Psixiatriya"
"6A04.html"	"az"	"мета-описание"	"Klinik Psixiatriya — İNKİŞAF HƏRƏKİ KOORDİNASİYA POZUNTUSU (DCD)"	"Klinik Psixiatriya — İnkişaf hərəki koordinasiya pozuntusu (DCD)"
"6A04.html"	"az"	"мета-описание"	"Klinik Psixiatriya — İNKİŞAF HƏRƏKİ KOORDİNASİYA POZUNTUSU (DCD)"	"Klinik Psixiatriya — İnkişaf hərəki koordinasiya pozuntusu (DCD)"
"6A04.html"	"az"	"подпись-заказа"	"Klinik psixiatriya"	"Klinik Psixiatriya"
"6A04.html"	"az"	"шапка-книги"	"Klinik psixiatriya"	"Klinik Psixiatriya"
"6A05.html"	"az"	"мета-заголовок"	"DİQQƏT DEFİSİTİ VƏ HİPERAKTİVLİK POZUNTUSU (DDHP) | KLİNİK PSİXİATRİYA"	"Diqqət defisiti və hiperaktivlik pozuntusu (DDHP) | Klinik Psixiatriya"
"6A05.html"	"az"	"мета-заголовок"	"DİQQƏT DEFİSİTİ VƏ HİPERAKTİVLİK POZUNTUSU (DDHP) | KLİNİK PSİXİATRİYA"	"Diqqət defisiti və hiperaktivlik pozuntusu (DDHP) | Klinik Psixiatriya"
"6A05.html"	"az"	"мета-описание"	"Klinik Psixiatriya — DİQQƏT DEFİSİTİ VƏ HİPERAKTİVLİK POZUNTUSU (DDHP)"	"Klinik Psixiatriya — Diqqət defisiti və hiperaktivlik pozuntusu (DDHP)"
"6A05.html"	"az"	"мета-описание"	"Klinik Psixiatriya — DİQQƏT DEFİSİTİ VƏ HİPERAKTİVLİK POZUNTUSU (DDHP)"	"Klinik Psixiatriya — Diqqət defisiti və hiperaktivlik pozuntusu (DDHP)"
"6A05.html"	"az"	"подпись-заказа"	"Klinik psixiatriya"	"Klinik Psixiatriya"
"6A05.html"	"az"	"шапка-книги"	"Klinik psixiatriya"	"Klinik Psixiatriya"
"6A06.html"	"az"	"мета-заголовок"	"STEREOTİPİK HƏRƏKƏT POZUNTUSU | KLİNİK PSİXİATRİYA"	"Stereotipik hərəkət pozuntusu | Klinik Psixiatriya"
"6A06.html"	"az"	"мета-заголовок"	"STEREOTİPİK HƏRƏKƏT POZUNTUSU | KLİNİK PSİXİATRİYA"	"Stereotipik hərəkət pozuntusu | Klinik Psixiatriya"
"6A06.html"	"az"	"мета-описание"	"Klinik Psixiatriya — STEREOTİPİK HƏRƏKƏT POZUNTUSU"	"Klinik Psixiatriya — Stereotipik hərəkət pozuntusu"
"6A06.html"	"az"	"мета-описание"	"Klinik Psixiatriya — STEREOTİPİK HƏRƏKƏT POZUNTUSU"	"Klinik Psixiatriya — Stereotipik hərəkət pozuntusu"
"6A06.html"	"az"	"подпись-заказа"	"Klinik psixiatriya"	"Klinik Psixiatriya"
"6A06.html"	"az"	"шапка-книги"	"Klinik psixiatriya"	"Klinik Psixiatriya"
"6A20.html"	"az"	"мета-заголовок"	"ŞİZOFRENİYA | KLİNİK PSİXİATRİYA"	"Şizofreniya | Klinik Psixiatriya"
"6A20.html"	"az"	"мета-заголовок"	"ŞİZOFRENİYA | KLİNİK PSİXİATRİYA"	"Şizofreniya | Klinik Psixiatriya"
"6A20.html"	"az"	"мета-описание"	"Klinik Psixiatriya — ŞİZOFRENİYA"	"Klinik Psixiatriya — Şizofreniya"
"6A20.html"	"az"	"мета-описание"	"Klinik Psixiatriya — ŞİZOFRENİYA"	"Klinik Psixiatriya — Şizofreniya"
"6A20.html"	"az"	"подпись-заказа"	"Klinik psixiatriya"	"Klinik Psixiatriya"
"6A20.html"	"az"	"шапка-книги"	"Klinik psixiatriya"	"Klinik Psixiatriya"
"6A21.html"	"az"	"мета-заголовок"	"ŞİZOAFFEKTİV POZUNTU | KLİNİK PSİXİATRİYA"	"Şizoaffektiv pozuntu | Klinik Psixiatriya"
"6A21.html"	"az"	"мета-заголовок"	"ŞİZOAFFEKTİV POZUNTU | KLİNİK PSİXİATRİYA"	"Şizoaffektiv pozuntu | Klinik Psixiatriya"
"6A21.html"	"az"	"мета-описание"	"Klinik Psixiatriya — ŞİZOAFFEKTİV POZUNTU"	"Klinik Psixiatriya — Şizoaffektiv pozuntu"
"6A21.html"	"az"	"мета-описание"	"Klinik Psixiatriya — ŞİZOAFFEKTİV POZUNTU"	"Klinik Psixiatriya — Şizoaffektiv pozuntu"
"6A21.html"	"az"	"подпись-заказа"	"Klinik psixiatriya"	"Klinik Psixiatriya"
"6A21.html"	"az"	"шапка-книги"	"Klinik psixiatriya"	"Klinik Psixiatriya"
"6A22.html"	"az"	"мета-заголовок"	"ŞİZOTİPİK POZUNTU | KLİNİK PSİXİATRİYA"	"Şizotipik pozuntu | Klinik Psixiatriya"
"6A22.html"	"az"	"мета-заголовок"	"ŞİZOTİPİK POZUNTU | KLİNİK PSİXİATRİYA"	"Şizotipik pozuntu | Klinik Psixiatriya"
"6A22.html"	"az"	"мета-описание"	"Klinik Psixiatriya — ŞİZOTİPİK POZUNTU"	"Klinik Psixiatriya — Şizotipik pozuntu"
"6A22.html"	"az"	"мета-описание"	"Klinik Psixiatriya — ŞİZOTİPİK POZUNTU"	"Klinik Psixiatriya — Şizotipik pozuntu"
"6A22.html"	"az"	"подпись-заказа"	"Klinik psixiatriya"	"Klinik Psixiatriya"
"6A22.html"	"az"	"шапка-книги"	"Klinik psixiatriya"	"Klinik Psixiatriya"
"6A23.html"	"az"	"мета-заголовок"	"KƏSKİN VƏ KEÇİCİ PSİXOTİK POZUNTU | KLİNİK PSİXİATRİYA"	"Kəskin və keçici psixotik pozuntu | Klinik Psixiatriya"
"6A23.html"	"az"	"мета-заголовок"	"KƏSKİN VƏ KEÇİCİ PSİXOTİK POZUNTU | KLİNİK PSİXİATRİYA"	"Kəskin və keçici psixotik pozuntu | Klinik Psixiatriya"
"6A23.html"	"az"	"мета-описание"	"Klinik Psixiatriya — KƏSKİN VƏ KEÇİCİ PSİXOTİK POZUNTU"	"Klinik Psixiatriya — Kəskin və keçici psixotik pozuntu"
"6A23.html"	"az"	"мета-описание"	"Klinik Psixiatriya — KƏSKİN VƏ KEÇİCİ PSİXOTİK POZUNTU"	"Klinik Psixiatriya — Kəskin və keçici psixotik pozuntu"
"6A23.html"	"az"	"подпись-заказа"	"Klinik psixiatriya"	"Klinik Psixiatriya"
"6A23.html"	"az"	"шапка-книги"	"Klinik psixiatriya"	"Klinik Psixiatriya"
"6A24.html"	"az"	"мета-заголовок"	"SAYIQLAMA POZUNTUSU | KLİNİK PSİXİATRİYA"	"Sayıqlama pozuntusu | Klinik Psixiatriya"
"6A24.html"	"az"	"мета-заголовок"	"SAYIQLAMA POZUNTUSU | KLİNİK PSİXİATRİYA"	"Sayıqlama pozuntusu | Klinik Psixiatriya"
"6A24.html"	"az"	"мета-описание"	"Klinik Psixiatriya — SAYIQLAMA POZUNTUSU"	"Klinik Psixiatriya — Sayıqlama pozuntusu"
"6A24.html"	"az"	"мета-описание"	"Klinik Psixiatriya — SAYIQLAMA POZUNTUSU"	"Klinik Psixiatriya — Sayıqlama pozuntusu"
"6A24.html"	"az"	"подпись-заказа"	"Klinik psixiatriya"	"Klinik Psixiatriya"
"6A24.html"	"az"	"шапка-книги"	"Klinik psixiatriya"	"Klinik Psixiatriya"
"6A25.html"	"az"	"мета-заголовок"	"İLKİN PSİXOTİK POZUNTULARIN SİMPTOM DOMENLƏRİ | KLİNİK PSİXİATRİYA"	"İlkin psixotik pozuntuların simptom domenləri | Klinik Psixiatriya"
"6A25.html"	"az"	"мета-заголовок"	"İLKİN PSİXOTİK POZUNTULARIN SİMPTOM DOMENLƏRİ | KLİNİK PSİXİATRİYA"	"İlkin psixotik pozuntuların simptom domenləri | Klinik Psixiatriya"
"6A25.html"	"az"	"мета-описание"	"Klinik Psixiatriya — İLKİN PSİXOTİK POZUNTULARIN SİMPTOM DOMENLƏRİ"	"Klinik Psixiatriya — İlkin psixotik pozuntuların simptom domenləri"
"6A25.html"	"az"	"мета-описание"	"Klinik Psixiatriya — İLKİN PSİXOTİK POZUNTULARIN SİMPTOM DOMENLƏRİ"	"Klinik Psixiatriya — İlkin psixotik pozuntuların simptom domenləri"
"6A25.html"	"az"	"подпись-заказа"	"Klinik psixiatriya"	"Klinik Psixiatriya"
"6A25.html"	"az"	"шапка-книги"	"Klinik psixiatriya"	"Klinik Psixiatriya"
"6A40.html"	"az"	"мета-заголовок"	"BAŞQA BİR PSİXİ POZUNTU İLƏ ƏLAQƏLİ KATATONİYA | KLİNİK PSİXİATRİYA"	"Başqa bir psixi pozuntu ilə əlaqəli katatoniya | Klinik Psixiatriya"
"6A40.html"	"az"	"мета-заголовок"	"BAŞQA BİR PSİXİ POZUNTU İLƏ ƏLAQƏLİ KATATONİYA | KLİNİK PSİXİATRİYA"	"Başqa bir psixi pozuntu ilə əlaqəli katatoniya | Klinik Psixiatriya"
"6A40.html"	"az"	"мета-описание"	"Klinik Psixiatriya — KATATONİYA — ÜMUMİ PRİNSİPLƏR"	"Klinik Psixiatriya — Başqa bir psixi pozuntu ilə əlaqəli katatoniya"
"6A40.html"	"az"	"мета-описание"	"Klinik Psixiatriya — KATATONİYA — ÜMUMİ PRİNSİPLƏR"	"Klinik Psixiatriya — Başqa bir psixi pozuntu ilə əlaqəli katatoniya"
"6A40.html"	"az"	"подпись-заказа"	"Klinik psixiatriya"	"Klinik Psixiatriya"
"6A40.html"	"az"	"шапка-книги"	"Klinik psixiatriya"	"Klinik Psixiatriya"
"6A60.html"	"az"	"мета-заголовок"	"BİPOLYAR POZUNTU TİP I | KLİNİK PSİXİATRİYA"	"Bipolyar pozuntu tip I | Klinik Psixiatriya"
"6A60.html"	"az"	"мета-заголовок"	"BİPOLYAR POZUNTU TİP I | KLİNİK PSİXİATRİYA"	"Bipolyar pozuntu tip I | Klinik Psixiatriya"
"6A60.html"	"az"	"мета-описание"	"Klinik Psixiatriya — BİPOLYAR POZUNTU TİP I"	"Klinik Psixiatriya — Bipolyar pozuntu tip I"
"6A60.html"	"az"	"мета-описание"	"Klinik Psixiatriya — BİPOLYAR POZUNTU TİP I"	"Klinik Psixiatriya — Bipolyar pozuntu tip I"
"6A60.html"	"az"	"подпись-заказа"	"Klinik psixiatriya"	"Klinik Psixiatriya"
"6A60.html"	"az"	"шапка-книги"	"Klinik psixiatriya"	"Klinik Psixiatriya"
"6A61.html"	"az"	"мета-заголовок"	"BİPOLYAR POZUNTU TİP II | KLİNİK PSİXİATRİYA"	"Bipolyar pozuntu tip II | Klinik Psixiatriya"
"6A61.html"	"az"	"мета-заголовок"	"BİPOLYAR POZUNTU TİP II | KLİNİK PSİXİATRİYA"	"Bipolyar pozuntu tip II | Klinik Psixiatriya"
"6A61.html"	"az"	"мета-описание"	"Klinik Psixiatriya — BİPOLYAR POZUNTU TİP II"	"Klinik Psixiatriya — Bipolyar pozuntu tip II"
"6A61.html"	"az"	"мета-описание"	"Klinik Psixiatriya — BİPOLYAR POZUNTU TİP II"	"Klinik Psixiatriya — Bipolyar pozuntu tip II"
"6A61.html"	"az"	"подпись-заказа"	"Klinik psixiatriya"	"Klinik Psixiatriya"
"6A61.html"	"az"	"шапка-книги"	"Klinik psixiatriya"	"Klinik Psixiatriya"
"6A62.html"	"az"	"мета-заголовок"	"SİKLOTİMİK POZUNTU | KLİNİK PSİXİATRİYA"	"Siklotimik pozuntu | Klinik Psixiatriya"
"6A62.html"	"az"	"мета-заголовок"	"SİKLOTİMİK POZUNTU | KLİNİK PSİXİATRİYA"	"Siklotimik pozuntu | Klinik Psixiatriya"
"6A62.html"	"az"	"мета-описание"	"Klinik Psixiatriya — SİKLOTİMİK POZUNTU"	"Klinik Psixiatriya — Siklotimik pozuntu"
"6A62.html"	"az"	"мета-описание"	"Klinik Psixiatriya — SİKLOTİMİK POZUNTU"	"Klinik Psixiatriya — Siklotimik pozuntu"
"6A62.html"	"az"	"подпись-заказа"	"Klinik psixiatriya"	"Klinik Psixiatriya"
"6A62.html"	"az"	"шапка-книги"	"Klinik psixiatriya"	"Klinik Psixiatriya"
"6A70.html"	"az"	"мета-заголовок"	"TƏK EPİZODLU DEPRESSİV POZUNTU | KLİNİK PSİXİATRİYA"	"Tək epizodlu depressiv pozuntu | Klinik Psixiatriya"
"6A70.html"	"az"	"мета-заголовок"	"TƏK EPİZODLU DEPRESSİV POZUNTU | KLİNİK PSİXİATRİYA"	"Tək epizodlu depressiv pozuntu | Klinik Psixiatriya"
"6A70.html"	"az"	"мета-описание"	"Klinik Psixiatriya — TƏK EPİZODLU DEPRESSİV POZUNTU"	"Klinik Psixiatriya — Tək epizodlu depressiv pozuntu"
"6A70.html"	"az"	"мета-описание"	"Klinik Psixiatriya — TƏK EPİZODLU DEPRESSİV POZUNTU"	"Klinik Psixiatriya — Tək epizodlu depressiv pozuntu"
"6A70.html"	"az"	"подпись-заказа"	"Klinik psixiatriya"	"Klinik Psixiatriya"
"6A70.html"	"az"	"шапка-книги"	"Klinik psixiatriya"	"Klinik Psixiatriya"
"6A71.html"	"az"	"мета-заголовок"	"TƏKRARLANAN DEPRESSİV POZUNTU | KLİNİK PSİXİATRİYA"	"Təkrarlanan depressiv pozuntu | Klinik Psixiatriya"
"6A71.html"	"az"	"мета-заголовок"	"TƏKRARLANAN DEPRESSİV POZUNTU | KLİNİK PSİXİATRİYA"	"Təkrarlanan depressiv pozuntu | Klinik Psixiatriya"
"6A71.html"	"az"	"мета-описание"	"Klinik Psixiatriya — TƏKRARLANAN DEPRESSİV POZUNTU"	"Klinik Psixiatriya — Təkrarlanan depressiv pozuntu"
"6A71.html"	"az"	"мета-описание"	"Klinik Psixiatriya — TƏKRARLANAN DEPRESSİV POZUNTU"	"Klinik Psixiatriya — Təkrarlanan depressiv pozuntu"
"6A71.html"	"az"	"подпись-заказа"	"Klinik psixiatriya"	"Klinik Psixiatriya"
"6A71.html"	"az"	"шапка-книги"	"Klinik psixiatriya"	"Klinik Psixiatriya"
"6A72.html"	"az"	"мета-заголовок"	"DİSTİMİK POZUNTU | KLİNİK PSİXİATRİYA"	"Distimik pozuntu | Klinik Psixiatriya"
"6A72.html"	"az"	"мета-заголовок"	"DİSTİMİK POZUNTU | KLİNİK PSİXİATRİYA"	"Distimik pozuntu | Klinik Psixiatriya"
"6A72.html"	"az"	"мета-описание"	"Klinik Psixiatriya — DİSTİMİK POZUNTU"	"Klinik Psixiatriya — Distimik pozuntu"
"6A72.html"	"az"	"мета-описание"	"Klinik Psixiatriya — DİSTİMİK POZUNTU"	"Klinik Psixiatriya — Distimik pozuntu"
"6A72.html"	"az"	"подпись-заказа"	"Klinik psixiatriya"	"Klinik Psixiatriya"
"6A72.html"	"az"	"шапка-книги"	"Klinik psixiatriya"	"Klinik Psixiatriya"
"6B00.html"	"az"	"мета-заголовок"	"GENERALİZƏ OLUNMUŞ TƏŞVİŞ POZUNTUSU (GAD) | KLİNİK PSİXİATRİYA"	"Generalizə olunmuş təşviş pozuntusu (GAD) | Klinik Psixiatriya"
"6B00.html"	"az"	"мета-заголовок"	"GENERALİZƏ OLUNMUŞ TƏŞVİŞ POZUNTUSU (GAD) | KLİNİK PSİXİATRİYA"	"Generalizə olunmuş təşviş pozuntusu (GAD) | Klinik Psixiatriya"
"6B00.html"	"az"	"мета-описание"	"Klinik Psixiatriya — GENERALİZƏ OLUNMUŞ TƏŞVİŞ POZUNTUSU (GAD)"	"Klinik Psixiatriya — Generalizə olunmuş təşviş pozuntusu (GAD)"
"6B00.html"	"az"	"мета-описание"	"Klinik Psixiatriya — GENERALİZƏ OLUNMUŞ TƏŞVİŞ POZUNTUSU (GAD)"	"Klinik Psixiatriya — Generalizə olunmuş təşviş pozuntusu (GAD)"
"6B00.html"	"az"	"подпись-заказа"	"Klinik psixiatriya"	"Klinik Psixiatriya"
"6B00.html"	"az"	"шапка-книги"	"Klinik psixiatriya"	"Klinik Psixiatriya"
"6B01.html"	"az"	"мета-заголовок"	"PANİK POZUNTU | KLİNİK PSİXİATRİYA"	"Panik pozuntu | Klinik Psixiatriya"
"6B01.html"	"az"	"мета-заголовок"	"PANİK POZUNTU | KLİNİK PSİXİATRİYA"	"Panik pozuntu | Klinik Psixiatriya"
"6B01.html"	"az"	"мета-описание"	"Klinik Psixiatriya — PANİK POZUNTU"	"Klinik Psixiatriya — Panik pozuntu"
"6B01.html"	"az"	"мета-описание"	"Klinik Psixiatriya — PANİK POZUNTU"	"Klinik Psixiatriya — Panik pozuntu"
"6B01.html"	"az"	"подпись-заказа"	"Klinik psixiatriya"	"Klinik Psixiatriya"
"6B01.html"	"az"	"шапка-книги"	"Klinik psixiatriya"	"Klinik Psixiatriya"
"6B02.html"	"az"	"мета-заголовок"	"AQORAFOBİYA | KLİNİK PSİXİATRİYA"	"Aqorafobiya | Klinik Psixiatriya"
"6B02.html"	"az"	"мета-заголовок"	"AQORAFOBİYA | KLİNİK PSİXİATRİYA"	"Aqorafobiya | Klinik Psixiatriya"
"6B02.html"	"az"	"мета-описание"	"Klinik Psixiatriya — AQORAFOBİYA"	"Klinik Psixiatriya — Aqorafobiya"
"6B02.html"	"az"	"мета-описание"	"Klinik Psixiatriya — AQORAFOBİYA"	"Klinik Psixiatriya — Aqorafobiya"
"6B02.html"	"az"	"подпись-заказа"	"Klinik psixiatriya"	"Klinik Psixiatriya"
"6B02.html"	"az"	"шапка-книги"	"Klinik psixiatriya"	"Klinik Psixiatriya"
"6B03.html"	"az"	"мета-заголовок"	"SPESİFİK FOBİYA | KLİNİK PSİXİATRİYA"	"Spesifik fobiya | Klinik Psixiatriya"
"6B03.html"	"az"	"мета-заголовок"	"SPESİFİK FOBİYA | KLİNİK PSİXİATRİYA"	"Spesifik fobiya | Klinik Psixiatriya"
"6B03.html"	"az"	"мета-описание"	"Klinik Psixiatriya — SPESİFİK FOBİYA"	"Klinik Psixiatriya — Spesifik fobiya"
"6B03.html"	"az"	"мета-описание"	"Klinik Psixiatriya — SPESİFİK FOBİYA"	"Klinik Psixiatriya — Spesifik fobiya"
"6B03.html"	"az"	"подпись-заказа"	"Klinik psixiatriya"	"Klinik Psixiatriya"
"6B03.html"	"az"	"шапка-книги"	"Klinik psixiatriya"	"Klinik Psixiatriya"
"6B04.html"	"az"	"мета-заголовок"	"SOSİAL TƏŞVİŞ POZUNTUSU (SOSİAL FOBİYA) | KLİNİK PSİXİATRİYA"	"Sosial təşviş pozuntusu | Klinik Psixiatriya"
"6B04.html"	"az"	"мета-заголовок"	"SOSİAL TƏŞVİŞ POZUNTUSU (SOSİAL FOBİYA) | KLİNİK PSİXİATRİYA"	"Sosial təşviş pozuntusu | Klinik Psixiatriya"
"6B04.html"	"az"	"мета-описание"	"Klinik Psixiatriya — SOSİAL TƏŞVİŞ POZUNTUSU (SOSİAL FOBİYA)"	"Klinik Psixiatriya — Sosial təşviş pozuntusu"
"6B04.html"	"az"	"мета-описание"	"Klinik Psixiatriya — SOSİAL TƏŞVİŞ POZUNTUSU (SOSİAL FOBİYA)"	"Klinik Psixiatriya — Sosial təşviş pozuntusu"
"6B04.html"	"az"	"подпись-заказа"	"Klinik psixiatriya"	"Klinik Psixiatriya"
"6B04.html"	"az"	"шапка-книги"	"Klinik psixiatriya"	"Klinik Psixiatriya"
"6B05.html"	"az"	"мета-заголовок"	"AYRILMA TƏŞVİŞİ POZUNTUSU | KLİNİK PSİXİATRİYA"	"Ayrılma təşvişi pozuntusu | Klinik Psixiatriya"
"6B05.html"	"az"	"мета-заголовок"	"AYRILMA TƏŞVİŞİ POZUNTUSU | KLİNİK PSİXİATRİYA"	"Ayrılma təşvişi pozuntusu | Klinik Psixiatriya"
"6B05.html"	"az"	"мета-описание"	"Klinik Psixiatriya — AYRILMA TƏŞVİŞİ POZUNTUSU"	"Klinik Psixiatriya — Ayrılma təşvişi pozuntusu"
"6B05.html"	"az"	"мета-описание"	"Klinik Psixiatriya — AYRILMA TƏŞVİŞİ POZUNTUSU"	"Klinik Psixiatriya — Ayrılma təşvişi pozuntusu"
"6B05.html"	"az"	"подпись-заказа"	"Klinik psixiatriya"	"Klinik Psixiatriya"
"6B05.html"	"az"	"шапка-книги"	"Klinik psixiatriya"	"Klinik Psixiatriya"
"6B06.html"	"az"	"мета-заголовок"	"SELEKTİV MUTİZM | KLİNİK PSİXİATRİYA"	"Selektiv mutizm | Klinik Psixiatriya"
"6B06.html"	"az"	"мета-заголовок"	"SELEKTİV MUTİZM | KLİNİK PSİXİATRİYA"	"Selektiv mutizm | Klinik Psixiatriya"
"6B06.html"	"az"	"мета-описание"	"Klinik Psixiatriya — SELEKTİV MUTİZM"	"Klinik Psixiatriya — Selektiv mutizm"
"6B06.html"	"az"	"мета-описание"	"Klinik Psixiatriya — SELEKTİV MUTİZM"	"Klinik Psixiatriya — Selektiv mutizm"
"6B06.html"	"az"	"подпись-заказа"	"Klinik psixiatriya"	"Klinik Psixiatriya"
"6B06.html"	"az"	"шапка-книги"	"Klinik psixiatriya"	"Klinik Psixiatriya"
"6B20.html"	"az"	"мета-заголовок"	"OBSESSİV-KOMPULSİV POZUNTU (OKP) | KLİNİK PSİXİATRİYA"	"Obsessiv-kompulsiv pozuntu (OKP) | Klinik Psixiatriya"
"6B20.html"	"az"	"мета-заголовок"	"OBSESSİV-KOMPULSİV POZUNTU (OKP) | KLİNİK PSİXİATRİYA"	"Obsessiv-kompulsiv pozuntu (OKP) | Klinik Psixiatriya"
"6B20.html"	"az"	"мета-описание"	"Klinik Psixiatriya — OBSESSİV-KOMPULSİV POZUNTU (OKP)"	"Klinik Psixiatriya — Obsessiv-kompulsiv pozuntu (OKP)"
"6B20.html"	"az"	"мета-описание"	"Klinik Psixiatriya — OBSESSİV-KOMPULSİV POZUNTU (OKP)"	"Klinik Psixiatriya — Obsessiv-kompulsiv pozuntu (OKP)"
"6B20.html"	"az"	"подпись-заказа"	"Klinik psixiatriya"	"Klinik Psixiatriya"
"6B20.html"	"az"	"шапка-книги"	"Klinik psixiatriya"	"Klinik Psixiatriya"
"6B21.html"	"az"	"мета-заголовок"	"BƏDƏN DİSMORFİK POZUNTUSU (BDD) | KLİNİK PSİXİATRİYA"	"Bədən dismorfik pozuntusu (BDD) | Klinik Psixiatriya"
"6B21.html"	"az"	"мета-заголовок"	"BƏDƏN DİSMORFİK POZUNTUSU (BDD) | KLİNİK PSİXİATRİYA"	"Bədən dismorfik pozuntusu (BDD) | Klinik Psixiatriya"
"6B21.html"	"az"	"мета-описание"	"Klinik Psixiatriya — BƏDƏN DİSMORFİK POZUNTUSU (BDD)"	"Klinik Psixiatriya — Bədən dismorfik pozuntusu (BDD)"
"6B21.html"	"az"	"мета-описание"	"Klinik Psixiatriya — BƏDƏN DİSMORFİK POZUNTUSU (BDD)"	"Klinik Psixiatriya — Bədən dismorfik pozuntusu (BDD)"
"6B21.html"	"az"	"подпись-заказа"	"Klinik psixiatriya"	"Klinik Psixiatriya"
"6B21.html"	"az"	"шапка-книги"	"Klinik psixiatriya"	"Klinik Psixiatriya"
"6B22.html"	"az"	"мета-заголовок"	"BƏDƏNİN QOXUSU POZUNTUSU | KLİNİK PSİXİATRİYA"	"Bədənin qoxusu pozuntusu | Klinik Psixiatriya"
"6B22.html"	"az"	"мета-заголовок"	"BƏDƏNİN QOXUSU POZUNTUSU | KLİNİK PSİXİATRİYA"	"Bədənin qoxusu pozuntusu | Klinik Psixiatriya"
"6B22.html"	"az"	"мета-описание"	"Klinik Psixiatriya — PATOLOJİ BƏDƏN QOXUSU POZUNTUSU (ORS)"	"Klinik Psixiatriya — Bədənin qoxusu pozuntusu"
"6B22.html"	"az"	"мета-описание"	"Klinik Psixiatriya — PATOLOJİ BƏDƏN QOXUSU POZUNTUSU (ORS)"	"Klinik Psixiatriya — Bədənin qoxusu pozuntusu"
"6B22.html"	"az"	"подпись-заказа"	"Klinik psixiatriya"	"Klinik Psixiatriya"
"6B22.html"	"az"	"шапка-книги"	"Klinik psixiatriya"	"Klinik Psixiatriya"
"6B23.html"	"az"	"мета-заголовок"	"HİPOXONDRİYA | KLİNİK PSİXİATRİYA"	"Hipoxondriya | Klinik Psixiatriya"
"6B23.html"	"az"	"мета-заголовок"	"HİPOXONDRİYA | KLİNİK PSİXİATRİYA"	"Hipoxondriya | Klinik Psixiatriya"
"6B23.html"	"az"	"мета-описание"	"Klinik Psixiatriya — HİPOXONDRİYA (XƏSTƏLİK TƏŞVİŞ POZUNTUSU)"	"Klinik Psixiatriya — Hipoxondriya"
"6B23.html"	"az"	"мета-описание"	"Klinik Psixiatriya — HİPOXONDRİYA (XƏSTƏLİK TƏŞVİŞ POZUNTUSU)"	"Klinik Psixiatriya — Hipoxondriya"
"6B23.html"	"az"	"подпись-заказа"	"Klinik psixiatriya"	"Klinik Psixiatriya"
"6B23.html"	"az"	"шапка-книги"	"Klinik psixiatriya"	"Klinik Psixiatriya"
"6B24.html"	"az"	"мета-заголовок"	"YIĞMA POZUNTUSU | KLİNİK PSİXİATRİYA"	"Yığma pozuntusu | Klinik Psixiatriya"
"6B24.html"	"az"	"мета-заголовок"	"YIĞMA POZUNTUSU | KLİNİK PSİXİATRİYA"	"Yığma pozuntusu | Klinik Psixiatriya"
"6B24.html"	"az"	"мета-описание"	"Klinik Psixiatriya — YIĞMA POZUNTUSU"	"Klinik Psixiatriya — Yığma pozuntusu"
"6B24.html"	"az"	"мета-описание"	"Klinik Psixiatriya — YIĞMA POZUNTUSU"	"Klinik Psixiatriya — Yığma pozuntusu"
"6B24.html"	"az"	"подпись-заказа"	"Klinik psixiatriya"	"Klinik Psixiatriya"
"6B24.html"	"az"	"шапка-книги"	"Klinik psixiatriya"	"Klinik Psixiatriya"
"6B25.html"	"az"	"мета-заголовок"	"BƏDƏNƏ YÖNƏLMİŞ TƏKRAR DAVRANIŞLAR POZUNTUSU | KLİNİK PSİXİATRİYA"	"Bədənə yönəlmiş təkrar davranışlar pozuntusu | Klinik Psixiatriya"
"6B25.html"	"az"	"мета-заголовок"	"BƏDƏNƏ YÖNƏLMİŞ TƏKRAR DAVRANIŞLAR POZUNTUSU | KLİNİK PSİXİATRİYA"	"Bədənə yönəlmiş təkrar davranışlar pozuntusu | Klinik Psixiatriya"
"6B25.html"	"az"	"мета-описание"	"Klinik Psixiatriya — BƏDƏNƏ YÖNƏLMİŞ TƏKRAR DAVRANIŞLAR"	"Klinik Psixiatriya — Bədənə yönəlmiş təkrar davranışlar pozuntusu"
"6B25.html"	"az"	"мета-описание"	"Klinik Psixiatriya — BƏDƏNƏ YÖNƏLMİŞ TƏKRAR DAVRANIŞLAR"	"Klinik Psixiatriya — Bədənə yönəlmiş təkrar davranışlar pozuntusu"
"6B25.html"	"az"	"подпись-заказа"	"Klinik psixiatriya"	"Klinik Psixiatriya"
"6B25.html"	"az"	"шапка-книги"	"Klinik psixiatriya"	"Klinik Psixiatriya"
"6B40.html"	"az"	"мета-заголовок"	"POSTTRAVMATİK STRESS POZUNTUSU (PTSP) | KLİNİK PSİXİATRİYA"	"Posttravmatik stress pozuntusu (PTSP) | Klinik Psixiatriya"
"6B40.html"	"az"	"мета-заголовок"	"POSTTRAVMATİK STRESS POZUNTUSU (PTSP) | KLİNİK PSİXİATRİYA"	"Posttravmatik stress pozuntusu (PTSP) | Klinik Psixiatriya"
"6B40.html"	"az"	"мета-описание"	"Klinik Psixiatriya — POSTTRAVMATİK STRESS POZUNTUSU (PTSP)"	"Klinik Psixiatriya — Posttravmatik stress pozuntusu (PTSP)"
"6B40.html"	"az"	"мета-описание"	"Klinik Psixiatriya — POSTTRAVMATİK STRESS POZUNTUSU (PTSP)"	"Klinik Psixiatriya — Posttravmatik stress pozuntusu (PTSP)"
"6B40.html"	"az"	"подпись-заказа"	"Klinik psixiatriya"	"Klinik Psixiatriya"
"6B40.html"	"az"	"шапка-книги"	"Klinik psixiatriya"	"Klinik Psixiatriya"
"6B41.html"	"az"	"мета-заголовок"	"KOMPLEKS POSTTRAVMATİK STRESS POZUNTUSU (KPTSP) | KLİNİK PSİXİATRİYA"	"Kompleks posttravmatik stress pozuntusu (KPTSP) | Klinik Psixiatriya"
"6B41.html"	"az"	"мета-заголовок"	"KOMPLEKS POSTTRAVMATİK STRESS POZUNTUSU (KPTSP) | KLİNİK PSİXİATRİYA"	"Kompleks posttravmatik stress pozuntusu (KPTSP) | Klinik Psixiatriya"
"6B41.html"	"az"	"мета-описание"	"Klinik Psixiatriya — KOMPLEKS POSTTRAVMATİK STRESS POZUNTUSU (KPTSP)"	"Klinik Psixiatriya — Kompleks posttravmatik stress pozuntusu (KPTSP)"
"6B41.html"	"az"	"мета-описание"	"Klinik Psixiatriya — KOMPLEKS POSTTRAVMATİK STRESS POZUNTUSU (KPTSP)"	"Klinik Psixiatriya — Kompleks posttravmatik stress pozuntusu (KPTSP)"
"6B41.html"	"az"	"подпись-заказа"	"Klinik psixiatriya"	"Klinik Psixiatriya"
"6B41.html"	"az"	"шапка-книги"	"Klinik psixiatriya"	"Klinik Psixiatriya"
"6B42.html"	"az"	"мета-заголовок"	"UZANMIŞ YAS POZUNTUSU | KLİNİK PSİXİATRİYA"	"Uzanmış yas pozuntusu | Klinik Psixiatriya"
"6B42.html"	"az"	"мета-заголовок"	"UZANMIŞ YAS POZUNTUSU | KLİNİK PSİXİATRİYA"	"Uzanmış yas pozuntusu | Klinik Psixiatriya"
"6B42.html"	"az"	"мета-описание"	"Klinik Psixiatriya — UZANMIŞ YAS POZUNTUSU"	"Klinik Psixiatriya — Uzanmış yas pozuntusu"
"6B42.html"	"az"	"мета-описание"	"Klinik Psixiatriya — UZANMIŞ YAS POZUNTUSU"	"Klinik Psixiatriya — Uzanmış yas pozuntusu"
"6B42.html"	"az"	"подпись-заказа"	"Klinik psixiatriya"	"Klinik Psixiatriya"
"6B42.html"	"az"	"шапка-книги"	"Klinik psixiatriya"	"Klinik Psixiatriya"
"6B43.html"	"az"	"мета-заголовок"	"UYĞUNLAŞMA POZUNTUSU | KLİNİK PSİXİATRİYA"	"Uyğunlaşma pozuntusu | Klinik Psixiatriya"
"6B43.html"	"az"	"мета-заголовок"	"UYĞUNLAŞMA POZUNTUSU | KLİNİK PSİXİATRİYA"	"Uyğunlaşma pozuntusu | Klinik Psixiatriya"
"6B43.html"	"az"	"мета-описание"	"Klinik Psixiatriya — UYĞUNLAŞMA POZUNTUSU"	"Klinik Psixiatriya — Uyğunlaşma pozuntusu"
"6B43.html"	"az"	"мета-описание"	"Klinik Psixiatriya — UYĞUNLAŞMA POZUNTUSU"	"Klinik Psixiatriya — Uyğunlaşma pozuntusu"
"6B43.html"	"az"	"подпись-заказа"	"Klinik psixiatriya"	"Klinik Psixiatriya"
"6B43.html"	"az"	"шапка-книги"	"Klinik psixiatriya"	"Klinik Psixiatriya"
"6B44.html"	"az"	"мета-заголовок"	"REAKTİV BAĞLANMA POZUNTUSU | KLİNİK PSİXİATRİYA"	"Reaktiv bağlanma pozuntusu | Klinik Psixiatriya"
"6B44.html"	"az"	"мета-заголовок"	"REAKTİV BAĞLANMA POZUNTUSU | KLİNİK PSİXİATRİYA"	"Reaktiv bağlanma pozuntusu | Klinik Psixiatriya"
"6B44.html"	"az"	"мета-описание"	"Klinik Psixiatriya — REAKTİV BAĞLANMA POZUNTUSU"	"Klinik Psixiatriya — Reaktiv bağlanma pozuntusu"
"6B44.html"	"az"	"мета-описание"	"Klinik Psixiatriya — REAKTİV BAĞLANMA POZUNTUSU"	"Klinik Psixiatriya — Reaktiv bağlanma pozuntusu"
"6B44.html"	"az"	"подпись-заказа"	"Klinik psixiatriya"	"Klinik Psixiatriya"
"6B44.html"	"az"	"шапка-книги"	"Klinik psixiatriya"	"Klinik Psixiatriya"
"6B45.html"	"az"	"мета-заголовок"	"SOSİAL QATILMA MƏHDUDLAŞMASI POZUNTUSU | KLİNİK PSİXİATRİYA"	"Sosial qatılma məhdudlaşması pozuntusu | Klinik Psixiatriya"
"6B45.html"	"az"	"мета-заголовок"	"SOSİAL QATILMA MƏHDUDLAŞMASI POZUNTUSU | KLİNİK PSİXİATRİYA"	"Sosial qatılma məhdudlaşması pozuntusu | Klinik Psixiatriya"
"6B45.html"	"az"	"мета-описание"	"Klinik Psixiatriya — SOSİAL İŞTİRAKIN MƏHDUDLAŞDIRILMASI POZUNTUSU"	"Klinik Psixiatriya — Sosial qatılma məhdudlaşması pozuntusu"
"6B45.html"	"az"	"мета-описание"	"Klinik Psixiatriya — SOSİAL İŞTİRAKIN MƏHDUDLAŞDIRILMASI POZUNTUSU"	"Klinik Psixiatriya — Sosial qatılma məhdudlaşması pozuntusu"
"6B45.html"	"az"	"подпись-заказа"	"Klinik psixiatriya"	"Klinik Psixiatriya"
"6B45.html"	"az"	"шапка-книги"	"Klinik psixiatriya"	"Klinik Psixiatriya"
"6B60.html"	"az"	"мета-заголовок"	"DİSSOSİATİV NEVROLOJİ SİMPTOM POZUNTUSU | KLİNİK PSİXİATRİYA"	"Dissosiativ nevroloji simptom pozuntusu | Klinik Psixiatriya"
"6B60.html"	"az"	"мета-заголовок"	"DİSSOSİATİV NEVROLOJİ SİMPTOM POZUNTUSU | KLİNİK PSİXİATRİYA"	"Dissosiativ nevroloji simptom pozuntusu | Klinik Psixiatriya"
"6B60.html"	"az"	"мета-описание"	"Klinik Psixiatriya — DİSSOSİATİV NEVROLOJİ SİMPTOM POZUNTUSU"	"Klinik Psixiatriya — Dissosiativ nevroloji simptom pozuntusu"
"6B60.html"	"az"	"мета-описание"	"Klinik Psixiatriya — DİSSOSİATİV NEVROLOJİ SİMPTOM POZUNTUSU"	"Klinik Psixiatriya — Dissosiativ nevroloji simptom pozuntusu"
"6B60.html"	"az"	"подпись-заказа"	"Klinik psixiatriya"	"Klinik Psixiatriya"
"6B60.html"	"az"	"шапка-книги"	"Klinik psixiatriya"	"Klinik Psixiatriya"
"6B61.html"	"az"	"мета-заголовок"	"DİSSOSİATİV AMNEZİYA | KLİNİK PSİXİATRİYA"	"Dissosiativ amneziya | Klinik Psixiatriya"
"6B61.html"	"az"	"мета-заголовок"	"DİSSOSİATİV AMNEZİYA | KLİNİK PSİXİATRİYA"	"Dissosiativ amneziya | Klinik Psixiatriya"
"6B61.html"	"az"	"мета-описание"	"Klinik Psixiatriya — DİSSOSİATİV AMNEZİYA"	"Klinik Psixiatriya — Dissosiativ amneziya"
"6B61.html"	"az"	"мета-описание"	"Klinik Psixiatriya — DİSSOSİATİV AMNEZİYA"	"Klinik Psixiatriya — Dissosiativ amneziya"
"6B61.html"	"az"	"подпись-заказа"	"Klinik psixiatriya"	"Klinik Psixiatriya"
"6B61.html"	"az"	"шапка-книги"	"Klinik psixiatriya"	"Klinik Psixiatriya"
"6B64.html"	"az"	"мета-заголовок"	"DİSSOSİATİV İDENTİFİKASİYA POZUNTUSU (DİP) | KLİNİK PSİXİATRİYA"	"Dissosiativ identifikasiya pozuntusu (DİP) | Klinik Psixiatriya"
"6B64.html"	"az"	"мета-заголовок"	"DİSSOSİATİV İDENTİFİKASİYA POZUNTUSU (DİP) | KLİNİK PSİXİATRİYA"	"Dissosiativ identifikasiya pozuntusu (DİP) | Klinik Psixiatriya"
"6B64.html"	"az"	"мета-описание"	"Klinik Psixiatriya — DİSSOSİATİV İDENTİFİKASİYA POZUNTUSU (DİP)"	"Klinik Psixiatriya — Dissosiativ identifikasiya pozuntusu (DİP)"
"6B64.html"	"az"	"мета-описание"	"Klinik Psixiatriya — DİSSOSİATİV İDENTİFİKASİYA POZUNTUSU (DİP)"	"Klinik Psixiatriya — Dissosiativ identifikasiya pozuntusu (DİP)"
"6B64.html"	"az"	"подпись-заказа"	"Klinik psixiatriya"	"Klinik Psixiatriya"
"6B64.html"	"az"	"шапка-книги"	"Klinik psixiatriya"	"Klinik Psixiatriya"
"6B65.html"	"az"	"мета-заголовок"	"PARSİAL DİSSOSİATİV İDENTİFİKASİYA POZUNTUSU | KLİNİK PSİXİATRİYA"	"Parsial dissosiativ identifikasiya pozuntusu | Klinik Psixiatriya"
"6B65.html"	"az"	"мета-заголовок"	"PARSİAL DİSSOSİATİV İDENTİFİKASİYA POZUNTUSU | KLİNİK PSİXİATRİYA"	"Parsial dissosiativ identifikasiya pozuntusu | Klinik Psixiatriya"
"6B65.html"	"az"	"мета-описание"	"Klinik Psixiatriya — PARSİAL DİSSOSİATİV İDENTİFİKASİYA POZUNTUSU"	"Klinik Psixiatriya — Parsial dissosiativ identifikasiya pozuntusu"
"6B65.html"	"az"	"мета-описание"	"Klinik Psixiatriya — PARSİAL DİSSOSİATİV İDENTİFİKASİYA POZUNTUSU"	"Klinik Psixiatriya — Parsial dissosiativ identifikasiya pozuntusu"
"6B65.html"	"az"	"подпись-заказа"	"Klinik psixiatriya"	"Klinik Psixiatriya"
"6B65.html"	"az"	"шапка-книги"	"Klinik psixiatriya"	"Klinik Psixiatriya"
"6B66.html"	"az"	"мета-заголовок"	"DEPERSONALİZASİYA-DEREALİZASİYA POZUNTUSU | KLİNİK PSİXİATRİYA"	"Depersonalizasiya-derealizasiya pozuntusu | Klinik Psixiatriya"
"6B66.html"	"az"	"мета-заголовок"	"DEPERSONALİZASİYA-DEREALİZASİYA POZUNTUSU | KLİNİK PSİXİATRİYA"	"Depersonalizasiya-derealizasiya pozuntusu | Klinik Psixiatriya"
"6B66.html"	"az"	"мета-описание"	"Klinik Psixiatriya — DEPERSONALİZASİYA-DEREALİZASİYA POZUNTUSU"	"Klinik Psixiatriya — Depersonalizasiya-derealizasiya pozuntusu"
"6B66.html"	"az"	"мета-описание"	"Klinik Psixiatriya — DEPERSONALİZASİYA-DEREALİZASİYA POZUNTUSU"	"Klinik Psixiatriya — Depersonalizasiya-derealizasiya pozuntusu"
"6B66.html"	"az"	"подпись-заказа"	"Klinik psixiatriya"	"Klinik Psixiatriya"
"6B66.html"	"az"	"шапка-книги"	"Klinik psixiatriya"	"Klinik Psixiatriya"
"6B80.html"	"az"	"мета-заголовок"	"SİNİR ANOREKSİYASI | KLİNİK PSİXİATRİYA"	"Sinir anoreksiyası | Klinik Psixiatriya"
"6B80.html"	"az"	"мета-заголовок"	"SİNİR ANOREKSİYASI | KLİNİK PSİXİATRİYA"	"Sinir anoreksiyası | Klinik Psixiatriya"
"6B80.html"	"az"	"мета-описание"	"Klinik Psixiatriya — SİNİR ANOREKSİYASI"	"Klinik Psixiatriya — Sinir anoreksiyası"
"6B80.html"	"az"	"мета-описание"	"Klinik Psixiatriya — SİNİR ANOREKSİYASI"	"Klinik Psixiatriya — Sinir anoreksiyası"
"6B80.html"	"az"	"подпись-заказа"	"Klinik psixiatriya"	"Klinik Psixiatriya"
"6B80.html"	"az"	"шапка-книги"	"Klinik psixiatriya"	"Klinik Psixiatriya"
"6B81.html"	"az"	"мета-заголовок"	"SİNİR BULİMİYASI | KLİNİK PSİXİATRİYA"	"Sinir bulimiyası | Klinik Psixiatriya"
"6B81.html"	"az"	"мета-заголовок"	"SİNİR BULİMİYASI | KLİNİK PSİXİATRİYA"	"Sinir bulimiyası | Klinik Psixiatriya"
"6B81.html"	"az"	"мета-описание"	"Klinik Psixiatriya — SİNİR BULİMİYASI"	"Klinik Psixiatriya — Sinir bulimiyası"
"6B81.html"	"az"	"мета-описание"	"Klinik Psixiatriya — SİNİR BULİMİYASI"	"Klinik Psixiatriya — Sinir bulimiyası"
"6B81.html"	"az"	"подпись-заказа"	"Klinik psixiatriya"	"Klinik Psixiatriya"
"6B81.html"	"az"	"шапка-книги"	"Klinik psixiatriya"	"Klinik Psixiatriya"
"6B82.html"	"az"	"мета-заголовок"	"AŞIRI QİDALANMA POZUNTUSU | KLİNİK PSİXİATRİYA"	"Aşırı qidalanma pozuntusu | Klinik Psixiatriya"
"6B82.html"	"az"	"мета-заголовок"	"AŞIRI QİDALANMA POZUNTUSU | KLİNİK PSİXİATRİYA"	"Aşırı qidalanma pozuntusu | Klinik Psixiatriya"
"6B82.html"	"az"	"мета-описание"	"Klinik Psixiatriya — AŞIRI QİDALANMA POZUNTUSU (BED)"	"Klinik Psixiatriya — Aşırı qidalanma pozuntusu"
"6B82.html"	"az"	"мета-описание"	"Klinik Psixiatriya — AŞIRI QİDALANMA POZUNTUSU (BED)"	"Klinik Psixiatriya — Aşırı qidalanma pozuntusu"
"6B82.html"	"az"	"подпись-заказа"	"Klinik psixiatriya"	"Klinik Psixiatriya"
"6B82.html"	"az"	"шапка-книги"	"Klinik psixiatriya"	"Klinik Psixiatriya"
"6B83.html"	"az"	"мета-заголовок"	"QAÇINAN-MƏHDUDLAŞDIRICI QİDA QƏBULU POZUNTUSU | KLİNİK PSİXİATRİYA"	"Qaçınan-məhdudlaşdırıcı qida qəbulu pozuntusu | Klinik Psixiatriya"
"6B83.html"	"az"	"мета-заголовок"	"QAÇINAN-MƏHDUDLAŞDIRICI QİDA QƏBULU POZUNTUSU | KLİNİK PSİXİATRİYA"	"Qaçınan-məhdudlaşdırıcı qida qəbulu pozuntusu | Klinik Psixiatriya"
"6B83.html"	"az"	"мета-описание"	"Klinik Psixiatriya — QAÇINMA/MƏHDUDLAŞDIRICI QİDA QƏBULU POZUNTUSU (ARFID)"	"Klinik Psixiatriya — Qaçınan-məhdudlaşdırıcı qida qəbulu pozuntusu"
"6B83.html"	"az"	"мета-описание"	"Klinik Psixiatriya — QAÇINMA/MƏHDUDLAŞDIRICI QİDA QƏBULU POZUNTUSU (ARFID)"	"Klinik Psixiatriya — Qaçınan-məhdudlaşdırıcı qida qəbulu pozuntusu"
"6B83.html"	"az"	"подпись-заказа"	"Klinik psixiatriya"	"Klinik Psixiatriya"
"6B83.html"	"az"	"шапка-книги"	"Klinik psixiatriya"	"Klinik Psixiatriya"
"6B84.html"	"az"	"мета-заголовок"	"PİKA | KLİNİK PSİXİATRİYA"	"Pika | Klinik Psixiatriya"
"6B84.html"	"az"	"мета-заголовок"	"PİKA | KLİNİK PSİXİATRİYA"	"Pika | Klinik Psixiatriya"
"6B84.html"	"az"	"мета-описание"	"Klinik Psixiatriya — PİKA"	"Klinik Psixiatriya — Pika"
"6B84.html"	"az"	"мета-описание"	"Klinik Psixiatriya — PİKA"	"Klinik Psixiatriya — Pika"
"6B84.html"	"az"	"подпись-заказа"	"Klinik psixiatriya"	"Klinik Psixiatriya"
"6B84.html"	"az"	"шапка-книги"	"Klinik psixiatriya"	"Klinik Psixiatriya"
"6B85.html"	"az"	"мета-заголовок"	"RUMİNASİYA-REQURGİTASİYA POZUNTUSU | KLİNİK PSİXİATRİYA"	"Ruminasiya-requrgitasiya pozuntusu | Klinik Psixiatriya"
"6B85.html"	"az"	"мета-заголовок"	"RUMİNASİYA-REQURGİTASİYA POZUNTUSU | KLİNİK PSİXİATRİYA"	"Ruminasiya-requrgitasiya pozuntusu | Klinik Psixiatriya"
"6B85.html"	"az"	"мета-описание"	"Klinik Psixiatriya — RUMİNASİYA-GERİ QAYTARMA POZUNTUSU"	"Klinik Psixiatriya — Ruminasiya-requrgitasiya pozuntusu"
"6B85.html"	"az"	"мета-описание"	"Klinik Psixiatriya — RUMİNASİYA-GERİ QAYTARMA POZUNTUSU"	"Klinik Psixiatriya — Ruminasiya-requrgitasiya pozuntusu"
"6B85.html"	"az"	"подпись-заказа"	"Klinik psixiatriya"	"Klinik Psixiatriya"
"6B85.html"	"az"	"шапка-книги"	"Klinik psixiatriya"	"Klinik Psixiatriya"
"6C00.html"	"az"	"мета-заголовок"	"ENUREZ | KLİNİK PSİXİATRİYA"	"Enurez | Klinik Psixiatriya"
"6C00.html"	"az"	"мета-заголовок"	"ENUREZ | KLİNİK PSİXİATRİYA"	"Enurez | Klinik Psixiatriya"
"6C00.html"	"az"	"мета-описание"	"Klinik Psixiatriya — ENUREZ"	"Klinik Psixiatriya — Enurez"
"6C00.html"	"az"	"мета-описание"	"Klinik Psixiatriya — ENUREZ"	"Klinik Psixiatriya — Enurez"
"6C00.html"	"az"	"подпись-заказа"	"Klinik psixiatriya"	"Klinik Psixiatriya"
"6C00.html"	"az"	"шапка-книги"	"Klinik psixiatriya"	"Klinik Psixiatriya"
"6C01.html"	"az"	"мета-заголовок"	"ENKOPREZ | KLİNİK PSİXİATRİYA"	"Enkoprez | Klinik Psixiatriya"
"6C01.html"	"az"	"мета-заголовок"	"ENKOPREZ | KLİNİK PSİXİATRİYA"	"Enkoprez | Klinik Psixiatriya"
"6C01.html"	"az"	"мета-описание"	"Klinik Psixiatriya — ENKOPREZ"	"Klinik Psixiatriya — Enkoprez"
"6C01.html"	"az"	"мета-описание"	"Klinik Psixiatriya — ENKOPREZ"	"Klinik Psixiatriya — Enkoprez"
"6C01.html"	"az"	"подпись-заказа"	"Klinik psixiatriya"	"Klinik Psixiatriya"
"6C01.html"	"az"	"шапка-книги"	"Klinik psixiatriya"	"Klinik Psixiatriya"
"6C20.html"	"az"	"мета-заголовок"	"BƏDƏN DİSTRESSİ POZUNTUSU | KLİNİK PSİXİATRİYA"	"Bədən distresi pozuntusu | Klinik Psixiatriya"
"6C20.html"	"az"	"мета-заголовок"	"BƏDƏN DİSTRESSİ POZUNTUSU | KLİNİK PSİXİATRİYA"	"Bədən distresi pozuntusu | Klinik Psixiatriya"
"6C20.html"	"az"	"мета-описание"	"Klinik Psixiatriya — BƏDƏN DİSTRESİ POZUNTUSU"	"Klinik Psixiatriya — Bədən distresi pozuntusu"
"6C20.html"	"az"	"мета-описание"	"Klinik Psixiatriya — BƏDƏN DİSTRESİ POZUNTUSU"	"Klinik Psixiatriya — Bədən distresi pozuntusu"
"6C20.html"	"az"	"подпись-заказа"	"Klinik psixiatriya"	"Klinik Psixiatriya"
"6C20.html"	"az"	"шапка-книги"	"Klinik psixiatriya"	"Klinik Psixiatriya"
"6C40.html"	"az"	"мета-заголовок"	"ALKOQOL QƏBULUNDAN QAYNAQLANAN POZUNTULAR | KLİNİK PSİXİATRİYA"	"Alkoqol qəbulundan qaynaqlanan pozuntular | Klinik Psixiatriya"
"6C40.html"	"az"	"мета-заголовок"	"ALKOQOL QƏBULUNDAN QAYNAQLANAN POZUNTULAR | KLİNİK PSİXİATRİYA"	"Alkoqol qəbulundan qaynaqlanan pozuntular | Klinik Psixiatriya"
"6C40.html"	"az"	"мета-описание"	"Klinik Psixiatriya — ALKOHOL İSTİFADƏSİ POZUNTULARI"	"Klinik Psixiatriya — Alkoqol qəbulundan qaynaqlanan pozuntular"
"6C40.html"	"az"	"мета-описание"	"Klinik Psixiatriya — ALKOHOL İSTİFADƏSİ POZUNTULARI"	"Klinik Psixiatriya — Alkoqol qəbulundan qaynaqlanan pozuntular"
"6C40.html"	"az"	"подпись-заказа"	"Klinik psixiatriya"	"Klinik Psixiatriya"
"6C40.html"	"az"	"шапка-книги"	"Klinik psixiatriya"	"Klinik Psixiatriya"
"6C41.html"	"az"	"мета-заголовок"	"KANNABİNOİDLƏRİN QƏBULUNDAN QAYNAQLANAN POZUNTULAR | KLİNİK PSİXİATRİYA"	"Kannabinoidlərin qəbulundan qaynaqlanan pozuntular | Klinik Psixiatriya"
"6C41.html"	"az"	"мета-заголовок"	"KANNABİNOİDLƏRİN QƏBULUNDAN QAYNAQLANAN POZUNTULAR | KLİNİK PSİXİATRİYA"	"Kannabinoidlərin qəbulundan qaynaqlanan pozuntular | Klinik Psixiatriya"
"6C41.html"	"az"	"мета-описание"	"Klinik Psixiatriya — KANNABİS İSTİFADƏSİ POZUNTULARI"	"Klinik Psixiatriya — Kannabinoidlərin qəbulundan qaynaqlanan pozuntular"
"6C41.html"	"az"	"мета-описание"	"Klinik Psixiatriya — KANNABİS İSTİFADƏSİ POZUNTULARI"	"Klinik Psixiatriya — Kannabinoidlərin qəbulundan qaynaqlanan pozuntular"
"6C41.html"	"az"	"подпись-заказа"	"Klinik psixiatriya"	"Klinik Psixiatriya"
"6C41.html"	"az"	"шапка-книги"	"Klinik psixiatriya"	"Klinik Psixiatriya"
"6C43.html"	"az"	"мета-заголовок"	"OPİOİDLƏRİN QƏBULUNDAN QAYNAQLANAN POZUNTULAR | KLİNİK PSİXİATRİYA"	"Opioidlərin qəbulundan qaynaqlanan pozuntular | Klinik Psixiatriya"
"6C43.html"	"az"	"мета-заголовок"	"OPİOİDLƏRİN QƏBULUNDAN QAYNAQLANAN POZUNTULAR | KLİNİK PSİXİATRİYA"	"Opioidlərin qəbulundan qaynaqlanan pozuntular | Klinik Psixiatriya"
"6C43.html"	"az"	"мета-описание"	"Klinik Psixiatriya — OPİOİD İSTİFADƏSİ POZUNTULARI"	"Klinik Psixiatriya — Opioidlərin qəbulundan qaynaqlanan pozuntular"
"6C43.html"	"az"	"мета-описание"	"Klinik Psixiatriya — OPİOİD İSTİFADƏSİ POZUNTULARI"	"Klinik Psixiatriya — Opioidlərin qəbulundan qaynaqlanan pozuntular"
"6C43.html"	"az"	"подпись-заказа"	"Klinik psixiatriya"	"Klinik Psixiatriya"
"6C43.html"	"az"	"шапка-книги"	"Klinik psixiatriya"	"Klinik Psixiatriya"
"6C44.html"	"az"	"мета-заголовок"	"SAKİTLƏŞDİRİCİ, HİPNOTİK VƏ YA ANKSİYOLİTİKLƏRİN QƏBULUNDAN QAYNAQLANAN POZUNTULAR | KLİNİK PSİXİATRİYA"	"Sakitləşdirici, hipnotik və ya anksiyolitiklərin qəbulundan qaynaqlanan pozuntular | Klinik Psixiatriya"
"6C44.html"	"az"	"мета-заголовок"	"SAKİTLƏŞDİRİCİ, HİPNOTİK VƏ YA ANKSİYOLİTİKLƏRİN QƏBULUNDAN QAYNAQLANAN POZUNTULAR | KLİNİK PSİXİATRİYA"	"Sakitləşdirici, hipnotik və ya anksiyolitiklərin qəbulundan qaynaqlanan pozuntular | Klinik Psixiatriya"
"6C44.html"	"az"	"мета-описание"	"Klinik Psixiatriya — SEDATİV/HİPNOTİK İSTİFADƏSİ POZUNTULARI"	"Klinik Psixiatriya — Sakitləşdirici, hipnotik və ya anksiyolitiklərin qəbulundan qaynaqlanan pozuntular"
"6C44.html"	"az"	"мета-описание"	"Klinik Psixiatriya — SEDATİV/HİPNOTİK İSTİFADƏSİ POZUNTULARI"	"Klinik Psixiatriya — Sakitləşdirici, hipnotik və ya anksiyolitiklərin qəbulundan qaynaqlanan pozuntular"
"6C44.html"	"az"	"подпись-заказа"	"Klinik psixiatriya"	"Klinik Psixiatriya"
"6C44.html"	"az"	"шапка-книги"	"Klinik psixiatriya"	"Klinik Psixiatriya"
"6C45.html"	"az"	"мета-заголовок"	"KOKAİN QƏBULUNDAN QAYNAQLANAN POZUNTULAR | KLİNİK PSİXİATRİYA"	"Kokain qəbulundan qaynaqlanan pozuntular | Klinik Psixiatriya"
"6C45.html"	"az"	"мета-заголовок"	"KOKAİN QƏBULUNDAN QAYNAQLANAN POZUNTULAR | KLİNİK PSİXİATRİYA"	"Kokain qəbulundan qaynaqlanan pozuntular | Klinik Psixiatriya"
"6C45.html"	"az"	"мета-описание"	"Klinik Psixiatriya — KOKAİN İSTİFADƏSİ POZUNTULARI"	"Klinik Psixiatriya — Kokain qəbulundan qaynaqlanan pozuntular"
"6C45.html"	"az"	"мета-описание"	"Klinik Psixiatriya — KOKAİN İSTİFADƏSİ POZUNTULARI"	"Klinik Psixiatriya — Kokain qəbulundan qaynaqlanan pozuntular"
"6C45.html"	"az"	"подпись-заказа"	"Klinik psixiatriya"	"Klinik Psixiatriya"
"6C45.html"	"az"	"шапка-книги"	"Klinik psixiatriya"	"Klinik Psixiatriya"
"6C46.html"	"az"	"мета-заголовок"	"AMFETAMİN, METAMFETAMİN VƏ YA METKATİNON DA DAXİL OLMAQLA STİMULLAŞDIRICI MADDƏLƏRİN QƏBULUNDAN QAYNAQLANAN POZUNTULAR | KLİNİK PSİXİATRİYA"	"Amfetamin, metamfetamin və ya mekatinon da daxil olmaqla stimullaşdırıcı maddələrin qəbulundan qaynaqlanan pozuntular | Klinik Psixiatriya"
"6C46.html"	"az"	"мета-заголовок"	"AMFETAMİN, METAMFETAMİN VƏ YA METKATİNON DA DAXİL OLMAQLA STİMULLAŞDIRICI MADDƏLƏRİN QƏBULUNDAN QAYNAQLANAN POZUNTULAR | KLİNİK PSİXİATRİYA"	"Amfetamin, metamfetamin və ya mekatinon da daxil olmaqla stimullaşdırıcı maddələrin qəbulundan qaynaqlanan pozuntular | Klinik Psixiatriya"
"6C46.html"	"az"	"мета-описание"	"Klinik Psixiatriya — STİMULYANT İSTİFADƏSİ POZUNTULARI"	"Klinik Psixiatriya — Amfetamin, metamfetamin və ya mekatinon da daxil olmaqla stimullaşdırıcı maddələrin qəbulundan qaynaqlanan pozuntular"
"6C46.html"	"az"	"мета-описание"	"Klinik Psixiatriya — STİMULYANT İSTİFADƏSİ POZUNTULARI"	"Klinik Psixiatriya — Amfetamin, metamfetamin və ya mekatinon da daxil olmaqla stimullaşdırıcı maddələrin qəbulundan qaynaqlanan pozuntular"
"6C46.html"	"az"	"подпись-заказа"	"Klinik psixiatriya"	"Klinik Psixiatriya"
"6C46.html"	"az"	"шапка-книги"	"Klinik psixiatriya"	"Klinik Psixiatriya"
"6C49.html"	"az"	"мета-заголовок"	"HALÜSİNOGENLƏRİN QƏBULUNDAN QAYNAQLANAN POZUNTULAR | KLİNİK PSİXİATRİYA"	"Halüsinogenlərin qəbulundan qaynaqlanan pozuntular | Klinik Psixiatriya"
"6C49.html"	"az"	"мета-заголовок"	"HALÜSİNOGENLƏRİN QƏBULUNDAN QAYNAQLANAN POZUNTULAR | KLİNİK PSİXİATRİYA"	"Halüsinogenlərin qəbulundan qaynaqlanan pozuntular | Klinik Psixiatriya"
"6C49.html"	"az"	"мета-описание"	"Klinik Psixiatriya — HALÜSİNOGEN İSTİFADƏSİ POZUNTULARI"	"Klinik Psixiatriya — Halüsinogenlərin qəbulundan qaynaqlanan pozuntular"
"6C49.html"	"az"	"мета-описание"	"Klinik Psixiatriya — HALÜSİNOGEN İSTİFADƏSİ POZUNTULARI"	"Klinik Psixiatriya — Halüsinogenlərin qəbulundan qaynaqlanan pozuntular"
"6C49.html"	"az"	"подпись-заказа"	"Klinik psixiatriya"	"Klinik Psixiatriya"
"6C49.html"	"az"	"шапка-книги"	"Klinik psixiatriya"	"Klinik Psixiatriya"
"6C4A.html"	"az"	"мета-заголовок"	"NİKOTİN QƏBULUNDAN QAYNAQLANAN POZUNTULAR | KLİNİK PSİXİATRİYA"	"Nikotin qəbulundan qaynaqlanan pozuntular | Klinik Psixiatriya"
"6C4A.html"	"az"	"мета-заголовок"	"NİKOTİN QƏBULUNDAN QAYNAQLANAN POZUNTULAR | KLİNİK PSİXİATRİYA"	"Nikotin qəbulundan qaynaqlanan pozuntular | Klinik Psixiatriya"
"6C4A.html"	"az"	"мета-описание"	"Klinik Psixiatriya — NİKOTİN İSTİFADƏSİ POZUNTULARI"	"Klinik Psixiatriya — Nikotin qəbulundan qaynaqlanan pozuntular"
"6C4A.html"	"az"	"мета-описание"	"Klinik Psixiatriya — NİKOTİN İSTİFADƏSİ POZUNTULARI"	"Klinik Psixiatriya — Nikotin qəbulundan qaynaqlanan pozuntular"
"6C4A.html"	"az"	"подпись-заказа"	"Klinik psixiatriya"	"Klinik Psixiatriya"
"6C4A.html"	"az"	"шапка-книги"	"Klinik psixiatriya"	"Klinik Psixiatriya"
"6C50.html"	"az"	"мета-заголовок"	"QUMAR OYNAMA POZUNTUSU | KLİNİK PSİXİATRİYA"	"Qumar oynama pozuntusu | Klinik Psixiatriya"
"6C50.html"	"az"	"мета-заголовок"	"QUMAR OYNAMA POZUNTUSU | KLİNİK PSİXİATRİYA"	"Qumar oynama pozuntusu | Klinik Psixiatriya"
"6C50.html"	"az"	"мета-описание"	"Klinik Psixiatriya — DAVRANIŞ ASILILIQLARI (QUMAR, OYUN)"	"Klinik Psixiatriya — Qumar oynama pozuntusu"
"6C50.html"	"az"	"мета-описание"	"Klinik Psixiatriya — DAVRANIŞ ASILILIQLARI (QUMAR, OYUN)"	"Klinik Psixiatriya — Qumar oynama pozuntusu"
"6C50.html"	"az"	"подпись-заказа"	"Klinik psixiatriya"	"Klinik Psixiatriya"
"6C50.html"	"az"	"шапка-книги"	"Klinik psixiatriya"	"Klinik Psixiatriya"
"6C51.html"	"az"	"мета-заголовок"	"OYUN OYNAMA POZUNTUSU | KLİNİK PSİXİATRİYA"	"Oyun oynama pozuntusu | Klinik Psixiatriya"
"6C51.html"	"az"	"мета-заголовок"	"OYUN OYNAMA POZUNTUSU | KLİNİK PSİXİATRİYA"	"Oyun oynama pozuntusu | Klinik Psixiatriya"
"6C51.html"	"az"	"мета-описание"	"Klinik Psixiatriya — DAVRANIŞ ASILILIQLARI (QUMAR, OYUN)"	"Klinik Psixiatriya — Oyun oynama pozuntusu"
"6C51.html"	"az"	"мета-описание"	"Klinik Psixiatriya — DAVRANIŞ ASILILIQLARI (QUMAR, OYUN)"	"Klinik Psixiatriya — Oyun oynama pozuntusu"
"6C51.html"	"az"	"подпись-заказа"	"Klinik psixiatriya"	"Klinik Psixiatriya"
"6C51.html"	"az"	"шапка-книги"	"Klinik psixiatriya"	"Klinik Psixiatriya"
"6C70.html"	"az"	"мета-заголовок"	"PİROMANİYA | KLİNİK PSİXİATRİYA"	"Piromaniya | Klinik Psixiatriya"
"6C70.html"	"az"	"мета-заголовок"	"PİROMANİYA | KLİNİK PSİXİATRİYA"	"Piromaniya | Klinik Psixiatriya"
"6C70.html"	"az"	"мета-описание"	"Klinik Psixiatriya — PİROMANİYA"	"Klinik Psixiatriya — Piromaniya"
"6C70.html"	"az"	"мета-описание"	"Klinik Psixiatriya — PİROMANİYA"	"Klinik Psixiatriya — Piromaniya"
"6C70.html"	"az"	"подпись-заказа"	"Klinik psixiatriya"	"Klinik Psixiatriya"
"6C70.html"	"az"	"шапка-книги"	"Klinik psixiatriya"	"Klinik Psixiatriya"
"6C71.html"	"az"	"мета-заголовок"	"KLEPTOMANİYA | KLİNİK PSİXİATRİYA"	"Kleptomaniya | Klinik Psixiatriya"
"6C71.html"	"az"	"мета-заголовок"	"KLEPTOMANİYA | KLİNİK PSİXİATRİYA"	"Kleptomaniya | Klinik Psixiatriya"
"6C71.html"	"az"	"мета-описание"	"Klinik Psixiatriya — KLEPTOMANİYA"	"Klinik Psixiatriya — Kleptomaniya"
"6C71.html"	"az"	"мета-описание"	"Klinik Psixiatriya — KLEPTOMANİYA"	"Klinik Psixiatriya — Kleptomaniya"
"6C71.html"	"az"	"подпись-заказа"	"Klinik psixiatriya"	"Klinik Psixiatriya"
"6C71.html"	"az"	"шапка-книги"	"Klinik psixiatriya"	"Klinik Psixiatriya"
"6C72.html"	"az"	"мета-заголовок"	"KOMPULSİV CİNSİ DAVRANIŞ POZUNTUSU | KLİNİK PSİXİATRİYA"	"Kompulsiv cinsi davranış pozuntusu | Klinik Psixiatriya"
"6C72.html"	"az"	"мета-заголовок"	"KOMPULSİV CİNSİ DAVRANIŞ POZUNTUSU | KLİNİK PSİXİATRİYA"	"Kompulsiv cinsi davranış pozuntusu | Klinik Psixiatriya"
"6C72.html"	"az"	"мета-описание"	"Klinik Psixiatriya — KOMPULSİV CİNSİ DAVRANIŞ POZUNTUSU"	"Klinik Psixiatriya — Kompulsiv cinsi davranış pozuntusu"
"6C72.html"	"az"	"мета-описание"	"Klinik Psixiatriya — KOMPULSİV CİNSİ DAVRANIŞ POZUNTUSU"	"Klinik Psixiatriya — Kompulsiv cinsi davranış pozuntusu"
"6C72.html"	"az"	"подпись-заказа"	"Klinik psixiatriya"	"Klinik Psixiatriya"
"6C72.html"	"az"	"шапка-книги"	"Klinik psixiatriya"	"Klinik Psixiatriya"
"6C73.html"	"az"	"мета-заголовок"	"EPİZODİK EKSPLOSİV POZUNTU (IED) | KLİNİK PSİXİATRİYA"	"Epizodik eksplosiv pozuntu (İED) | Klinik Psixiatriya"
"6C73.html"	"az"	"мета-заголовок"	"EPİZODİK EKSPLOSİV POZUNTU (IED) | KLİNİK PSİXİATRİYA"	"Epizodik eksplosiv pozuntu (İED) | Klinik Psixiatriya"
"6C73.html"	"az"	"мета-описание"	"Klinik Psixiatriya — EPİZODİK EKSPLOSİV POZUNTU (IED)"	"Klinik Psixiatriya — Epizodik eksplosiv pozuntu (İED)"
"6C73.html"	"az"	"мета-описание"	"Klinik Psixiatriya — EPİZODİK EKSPLOSİV POZUNTU (IED)"	"Klinik Psixiatriya — Epizodik eksplosiv pozuntu (İED)"
"6C73.html"	"az"	"подпись-заказа"	"Klinik psixiatriya"	"Klinik Psixiatriya"
"6C73.html"	"az"	"шапка-книги"	"Klinik psixiatriya"	"Klinik Psixiatriya"
"6C90.html"	"az"	"мета-заголовок"	"MÜXALİF-İNADKAR POZUNTU (ODD) | KLİNİK PSİXİATRİYA"	"Müxalif-inadkar pozuntu (ODD) | Klinik Psixiatriya"
"6C90.html"	"az"	"мета-заголовок"	"MÜXALİF-İNADKAR POZUNTU (ODD) | KLİNİK PSİXİATRİYA"	"Müxalif-inadkar pozuntu (ODD) | Klinik Psixiatriya"
"6C90.html"	"az"	"мета-описание"	"Klinik Psixiatriya — MÜXALİF-İNADKAR POZUNTU (ODD)"	"Klinik Psixiatriya — Müxalif-inadkar pozuntu (ODD)"
"6C90.html"	"az"	"мета-описание"	"Klinik Psixiatriya — MÜXALİF-İNADKAR POZUNTU (ODD)"	"Klinik Psixiatriya — Müxalif-inadkar pozuntu (ODD)"
"6C90.html"	"az"	"подпись-заказа"	"Klinik psixiatriya"	"Klinik Psixiatriya"
"6C90.html"	"az"	"шапка-книги"	"Klinik psixiatriya"	"Klinik Psixiatriya"
"6C91.html"	"az"	"мета-заголовок"	"DAVRANIŞ-DİSSOSİAL POZUNTU | KLİNİK PSİXİATRİYA"	"Davranış pozuntusu | Klinik Psixiatriya"
"6C91.html"	"az"	"мета-заголовок"	"DAVRANIŞ-DİSSOSİAL POZUNTU | KLİNİK PSİXİATRİYA"	"Davranış pozuntusu | Klinik Psixiatriya"
"6C91.html"	"az"	"мета-описание"	"Klinik Psixiatriya — DAVRANIŞ-DİSSOSİAL POZUNTU"	"Klinik Psixiatriya — Davranış pozuntusu"
"6C91.html"	"az"	"мета-описание"	"Klinik Psixiatriya — DAVRANIŞ-DİSSOSİAL POZUNTU"	"Klinik Psixiatriya — Davranış pozuntusu"
"6C91.html"	"az"	"подпись-заказа"	"Klinik psixiatriya"	"Klinik Psixiatriya"
"6C91.html"	"az"	"шапка-книги"	"Klinik psixiatriya"	"Klinik Psixiatriya"
"6D10.html"	"az"	"мета-заголовок"	"ŞƏXSİYYƏT POZUNTUSU | KLİNİK PSİXİATRİYA"	"Şəxsiyyət pozuntusu | Klinik Psixiatriya"
"6D10.html"	"az"	"мета-заголовок"	"ŞƏXSİYYƏT POZUNTUSU | KLİNİK PSİXİATRİYA"	"Şəxsiyyət pozuntusu | Klinik Psixiatriya"
"6D10.html"	"az"	"мета-описание"	"Klinik Psixiatriya — ŞƏXSİYYƏT POZUNTUSU (XBT-11 VAHİD MODELİ)"	"Klinik Psixiatriya — Şəxsiyyət pozuntusu"
"6D10.html"	"az"	"мета-описание"	"Klinik Psixiatriya — ŞƏXSİYYƏT POZUNTUSU (XBT-11 VAHİD MODELİ)"	"Klinik Psixiatriya — Şəxsiyyət pozuntusu"
"6D10.html"	"az"	"подпись-заказа"	"Klinik psixiatriya"	"Klinik Psixiatriya"
"6D10.html"	"az"	"шапка-книги"	"Klinik psixiatriya"	"Klinik Psixiatriya"
"6D11.html"	"az"	"мета-заголовок"	"QABARIQ ŞƏXSİYYƏT XÜSUSİYYƏTLƏRİ VƏ YA REAKSİYALARI | KLİNİK PSİXİATRİYA"	"Qabarıq şəxsiyyət xüsusiyyətləri və ya reaksiyaları | Klinik Psixiatriya"
"6D11.html"	"az"	"мета-заголовок"	"QABARIQ ŞƏXSİYYƏT XÜSUSİYYƏTLƏRİ VƏ YA REAKSİYALARI | KLİNİK PSİXİATRİYA"	"Qabarıq şəxsiyyət xüsusiyyətləri və ya reaksiyaları | Klinik Psixiatriya"
"6D11.html"	"az"	"мета-описание"	"Klinik Psixiatriya — QABARIQ ŞƏXSİYYƏT XÜSUSİYYƏTLƏRİ VƏ YA REAKSİYALARI"	"Klinik Psixiatriya — Qabarıq şəxsiyyət xüsusiyyətləri və ya reaksiyaları"
"6D11.html"	"az"	"мета-описание"	"Klinik Psixiatriya — QABARIQ ŞƏXSİYYƏT XÜSUSİYYƏTLƏRİ VƏ YA REAKSİYALARI"	"Klinik Psixiatriya — Qabarıq şəxsiyyət xüsusiyyətləri və ya reaksiyaları"
"6D11.html"	"az"	"подпись-заказа"	"Klinik psixiatriya"	"Klinik Psixiatriya"
"6D11.html"	"az"	"шапка-книги"	"Klinik psixiatriya"	"Klinik Psixiatriya"
"6D30.html"	"az"	"мета-заголовок"	"EKSHİBİSİONİSTİK POZUNTU | KLİNİK PSİXİATRİYA"	"Ekshibisionistik pozuntu | Klinik Psixiatriya"
"6D30.html"	"az"	"мета-заголовок"	"EKSHİBİSİONİSTİK POZUNTU | KLİNİK PSİXİATRİYA"	"Ekshibisionistik pozuntu | Klinik Psixiatriya"
"6D30.html"	"az"	"мета-описание"	"Klinik Psixiatriya — EKSHİBİSİONİZM"	"Klinik Psixiatriya — Ekshibisionistik pozuntu"
"6D30.html"	"az"	"мета-описание"	"Klinik Psixiatriya — EKSHİBİSİONİZM"	"Klinik Psixiatriya — Ekshibisionistik pozuntu"
"6D30.html"	"az"	"подпись-заказа"	"Klinik psixiatriya"	"Klinik Psixiatriya"
"6D30.html"	"az"	"шапка-книги"	"Klinik psixiatriya"	"Klinik Psixiatriya"
"6D31.html"	"az"	"мета-заголовок"	"VOYEURİSTİK POZUNTU | KLİNİK PSİXİATRİYA"	"Voyeuristik pozuntu | Klinik Psixiatriya"
"6D31.html"	"az"	"мета-заголовок"	"VOYEURİSTİK POZUNTU | KLİNİK PSİXİATRİYA"	"Voyeuristik pozuntu | Klinik Psixiatriya"
"6D31.html"	"az"	"мета-описание"	"Klinik Psixiatriya — VOYERİZM"	"Klinik Psixiatriya — Voyeuristik pozuntu"
"6D31.html"	"az"	"мета-описание"	"Klinik Psixiatriya — VOYERİZM"	"Klinik Psixiatriya — Voyeuristik pozuntu"
"6D31.html"	"az"	"подпись-заказа"	"Klinik psixiatriya"	"Klinik Psixiatriya"
"6D31.html"	"az"	"шапка-книги"	"Klinik psixiatriya"	"Klinik Psixiatriya"
"6D32.html"	"az"	"мета-заголовок"	"PEDOFİLİK POZUNTU | KLİNİK PSİXİATRİYA"	"Pedofilik pozuntu | Klinik Psixiatriya"
"6D32.html"	"az"	"мета-заголовок"	"PEDOFİLİK POZUNTU | KLİNİK PSİXİATRİYA"	"Pedofilik pozuntu | Klinik Psixiatriya"
"6D32.html"	"az"	"мета-описание"	"Klinik Psixiatriya — PEDOFİLİK POZUNTU"	"Klinik Psixiatriya — Pedofilik pozuntu"
"6D32.html"	"az"	"мета-описание"	"Klinik Psixiatriya — PEDOFİLİK POZUNTU"	"Klinik Psixiatriya — Pedofilik pozuntu"
"6D32.html"	"az"	"подпись-заказа"	"Klinik psixiatriya"	"Klinik Psixiatriya"
"6D32.html"	"az"	"шапка-книги"	"Klinik psixiatriya"	"Klinik Psixiatriya"
"6D33.html"	"az"	"мета-заголовок"	"MƏCBURİ CİNSİ SADİZM POZUNTUSU | KLİNİK PSİXİATRİYA"	"Məcburi cinsi sadizm pozuntusu | Klinik Psixiatriya"
"6D33.html"	"az"	"мета-заголовок"	"MƏCBURİ CİNSİ SADİZM POZUNTUSU | KLİNİK PSİXİATRİYA"	"Məcburi cinsi sadizm pozuntusu | Klinik Psixiatriya"
"6D33.html"	"az"	"мета-описание"	"Klinik Psixiatriya — SADİSTİK CİNSİ POZUNTU"	"Klinik Psixiatriya — Məcburi cinsi sadizm pozuntusu"
"6D33.html"	"az"	"мета-описание"	"Klinik Psixiatriya — SADİSTİK CİNSİ POZUNTU"	"Klinik Psixiatriya — Məcburi cinsi sadizm pozuntusu"
"6D33.html"	"az"	"подпись-заказа"	"Klinik psixiatriya"	"Klinik Psixiatriya"
"6D33.html"	"az"	"шапка-книги"	"Klinik psixiatriya"	"Klinik Psixiatriya"
"6D34.html"	"az"	"мета-заголовок"	"FROTTERİSTİK POZUNTU | KLİNİK PSİXİATRİYA"	"Frotteristik pozuntu | Klinik Psixiatriya"
"6D34.html"	"az"	"мета-заголовок"	"FROTTERİSTİK POZUNTU | KLİNİK PSİXİATRİYA"	"Frotteristik pozuntu | Klinik Psixiatriya"
"6D34.html"	"az"	"мета-описание"	"Klinik Psixiatriya — FROTTEURİZM"	"Klinik Psixiatriya — Frotteristik pozuntu"
"6D34.html"	"az"	"мета-описание"	"Klinik Psixiatriya — FROTTEURİZM"	"Klinik Psixiatriya — Frotteristik pozuntu"
"6D34.html"	"az"	"подпись-заказа"	"Klinik psixiatriya"	"Klinik Psixiatriya"
"6D34.html"	"az"	"шапка-книги"	"Klinik psixiatriya"	"Klinik Psixiatriya"
"6D50.html"	"az"	"мета-заголовок"	"ÖZÜNƏ TƏTBİQ EDİLƏN FAKTİTİOZ POZUNTU | KLİNİK PSİXİATRİYA"	"Özünə tətbiq edilən faktitioz pozuntu | Klinik Psixiatriya"
"6D50.html"	"az"	"мета-заголовок"	"ÖZÜNƏ TƏTBİQ EDİLƏN FAKTİTİOZ POZUNTU | KLİNİK PSİXİATRİYA"	"Özünə tətbiq edilən faktitioz pozuntu | Klinik Psixiatriya"
"6D50.html"	"az"	"мета-описание"	"Klinik Psixiatriya — ÖZÜNƏ TƏTBİQ EDİLMİŞ FAKTİTİOZ POZUNTU (MÜNXAUZEN SİNDROMU)"	"Klinik Psixiatriya — Özünə tətbiq edilən faktitioz pozuntu"
"6D50.html"	"az"	"мета-описание"	"Klinik Psixiatriya — ÖZÜNƏ TƏTBİQ EDİLMİŞ FAKTİTİOZ POZUNTU (MÜNXAUZEN SİNDROMU)"	"Klinik Psixiatriya — Özünə tətbiq edilən faktitioz pozuntu"
"6D50.html"	"az"	"подпись-заказа"	"Klinik psixiatriya"	"Klinik Psixiatriya"
"6D50.html"	"az"	"шапка-книги"	"Klinik psixiatriya"	"Klinik Psixiatriya"
"6D51.html"	"az"	"мета-заголовок"	"BAŞQASINA TƏTBİQ EDİLƏN FAKTİTİOZ POZUNTU | KLİNİK PSİXİATRİYA"	"Başqasına tətbiq edilən faktitioz pozuntu | Klinik Psixiatriya"
"6D51.html"	"az"	"мета-заголовок"	"BAŞQASINA TƏTBİQ EDİLƏN FAKTİTİOZ POZUNTU | KLİNİK PSİXİATRİYA"	"Başqasına tətbiq edilən faktitioz pozuntu | Klinik Psixiatriya"
"6D51.html"	"az"	"мета-описание"	"Klinik Psixiatriya — BAŞQASINA TƏTBİQ EDİLMİŞ FAKTİTİOZ POZUNTU (MÜNXAUZEN BY PROXY)"	"Klinik Psixiatriya — Başqasına tətbiq edilən faktitioz pozuntu"
"6D51.html"	"az"	"мета-описание"	"Klinik Psixiatriya — BAŞQASINA TƏTBİQ EDİLMİŞ FAKTİTİOZ POZUNTU (MÜNXAUZEN BY PROXY)"	"Klinik Psixiatriya — Başqasına tətbiq edilən faktitioz pozuntu"
"6D51.html"	"az"	"подпись-заказа"	"Klinik psixiatriya"	"Klinik Psixiatriya"
"6D51.html"	"az"	"шапка-книги"	"Klinik psixiatriya"	"Klinik Psixiatriya"
"6D70.html"	"az"	"мета-заголовок"	"DELİRİUM | KLİNİK PSİXİATRİYA"	"Delirium | Klinik Psixiatriya"
"6D70.html"	"az"	"мета-заголовок"	"DELİRİUM | KLİNİK PSİXİATRİYA"	"Delirium | Klinik Psixiatriya"
"6D70.html"	"az"	"мета-описание"	"Klinik Psixiatriya — DELİRİUM"	"Klinik Psixiatriya — Delirium"
"6D70.html"	"az"	"мета-описание"	"Klinik Psixiatriya — DELİRİUM"	"Klinik Psixiatriya — Delirium"
"6D70.html"	"az"	"подпись-заказа"	"Klinik psixiatriya"	"Klinik Psixiatriya"
"6D70.html"	"az"	"шапка-книги"	"Klinik psixiatriya"	"Klinik Psixiatriya"
"6D71.html"	"az"	"мета-заголовок"	"YÜNGÜL NEYROKOQNİTİV POZUNTU | KLİNİK PSİXİATRİYA"	"Yüngül neyrokoqnitiv pozuntu | Klinik Psixiatriya"
"6D71.html"	"az"	"мета-заголовок"	"YÜNGÜL NEYROKOQNİTİV POZUNTU | KLİNİK PSİXİATRİYA"	"Yüngül neyrokoqnitiv pozuntu | Klinik Psixiatriya"
"6D71.html"	"az"	"мета-описание"	"Klinik Psixiatriya — YÜNGÜL NEYROKOQNİTİV POZUNTU (MCI)"	"Klinik Psixiatriya — Yüngül neyrokoqnitiv pozuntu"
"6D71.html"	"az"	"мета-описание"	"Klinik Psixiatriya — YÜNGÜL NEYROKOQNİTİV POZUNTU (MCI)"	"Klinik Psixiatriya — Yüngül neyrokoqnitiv pozuntu"
"6D71.html"	"az"	"подпись-заказа"	"Klinik psixiatriya"	"Klinik Psixiatriya"
"6D71.html"	"az"	"шапка-книги"	"Klinik psixiatriya"	"Klinik Psixiatriya"
"6D72.html"	"az"	"мета-заголовок"	"AMNESTİK POZUNTU | KLİNİK PSİXİATRİYA"	"Amnestik pozuntu | Klinik Psixiatriya"
"6D72.html"	"az"	"мета-заголовок"	"AMNESTİK POZUNTU | KLİNİK PSİXİATRİYA"	"Amnestik pozuntu | Klinik Psixiatriya"
"6D72.html"	"az"	"мета-описание"	"Klinik Psixiatriya — AMNESTİK POZUNTU"	"Klinik Psixiatriya — Amnestik pozuntu"
"6D72.html"	"az"	"мета-описание"	"Klinik Psixiatriya — AMNESTİK POZUNTU"	"Klinik Psixiatriya — Amnestik pozuntu"
"6D72.html"	"az"	"подпись-заказа"	"Klinik psixiatriya"	"Klinik Psixiatriya"
"6D72.html"	"az"	"шапка-книги"	"Klinik psixiatriya"	"Klinik Psixiatriya"
"6D80.html"	"az"	"мета-заголовок"	"ALZHEİMER XƏSTƏLİYİ NƏTİCƏSİNDƏ DEMENSİYA | KLİNİK PSİXİATRİYA"	"Alzheimer xəstəliyi nəticəsində demensiya | Klinik Psixiatriya"
"6D80.html"	"az"	"мета-заголовок"	"ALZHEİMER XƏSTƏLİYİ NƏTİCƏSİNDƏ DEMENSİYA | KLİNİK PSİXİATRİYA"	"Alzheimer xəstəliyi nəticəsində demensiya | Klinik Psixiatriya"
"6D80.html"	"az"	"мета-описание"	"Klinik Psixiatriya — ALZHEİMER XƏSTƏLİYİNƏ GÖRƏ DEMENSİYA"	"Klinik Psixiatriya — Alzheimer xəstəliyi nəticəsində demensiya"
"6D80.html"	"az"	"мета-описание"	"Klinik Psixiatriya — ALZHEİMER XƏSTƏLİYİNƏ GÖRƏ DEMENSİYA"	"Klinik Psixiatriya — Alzheimer xəstəliyi nəticəsində demensiya"
"6D80.html"	"az"	"подпись-заказа"	"Klinik psixiatriya"	"Klinik Psixiatriya"
"6D80.html"	"az"	"шапка-книги"	"Klinik psixiatriya"	"Klinik Psixiatriya"
"6D81.html"	"az"	"мета-заголовок"	"SEREBROVASKULYAR XƏSTƏLİK NƏTİCƏSİNDƏ DEMENSİYA | KLİNİK PSİXİATRİYA"	"Serebrovaskulyar xəstəlik nəticəsində demensiya | Klinik Psixiatriya"
"6D81.html"	"az"	"мета-заголовок"	"SEREBROVASKULYAR XƏSTƏLİK NƏTİCƏSİNDƏ DEMENSİYA | KLİNİK PSİXİATRİYA"	"Serebrovaskulyar xəstəlik nəticəsində demensiya | Klinik Psixiatriya"
"6D81.html"	"az"	"мета-описание"	"Klinik Psixiatriya — DAMAR DEMENSİYASI"	"Klinik Psixiatriya — Serebrovaskulyar xəstəlik nəticəsində demensiya"
"6D81.html"	"az"	"мета-описание"	"Klinik Psixiatriya — DAMAR DEMENSİYASI"	"Klinik Psixiatriya — Serebrovaskulyar xəstəlik nəticəsində demensiya"
"6D81.html"	"az"	"подпись-заказа"	"Klinik psixiatriya"	"Klinik Psixiatriya"
"6D81.html"	"az"	"шапка-книги"	"Klinik psixiatriya"	"Klinik Psixiatriya"
"6D82.html"	"az"	"мета-заголовок"	"LEVİ CİSİMCİKLƏRİ XƏSTƏLİYİ NƏTİCƏSİNDƏ DEMENSİYA | KLİNİK PSİXİATRİYA"	"Levi cisimcikləri xəstəliyi nəticəsində demensiya | Klinik Psixiatriya"
"6D82.html"	"az"	"мета-заголовок"	"LEVİ CİSİMCİKLƏRİ XƏSTƏLİYİ NƏTİCƏSİNDƏ DEMENSİYA | KLİNİK PSİXİATRİYA"	"Levi cisimcikləri xəstəliyi nəticəsində demensiya | Klinik Psixiatriya"
"6D82.html"	"az"	"мета-описание"	"Klinik Psixiatriya — LEWY CİSİMCİKLƏRİ DEMENSİYASI (DLB)"	"Klinik Psixiatriya — Levi cisimcikləri xəstəliyi nəticəsində demensiya"
"6D82.html"	"az"	"мета-описание"	"Klinik Psixiatriya — LEWY CİSİMCİKLƏRİ DEMENSİYASI (DLB)"	"Klinik Psixiatriya — Levi cisimcikləri xəstəliyi nəticəsində demensiya"
"6D82.html"	"az"	"подпись-заказа"	"Klinik psixiatriya"	"Klinik Psixiatriya"
"6D82.html"	"az"	"шапка-книги"	"Klinik psixiatriya"	"Klinik Psixiatriya"
"6D83.html"	"az"	"мета-заголовок"	"FRONTOTEMPORAL DEMENSİYA (FTD) | KLİNİK PSİXİATRİYA"	"Frontotemporal demensiya (FTD) | Klinik Psixiatriya"
"6D83.html"	"az"	"мета-заголовок"	"FRONTOTEMPORAL DEMENSİYA (FTD) | KLİNİK PSİXİATRİYA"	"Frontotemporal demensiya (FTD) | Klinik Psixiatriya"
"6D83.html"	"az"	"мета-описание"	"Klinik Psixiatriya — FRONTOTEMPORAL DEMENSİYA (FTD)"	"Klinik Psixiatriya — Frontotemporal demensiya (FTD)"
"6D83.html"	"az"	"мета-описание"	"Klinik Psixiatriya — FRONTOTEMPORAL DEMENSİYA (FTD)"	"Klinik Psixiatriya — Frontotemporal demensiya (FTD)"
"6D83.html"	"az"	"подпись-заказа"	"Klinik psixiatriya"	"Klinik Psixiatriya"
"6D83.html"	"az"	"шапка-книги"	"Klinik psixiatriya"	"Klinik Psixiatriya"
"6E20.html"	"az"	"мета-заголовок"	"Psixozsuz — HAMİLƏLİK, DOĞUŞ VƏ YA ZAHILIQ DÖVRÜ İLƏ ƏLAQƏLİ PSİXİ VƏ YA DAVRANIŞ POZUNTULARI, PSİXOTİK SİMPTOMLARSIZ | KLİNİK PSİXİATRİYA"	"Psixozsuz — Hamiləlik, doğuş və ya zahılıq dövrü ilə əlaqəli psixi və ya davranış pozuntuları, psixotik simptomlarsız | Klinik Psixiatriya"
"6E20.html"	"az"	"мета-заголовок"	"Psixozsuz — HAMİLƏLİK, DOĞUŞ VƏ YA ZAHILIQ DÖVRÜ İLƏ ƏLAQƏLİ PSİXİ VƏ YA DAVRANIŞ POZUNTULARI, PSİXOTİK SİMPTOMLARSIZ | KLİNİK PSİXİATRİYA"	"Psixozsuz — Hamiləlik, doğuş və ya zahılıq dövrü ilə əlaqəli psixi və ya davranış pozuntuları, psixotik simptomlarsız | Klinik Psixiatriya"
"6E20.html"	"az"	"мета-описание"	"Klinik Psixiatriya — POSTNATAL DEPRESSİYA"	"Klinik Psixiatriya — Psixozsuz — Hamiləlik, doğuş və ya zahılıq dövrü ilə əlaqəli psixi və ya davranış pozuntuları, psixotik simptomlarsız"
"6E20.html"	"az"	"мета-описание"	"Klinik Psixiatriya — POSTNATAL DEPRESSİYA"	"Klinik Psixiatriya — Psixozsuz — Hamiləlik, doğuş və ya zahılıq dövrü ilə əlaqəli psixi və ya davranış pozuntuları, psixotik simptomlarsız"
"6E20.html"	"az"	"подпись-заказа"	"Klinik psixiatriya"	"Klinik Psixiatriya"
"6E20.html"	"az"	"шапка-книги"	"Klinik psixiatriya"	"Klinik Psixiatriya"
"6E21.html"	"az"	"мета-заголовок"	"Psixozla — HAMİLƏLİK, DOĞUŞ VƏ YA ZAHILIQ DÖVRÜ İLƏ ƏLAQƏLİ PSİXİ VƏ YA DAVRANIŞ POZUNTULARI, PSİXOTİK SİMPTOMLARLA | KLİNİK PSİXİATRİYA"	"Psixozla — Hamiləlik, doğuş və ya zahılıq dövrü ilə əlaqəli psixi və ya davranış pozuntuları, psixotik simptomlarla | Klinik Psixiatriya"
"6E21.html"	"az"	"мета-заголовок"	"Psixozla — HAMİLƏLİK, DOĞUŞ VƏ YA ZAHILIQ DÖVRÜ İLƏ ƏLAQƏLİ PSİXİ VƏ YA DAVRANIŞ POZUNTULARI, PSİXOTİK SİMPTOMLARLA | KLİNİK PSİXİATRİYA"	"Psixozla — Hamiləlik, doğuş və ya zahılıq dövrü ilə əlaqəli psixi və ya davranış pozuntuları, psixotik simptomlarla | Klinik Psixiatriya"
"6E21.html"	"az"	"мета-описание"	"Klinik Psixiatriya — POSTNATAL PSİXOZ"	"Klinik Psixiatriya — Psixozla — Hamiləlik, doğuş və ya zahılıq dövrü ilə əlaqəli psixi və ya davranış pozuntuları, psixotik simptomlarla"
"6E21.html"	"az"	"мета-описание"	"Klinik Psixiatriya — POSTNATAL PSİXOZ"	"Klinik Psixiatriya — Psixozla — Hamiləlik, doğuş və ya zahılıq dövrü ilə əlaqəli psixi və ya davranış pozuntuları, psixotik simptomlarla"
"6E21.html"	"az"	"подпись-заказа"	"Klinik psixiatriya"	"Klinik Psixiatriya"
"6E21.html"	"az"	"шапка-книги"	"Klinik psixiatriya"	"Klinik Psixiatriya"
"6E40.html"	"az"	"мета-заголовок"	"BAŞQA YERDƏ TƏSNİF EDİLƏN POZUNTULARA VƏ YA XƏSTƏLİKLƏRƏ TƏSİR EDƏN PSİXOLOJİ VƏ YA DAVRANIŞ AMİLLƏRİ | KLİNİK PSİXİATRİYA"	"Başqa yerdə təsnif edilən pozuntulara və ya xəstəliklərə təsir edən psixoloji və ya davranış amilləri | Klinik Psixiatriya"
"6E40.html"	"az"	"мета-заголовок"	"BAŞQA YERDƏ TƏSNİF EDİLƏN POZUNTULARA VƏ YA XƏSTƏLİKLƏRƏ TƏSİR EDƏN PSİXOLOJİ VƏ YA DAVRANIŞ AMİLLƏRİ | KLİNİK PSİXİATRİYA"	"Başqa yerdə təsnif edilən pozuntulara və ya xəstəliklərə təsir edən psixoloji və ya davranış amilləri | Klinik Psixiatriya"
"6E40.html"	"az"	"мета-описание"	"Klinik Psixiatriya — DİGƏR XƏSTƏLİKLƏRƏ TƏSİR EDƏN PSİXOLOJİ AMİLLƏR"	"Klinik Psixiatriya — Başqa yerdə təsnif edilən pozuntulara və ya xəstəliklərə təsir edən psixoloji və ya davranış amilləri"
"6E40.html"	"az"	"мета-описание"	"Klinik Psixiatriya — DİGƏR XƏSTƏLİKLƏRƏ TƏSİR EDƏN PSİXOLOJİ AMİLLƏR"	"Klinik Psixiatriya — Başqa yerdə təsnif edilən pozuntulara və ya xəstəliklərə təsir edən psixoloji və ya davranış amilləri"
"6E40.html"	"az"	"подпись-заказа"	"Klinik psixiatriya"	"Klinik Psixiatriya"
"6E40.html"	"az"	"шапка-книги"	"Klinik psixiatriya"	"Klinik Psixiatriya"
"6E61.html"	"az"	"мета-заголовок"	"İKİNCİLİ PSİXOTİK SİNDROM | KLİNİK PSİXİATRİYA"	"İkinci dərəcəli psixotik sindrom | Klinik Psixiatriya"
"6E61.html"	"az"	"мета-заголовок"	"İKİNCİLİ PSİXOTİK SİNDROM | KLİNİK PSİXİATRİYA"	"İkinci dərəcəli psixotik sindrom | Klinik Psixiatriya"
"6E61.html"	"az"	"мета-описание"	"Klinik Psixiatriya — İKİNCİLİ PSİXOTİK SİNDROM"	"Klinik Psixiatriya — İkinci dərəcəli psixotik sindrom"
"6E61.html"	"az"	"мета-описание"	"Klinik Psixiatriya — İKİNCİLİ PSİXOTİK SİNDROM"	"Klinik Psixiatriya — İkinci dərəcəli psixotik sindrom"
"6E61.html"	"az"	"подпись-заказа"	"Klinik psixiatriya"	"Klinik Psixiatriya"
"6E61.html"	"az"	"шапка-книги"	"Klinik psixiatriya"	"Klinik Psixiatriya"
"6E62.html"	"az"	"мета-заголовок"	"İKİNCİLİ ƏHVAL-RUHİYYƏ SİNDROMU | KLİNİK PSİXİATRİYA"	"İkinci dərəcəli əhval-ruhiyyə sindromu | Klinik Psixiatriya"
"6E62.html"	"az"	"мета-заголовок"	"İKİNCİLİ ƏHVAL-RUHİYYƏ SİNDROMU | KLİNİK PSİXİATRİYA"	"İkinci dərəcəli əhval-ruhiyyə sindromu | Klinik Psixiatriya"
"6E62.html"	"az"	"мета-описание"	"Klinik Psixiatriya — İKİNCİLİ AFFEKTİV SİNDROM"	"Klinik Psixiatriya — İkinci dərəcəli əhval-ruhiyyə sindromu"
"6E62.html"	"az"	"мета-описание"	"Klinik Psixiatriya — İKİNCİLİ AFFEKTİV SİNDROM"	"Klinik Psixiatriya — İkinci dərəcəli əhval-ruhiyyə sindromu"
"6E62.html"	"az"	"подпись-заказа"	"Klinik psixiatriya"	"Klinik Psixiatriya"
"6E62.html"	"az"	"шапка-книги"	"Klinik psixiatriya"	"Klinik Psixiatriya"
"6E63.html"	"az"	"мета-заголовок"	"İKİNCİLİ TƏŞVİŞ SİNDROMU | KLİNİK PSİXİATRİYA"	"İkinci dərəcəli təşviş sindromu | Klinik Psixiatriya"
"6E63.html"	"az"	"мета-заголовок"	"İKİNCİLİ TƏŞVİŞ SİNDROMU | KLİNİK PSİXİATRİYA"	"İkinci dərəcəli təşviş sindromu | Klinik Psixiatriya"
"6E63.html"	"az"	"мета-описание"	"Klinik Psixiatriya — İKİNCİLİ TƏŞVİŞ SİNDROMU"	"Klinik Psixiatriya — İkinci dərəcəli təşviş sindromu"
"6E63.html"	"az"	"мета-описание"	"Klinik Psixiatriya — İKİNCİLİ TƏŞVİŞ SİNDROMU"	"Klinik Psixiatriya — İkinci dərəcəli təşviş sindromu"
"6E63.html"	"az"	"подпись-заказа"	"Klinik psixiatriya"	"Klinik Psixiatriya"
"6E63.html"	"az"	"шапка-книги"	"Klinik psixiatriya"	"Klinik Psixiatriya"
"7A00.html"	"az"	"мета-заголовок"	"XRONİKİ İNSOMNİYA | KLİNİK PSİXİATRİYA"	"Xroniki insomniya | Klinik Psixiatriya"
"7A00.html"	"az"	"мета-заголовок"	"XRONİKİ İNSOMNİYA | KLİNİK PSİXİATRİYA"	"Xroniki insomniya | Klinik Psixiatriya"
"7A00.html"	"az"	"мета-описание"	"Klinik Psixiatriya — İNSOMNİYA"	"Klinik Psixiatriya — Xroniki insomniya"
"7A00.html"	"az"	"мета-описание"	"Klinik Psixiatriya — İNSOMNİYA"	"Klinik Psixiatriya — Xroniki insomniya"
"7A00.html"	"az"	"подпись-заказа"	"Klinik psixiatriya"	"Klinik Psixiatriya"
"7A00.html"	"az"	"шапка-книги"	"Klinik psixiatriya"	"Klinik Psixiatriya"
"7A20.html"	"az"	"мета-заголовок"	"NARKOLEPSİYA | KLİNİK PSİXİATRİYA"	"Narkolepsiya | Klinik Psixiatriya"
"7A20.html"	"az"	"мета-заголовок"	"NARKOLEPSİYA | KLİNİK PSİXİATRİYA"	"Narkolepsiya | Klinik Psixiatriya"
"7A20.html"	"az"	"мета-описание"	"Klinik Psixiatriya — NARKOLEPSİYA"	"Klinik Psixiatriya — Narkolepsiya"
"7A20.html"	"az"	"мета-описание"	"Klinik Psixiatriya — NARKOLEPSİYA"	"Klinik Psixiatriya — Narkolepsiya"
"7A20.html"	"az"	"подпись-заказа"	"Klinik psixiatriya"	"Klinik Psixiatriya"
"7A20.html"	"az"	"шапка-книги"	"Klinik psixiatriya"	"Klinik Psixiatriya"
"7A21.html"	"az"	"мета-заголовок"	"İDİOPATİK HİPERSOMNİYA | KLİNİK PSİXİATRİYA"	"İdiopatik hipersomniya | Klinik Psixiatriya"
"7A21.html"	"az"	"мета-заголовок"	"İDİOPATİK HİPERSOMNİYA | KLİNİK PSİXİATRİYA"	"İdiopatik hipersomniya | Klinik Psixiatriya"
"7A21.html"	"az"	"мета-описание"	"Klinik Psixiatriya — HİPERSOMNİYA"	"Klinik Psixiatriya — İdiopatik hipersomniya"
"7A21.html"	"az"	"мета-описание"	"Klinik Psixiatriya — HİPERSOMNİYA"	"Klinik Psixiatriya — İdiopatik hipersomniya"
"7A21.html"	"az"	"подпись-заказа"	"Klinik psixiatriya"	"Klinik Psixiatriya"
"7A21.html"	"az"	"шапка-книги"	"Klinik psixiatriya"	"Klinik Psixiatriya"
"7A41.html"	"az"	"мета-заголовок"	"OBSTRUKTİV YUXU APNOESİ | KLİNİK PSİXİATRİYA"	"Obstruktiv yuxu apnoesi | Klinik Psixiatriya"
"7A41.html"	"az"	"мета-заголовок"	"OBSTRUKTİV YUXU APNOESİ | KLİNİK PSİXİATRİYA"	"Obstruktiv yuxu apnoesi | Klinik Psixiatriya"
"7A41.html"	"az"	"мета-описание"	"Klinik Psixiatriya — OBSTRUKTİV YUXU APNESİ (OSA)"	"Klinik Psixiatriya — Obstruktiv yuxu apnoesi"
"7A41.html"	"az"	"мета-описание"	"Klinik Psixiatriya — OBSTRUKTİV YUXU APNESİ (OSA)"	"Klinik Psixiatriya — Obstruktiv yuxu apnoesi"
"7A41.html"	"az"	"подпись-заказа"	"Klinik psixiatriya"	"Klinik Psixiatriya"
"7A41.html"	"az"	"шапка-книги"	"Klinik psixiatriya"	"Klinik Psixiatriya"
"7A60.html"	"az"	"мета-заголовок"	"GECİKMİŞ TİPLİ YUXU-OYANIQLIQ FAZALARIN POZUNTUSU | KLİNİK PSİXİATRİYA"	"Gecikmiş tipli yuxu-oyanıqlıq fazaların pozuntusu | Klinik Psixiatriya"
"7A60.html"	"az"	"мета-заголовок"	"GECİKMİŞ TİPLİ YUXU-OYANIQLIQ FAZALARIN POZUNTUSU | KLİNİK PSİXİATRİYA"	"Gecikmiş tipli yuxu-oyanıqlıq fazaların pozuntusu | Klinik Psixiatriya"
"7A60.html"	"az"	"мета-описание"	"Klinik Psixiatriya — SİRKADİAN RİTM YUXU-OYANMA POZUNTULARI"	"Klinik Psixiatriya — Gecikmiş tipli yuxu-oyanıqlıq fazaların pozuntusu"
"7A60.html"	"az"	"мета-описание"	"Klinik Psixiatriya — SİRKADİAN RİTM YUXU-OYANMA POZUNTULARI"	"Klinik Psixiatriya — Gecikmiş tipli yuxu-oyanıqlıq fazaların pozuntusu"
"7A60.html"	"az"	"подпись-заказа"	"Klinik psixiatriya"	"Klinik Psixiatriya"
"7A60.html"	"az"	"шапка-книги"	"Klinik psixiatriya"	"Klinik Psixiatriya"
"8A05.html"	"az"	"мета-заголовок"	"İLKİN TİKLƏR VƏ YA TİK POZUNTULARI | KLİNİK PSİXİATRİYA"	"İlkin tiklər və ya tik pozuntuları | Klinik Psixiatriya"
"8A05.html"	"az"	"мета-заголовок"	"İLKİN TİKLƏR VƏ YA TİK POZUNTULARI | KLİNİK PSİXİATRİYA"	"İlkin tiklər və ya tik pozuntuları | Klinik Psixiatriya"
"8A05.html"	"az"	"мета-описание"	"Klinik Psixiatriya — TİKLİ POZUNTULAR (TOURETTE SİNDROMU)"	"Klinik Psixiatriya — İlkin tiklər və ya tik pozuntuları"
"8A05.html"	"az"	"мета-описание"	"Klinik Psixiatriya — TİKLİ POZUNTULAR (TOURETTE SİNDROMU)"	"Klinik Psixiatriya — İlkin tiklər və ya tik pozuntuları"
"8A05.html"	"az"	"подпись-заказа"	"Klinik psixiatriya"	"Klinik Psixiatriya"
"8A05.html"	"az"	"шапка-книги"	"Klinik psixiatriya"	"Klinik Psixiatriya"
"GA34.html"	"az"	"мета-заголовок"	"PREMENSTRUAL DİSFORİK POZUNTU (PMDD) | KLİNİK PSİXİATRİYA"	"Premenstrual disforik pozuntu (PMDD) | Klinik Psixiatriya"
"GA34.html"	"az"	"мета-заголовок"	"PREMENSTRUAL DİSFORİK POZUNTU (PMDD) | KLİNİK PSİXİATRİYA"	"Premenstrual disforik pozuntu (PMDD) | Klinik Psixiatriya"
"GA34.html"	"az"	"мета-описание"	"Klinik Psixiatriya — PREMENSTRUAL DİSFORİK POZUNTU (PMDD)"	"Klinik Psixiatriya — Premenstrual disforik pozuntu (PMDD)"
"GA34.html"	"az"	"мета-описание"	"Klinik Psixiatriya — PREMENSTRUAL DİSFORİK POZUNTU (PMDD)"	"Klinik Psixiatriya — Premenstrual disforik pozuntu (PMDD)"
"GA34.html"	"az"	"подпись-заказа"	"Klinik psixiatriya"	"Klinik Psixiatriya"
"GA34.html"	"az"	"шапка-книги"	"Klinik psixiatriya"	"Klinik Psixiatriya"
"HA00.html"	"az"	"мета-заголовок"	"HİPOAKTİV CİNSİ İSTƏK DİSFUNKSİYASI | KLİNİK PSİXİATRİYA"	"Hipoaktiv cinsi istək disfunksiyası | Klinik Psixiatriya"
"HA00.html"	"az"	"мета-заголовок"	"HİPOAKTİV CİNSİ İSTƏK DİSFUNKSİYASI | KLİNİK PSİXİATRİYA"	"Hipoaktiv cinsi istək disfunksiyası | Klinik Psixiatriya"
"HA00.html"	"az"	"мета-описание"	"Klinik Psixiatriya — HİPOAKTİV CİNSİ İSTƏK POZUNTUSU (HSDD)"	"Klinik Psixiatriya — Hipoaktiv cinsi istək disfunksiyası"
"HA00.html"	"az"	"мета-описание"	"Klinik Psixiatriya — HİPOAKTİV CİNSİ İSTƏK POZUNTUSU (HSDD)"	"Klinik Psixiatriya — Hipoaktiv cinsi istək disfunksiyası"
"HA00.html"	"az"	"подпись-заказа"	"Klinik psixiatriya"	"Klinik Psixiatriya"
"HA00.html"	"az"	"шапка-книги"	"Klinik psixiatriya"	"Klinik Psixiatriya"
"HA01.html"	"az"	"мета-заголовок"	"KİŞİ EREKTİL DİSFUNKSİYASI | KLİNİK PSİXİATRİYA"	"Kişi erektil disfunksiyası | Klinik Psixiatriya"
"HA01.html"	"az"	"мета-заголовок"	"KİŞİ EREKTİL DİSFUNKSİYASI | KLİNİK PSİXİATRİYA"	"Kişi erektil disfunksiyası | Klinik Psixiatriya"
"HA01.html"	"az"	"мета-описание"	"Klinik Psixiatriya — EREKTİL DİSFUNKSİYA (ED)"	"Klinik Psixiatriya — Kişi erektil disfunksiyası"
"HA01.html"	"az"	"мета-описание"	"Klinik Psixiatriya — EREKTİL DİSFUNKSİYA (ED)"	"Klinik Psixiatriya — Kişi erektil disfunksiyası"
"HA01.html"	"az"	"подпись-заказа"	"Klinik psixiatriya"	"Klinik Psixiatriya"
"HA01.html"	"az"	"шапка-книги"	"Klinik psixiatriya"	"Klinik Psixiatriya"
"HA02.html"	"az"	"мета-заголовок"	"ANORQAZMİYA | KLİNİK PSİXİATRİYA"	"Anorqazmiya | Klinik Psixiatriya"
"HA02.html"	"az"	"мета-заголовок"	"ANORQAZMİYA | KLİNİK PSİXİATRİYA"	"Anorqazmiya | Klinik Psixiatriya"
"HA02.html"	"az"	"мета-описание"	"Klinik Psixiatriya — ANORGASMİYA"	"Klinik Psixiatriya — Anorqazmiya"
"HA02.html"	"az"	"мета-описание"	"Klinik Psixiatriya — ANORGASMİYA"	"Klinik Psixiatriya — Anorqazmiya"
"HA02.html"	"az"	"подпись-заказа"	"Klinik psixiatriya"	"Klinik Psixiatriya"
"HA02.html"	"az"	"шапка-книги"	"Klinik psixiatriya"	"Klinik Psixiatriya"
"HA03.html"	"az"	"мета-заголовок"	"KİŞİLƏRDƏ ERKƏN EYAKULYASİYA | KLİNİK PSİXİATRİYA"	"Kişilərdə erkən eyakulyasiya | Klinik Psixiatriya"
"HA03.html"	"az"	"мета-заголовок"	"KİŞİLƏRDƏ ERKƏN EYAKULYASİYA | KLİNİK PSİXİATRİYA"	"Kişilərdə erkən eyakulyasiya | Klinik Psixiatriya"
"HA03.html"	"az"	"мета-описание"	"Klinik Psixiatriya — ERKƏN EYAKULYASİYA (PE)"	"Klinik Psixiatriya — Kişilərdə erkən eyakulyasiya"
"HA03.html"	"az"	"мета-описание"	"Klinik Psixiatriya — ERKƏN EYAKULYASİYA (PE)"	"Klinik Psixiatriya — Kişilərdə erkən eyakulyasiya"
"HA03.html"	"az"	"подпись-заказа"	"Klinik psixiatriya"	"Klinik Psixiatriya"
"HA03.html"	"az"	"шапка-книги"	"Klinik psixiatriya"	"Klinik Psixiatriya"
"HA20.html"	"az"	"мета-заголовок"	"AĞRILI PENETRASİYA CİNSƏL POZUNTUSU | KLİNİK PSİXİATRİYA"	"Ağrılı penetrasiya cinsəl pozuntusu | Klinik Psixiatriya"
"HA20.html"	"az"	"мета-заголовок"	"AĞRILI PENETRASİYA CİNSƏL POZUNTUSU | KLİNİK PSİXİATRİYA"	"Ağrılı penetrasiya cinsəl pozuntusu | Klinik Psixiatriya"
"HA20.html"	"az"	"мета-описание"	"Klinik Psixiatriya — GENİTO-PELVİK AĞRI / PENETRASİYA POZUNTUSU (VAGİNİSMUS)"	"Klinik Psixiatriya — Ağrılı penetrasiya cinsəl pozuntusu"
"HA20.html"	"az"	"мета-описание"	"Klinik Psixiatriya — GENİTO-PELVİK AĞRI / PENETRASİYA POZUNTUSU (VAGİNİSMUS)"	"Klinik Psixiatriya — Ağrılı penetrasiya cinsəl pozuntusu"
"HA20.html"	"az"	"подпись-заказа"	"Klinik psixiatriya"	"Klinik Psixiatriya"
"HA20.html"	"az"	"шапка-книги"	"Klinik psixiatriya"	"Klinik Psixiatriya"
"HA40.html"	"az"	"мета-заголовок"	"CİNSİ DİSFUNKSİYALARDA VƏ CİNSİ AĞRI POZUNTULARINDA ETİOLOJİ MÜLAHİZƏLƏR | KLİNİK PSİXİATRİYA"	"Cinsi disfunksiyalarda və cinsi ağrı pozuntularında etioloji mülahizələr | Klinik Psixiatriya"
"HA40.html"	"az"	"мета-заголовок"	"CİNSİ DİSFUNKSİYALARDA VƏ CİNSİ AĞRI POZUNTULARINDA ETİOLOJİ MÜLAHİZƏLƏR | KLİNİK PSİXİATRİYA"	"Cinsi disfunksiyalarda və cinsi ağrı pozuntularında etioloji mülahizələr | Klinik Psixiatriya"
"HA40.html"	"az"	"мета-описание"	"Klinik Psixiatriya — DİGƏR XƏSTƏLİK VƏ POZUNTU İLƏ ƏLAQƏLİ CİNSİ DİSFUNKSİYALAR"	"Klinik Psixiatriya — Cinsi disfunksiyalarda və cinsi ağrı pozuntularında etioloji mülahizələr"
"HA40.html"	"az"	"мета-описание"	"Klinik Psixiatriya — DİGƏR XƏSTƏLİK VƏ POZUNTU İLƏ ƏLAQƏLİ CİNSİ DİSFUNKSİYALAR"	"Klinik Psixiatriya — Cinsi disfunksiyalarda və cinsi ağrı pozuntularında etioloji mülahizələr"
"HA40.html"	"az"	"подпись-заказа"	"Klinik psixiatriya"	"Klinik Psixiatriya"
"HA40.html"	"az"	"шапка-книги"	"Klinik psixiatriya"	"Klinik Psixiatriya"
"abbreviatur.html"	"az"	"мета-заголовок"	"TERMİNOLOJİ LÜĞƏT | KLİNİK PSİXİATRİYA"	"Terminoloji lüğət | Klinik Psixiatriya"
"abbreviatur.html"	"az"	"мета-заголовок"	"TERMİNOLOJİ LÜĞƏT | KLİNİK PSİXİATRİYA"	"Terminoloji lüğət | Klinik Psixiatriya"
"abbreviatur.html"	"az"	"мета-описание"	"Klinik Psixiatriya — Terminoloji Lüğət"	"Klinik Psixiatriya — Terminoloji lüğət"
"abbreviatur.html"	"az"	"мета-описание"	"Klinik Psixiatriya — Terminoloji Lüğət"	"Klinik Psixiatriya — Terminoloji lüğət"
"abbreviatur.html"	"az"	"подпись-заказа"	"Klinik psixiatriya"	"Klinik Psixiatriya"
"abbreviatur.html"	"az"	"шапка-книги"	"Klinik psixiatriya"	"Klinik Psixiatriya"
"abbreviatur.html"	"az"	"пред/след"	"NEYROİNKİŞAF"	"Neyroinkişaf"
"abbreviatur.html"	"az"	"крошка"	"Klinik psixiatriya"	"Klinik Psixiatriya"
"elave-acde.html"	"az"	"мета-заголовок"	"Əlavələr A–E | KLİNİK PSİXİATRİYA"	"Əlavələr | Klinik Psixiatriya"
"elave-acde.html"	"az"	"мета-заголовок"	"Əlavələr A–E | KLİNİK PSİXİATRİYA"	"Əlavələr | Klinik Psixiatriya"
"elave-acde.html"	"az"	"мета-описание"	"Klinik Psixiatriya — Əlavələr A–E"	"Klinik Psixiatriya — Əlavələr"
"elave-acde.html"	"az"	"мета-описание"	"Klinik Psixiatriya — Əlavələr A–E"	"Klinik Psixiatriya — Əlavələr"
"elave-acde.html"	"az"	"подпись-заказа"	"Klinik psixiatriya"	"Klinik Psixiatriya"
"elave-acde.html"	"az"	"шапка-книги"	"Klinik psixiatriya"	"Klinik Psixiatriya"
"elave-acde.html"	"az"	"крошка"	"Klinik psixiatriya"	"Klinik Psixiatriya"
"elave-skalalar.html"	"az"	"мета-заголовок"	"Əlavə — Şkalalar | KLİNİK PSİXİATRİYA"	"Əlavə B | Klinik Psixiatriya"
"elave-skalalar.html"	"az"	"мета-заголовок"	"Əlavə — Şkalalar | KLİNİK PSİXİATRİYA"	"Əlavə B | Klinik Psixiatriya"
"elave-skalalar.html"	"az"	"мета-описание"	"Klinik Psixiatriya — Əlavə — Şkalalar"	"Klinik Psixiatriya — Əlavə B"
"elave-skalalar.html"	"az"	"мета-описание"	"Klinik Psixiatriya — Əlavə — Şkalalar"	"Klinik Psixiatriya — Əlavə B"
"elave-skalalar.html"	"az"	"подпись-заказа"	"Klinik psixiatriya"	"Klinik Psixiatriya"
"elave-skalalar.html"	"az"	"шапка-книги"	"Klinik psixiatriya"	"Klinik Psixiatriya"
"elave-skalalar.html"	"az"	"крошка"	"Klinik psixiatriya"	"Klinik Psixiatriya"
"index.html"	"az"	"мета-заголовок"	"Ana səhifə | KLİNİK PSİXİATRİYA"	"Ana səhifə | Klinik Psixiatriya"
"index.html"	"az"	"мета-заголовок"	"Ana səhifə | KLİNİK PSİXİATRİYA"	"Ana səhifə | Klinik Psixiatriya"
"index.html"	"az"	"подпись-заказа"	"Klinik psixiatriya"	"Klinik Psixiatriya"
"index.html"	"az"	"обложка"	"Klinik psixiatriya"	"Klinik Psixiatriya"
"index.html"	"az"	"шапка-книги"	"Klinik psixiatriya"	"Klinik Psixiatriya"
"kitab-haqqinda.html"	"az"	"мета-заголовок"	"Kitab haqqında | KLİNİK PSİXİATRİYA"	"Kitab haqqında | Klinik Psixiatriya"
"kitab-haqqinda.html"	"az"	"мета-заголовок"	"Kitab haqqında | KLİNİK PSİXİATRİYA"	"Kitab haqqında | Klinik Psixiatriya"
"kitab-haqqinda.html"	"az"	"подпись-заказа"	"Klinik psixiatriya"	"Klinik Psixiatriya"
"kitab-haqqinda.html"	"az"	"шапка-книги"	"Klinik psixiatriya"	"Klinik Psixiatriya"
"kitab-haqqinda.html"	"az"	"крошка"	"Klinik psixiatriya"	"Klinik Psixiatriya"
"melumat.html"	"az"	"мета-заголовок"	"Məlumat bölməsi | KLİNİK PSİXİATRİYA"	"Məlumat bölməsi | Klinik Psixiatriya"
"melumat.html"	"az"	"мета-заголовок"	"Məlumat bölməsi | KLİNİK PSİXİATRİYA"	"Məlumat bölməsi | Klinik Psixiatriya"
"melumat.html"	"az"	"подпись-заказа"	"Klinik psixiatriya"	"Klinik Psixiatriya"
"melumat.html"	"az"	"шапка-книги"	"Klinik psixiatriya"	"Klinik Psixiatriya"
"mugeddime.html"	"az"	"мета-заголовок"	"Müqəddimə | KLİNİK PSİXİATRİYA"	"Müqəddimə | Klinik Psixiatriya"
"mugeddime.html"	"az"	"мета-заголовок"	"Müqəddimə | KLİNİK PSİXİATRİYA"	"Müqəddimə | Klinik Psixiatriya"
"mugeddime.html"	"az"	"подпись-заказа"	"Klinik psixiatriya"	"Klinik Psixiatriya"
"mugeddime.html"	"az"	"шапка-книги"	"Klinik psixiatriya"	"Klinik Psixiatriya"
"mugeddime.html"	"az"	"крошка"	"Klinik psixiatriya"	"Klinik Psixiatriya"
"mundericat.html"	"az"	"мета-заголовок"	"Mündəricat | KLİNİK PSİXİATRİYA"	"Mündəricat | Klinik Psixiatriya"
"mundericat.html"	"az"	"мета-заголовок"	"Mündəricat | KLİNİK PSİXİATRİYA"	"Mündəricat | Klinik Psixiatriya"
"mundericat.html"	"az"	"подпись-заказа"	"Klinik psixiatriya"	"Klinik Psixiatriya"
"mundericat.html"	"az"	"шапка-книги"	"Klinik psixiatriya"	"Klinik Psixiatriya"
"mundericat.html"	"az"	"крошка"	"Klinik psixiatriya"	"Klinik Psixiatriya"
"mundericat.html"	"az"	"оглавление"	"NEYROİNKİŞAF POZUNTULARI"	"Neyroinkişaf pozuntuları"
"mundericat.html"	"az"	"оглавление"	"ŞİZOFRENİYA SPEKTRİ VƏ DİGƏR PSİXOTİK POZUNTULAR"	"Şizofreniya spektri və digər psixotik pozuntular"
"mundericat.html"	"az"	"оглавление"	"BİPOLYAR VƏ ƏLAQƏLİ POZUNTULAR"	"Bipolyar və əlaqəli pozuntular"
"mundericat.html"	"az"	"оглавление"	"DEPRESSİV POZUNTULAR"	"Depressiv pozuntular"
"mundericat.html"	"az"	"оглавление"	"TƏŞVİŞ POZUNTULARI"	"Təşviş pozuntuları"
"mundericat.html"	"az"	"оглавление"	"OBSESSİV-KOMPULSİV VƏ ƏLAQƏLİ POZUNTULAR"	"Obsessiv-kompulsiv və əlaqəli pozuntular"
"mundericat.html"	"az"	"оглавление"	"TRAVMA VƏ STRESSLƏ ƏLAQƏLİ POZUNTULAR"	"Travma və stresslə əlaqəli pozuntular"
"mundericat.html"	"az"	"оглавление"	"DİSSOSİATİV POZUNTULAR"	"Dissosiativ pozuntular"
"mundericat.html"	"az"	"оглавление"	"SOMATİK SİMPTOM VƏ ƏLAQƏLİ POZUNTULAR"	"Somatik simptom və əlaqəli pozuntular"
"mundericat.html"	"az"	"оглавление"	"QİDALANMA VƏ YEMƏ POZUNTULARI"	"Qidalanma və yemə pozuntuları"
"mundericat.html"	"az"	"оглавление"	"İFRAZAT POZUNTULARI"	"İfrazat pozuntuları"
"mundericat.html"	"az"	"оглавление"	"YUXU-OYANMA POZUNTULARI"	"Yuxu-oyanma pozuntuları"
"mundericat.html"	"az"	"оглавление"	"CİNSİ DİSFUNKSİYALAR"	"Cinsi disfunksiyalar"
"mundericat.html"	"az"	"оглавление"	"DAĞIDICI, İMPULS-NƏZARƏT VƏ DAVRANIŞ POZUNTULARI"	"Dağıdıcı, impuls-nəzarət və davranış pozuntuları"
"mundericat.html"	"az"	"оглавление"	"MADDƏ İLƏ ƏLAQƏLİ VƏ ASILILIQ POZUNTULARI"	"Maddə ilə əlaqəli və asılılıq pozuntuları"
"mundericat.html"	"az"	"оглавление"	"NEYROKOQNİTİV POZUNTULAR"	"Neyrokoqnitiv pozuntular"
"mundericat.html"	"az"	"оглавление"	"ŞƏXSİYYƏT POZUNTULARI"	"Şəxsiyyət pozuntuları"
"mundericat.html"	"az"	"оглавление"	"PARAFİLİK POZUNTULAR"	"Parafilik pozuntular"
"mundericat.html"	"az"	"оглавление"	"DİGƏR PSİXİ POZUNTULAR"	"Digər psixi pozuntular"
"mundericat.html"	"az"	"оглавление"	"ÜZVİ (SİMPTOMATİK) PSİXİ POZUNTULAR"	"Üzvi (simptomatik) psixi pozuntular"
"mundericat.html"	"az"	"оглавление"	"PSİXOAKTİV MADDƏLƏRLƏ BAĞLI POZUNTULAR"	"Psixoaktiv maddələrlə bağlı pozuntular"
"mundericat.html"	"az"	"оглавление"	"ŞİZOFRENİYA, ŞİZOTİPİK VƏ SAYIQLAMA POZUNTULARI"	"Şizofreniya, şizotipik və sayıqlama pozuntuları"
"mundericat.html"	"az"	"оглавление"	"ƏHVAL (AFFEKTİV) POZUNTULAR"	"Əhval (affektiv) pozuntular"
"mundericat.html"	"az"	"оглавление"	"NEVROTİK, STRESSLƏ BAĞLI VƏ SOMATOFORM POZUNTULAR"	"Nevrotik, stresslə bağlı və somatoform pozuntular"
"mundericat.html"	"az"	"оглавление"	"FİZİOLOJİ POZUNTULAR VƏ FİZİKİ AMİLLƏRLƏ BAĞLI SİNDROMLAR"	"Fizioloji pozuntular və fiziki amillərlə bağlı sindromlar"
"mundericat.html"	"az"	"оглавление"	"YETKİN ŞƏXSİYYƏT VƏ DAVRANIŞ POZUNTULARI"	"Yetkin şəxsiyyət və davranış pozuntuları"
"mundericat.html"	"az"	"оглавление"	"ƏQLİ GERİLİK"	"Əqli gerilik"
"mundericat.html"	"az"	"оглавление"	"PSİXOLOJİ İNKİŞAF POZUNTULARI"	"Psixoloji inkişaf pozuntuları"
"mundericat.html"	"az"	"оглавление"	"UŞAQLIQ VƏ YENİYETMƏLİK DÖVRÜNDƏ BAŞLAYAN POZUNTULAR"	"Uşaqlıq və yeniyetməlik dövründə başlayan pozuntular"
"mundericat.html"	"az"	"оглавление"	"DƏQİQLƏŞDİRİLMƏMİŞ PSİXİ POZUNTU"	"Dəqiqləşdirilməmiş psixi pozuntu"
"terminoloji-luget.html"	"az"	"мета-заголовок"	"Terminoloji lüğət | KLİNİK PSİXİATRİYA"	"Terminoloji lüğət | Klinik Psixiatriya"
"terminoloji-luget.html"	"az"	"мета-заголовок"	"Terminoloji lüğət | KLİNİK PSİXİATRİYA"	"Terminoloji lüğət | Klinik Psixiatriya"
"terminoloji-luget.html"	"az"	"подпись-заказа"	"Klinik psixiatriya"	"Klinik Psixiatriya"
"terminoloji-luget.html"	"az"	"шапка-книги"	"Klinik psixiatriya"	"Klinik Psixiatriya"
"yekun.html"	"az"	"мета-заголовок"	"Yekun — İstifadə qaydaları | KLİNİK PSİXİATRİYA"	"Yekun tövsıyələr | Klinik Psixiatriya"
"yekun.html"	"az"	"мета-заголовок"	"Yekun — İstifadə qaydaları | KLİNİK PSİXİATRİYA"	"Yekun tövsıyələr | Klinik Psixiatriya"
"yekun.html"	"az"	"мета-описание"	"Klinik Psixiatriya — Yekun — İstifadə qaydaları"	"Klinik Psixiatriya — Yekun tövsıyələr"
"yekun.html"	"az"	"мета-описание"	"Klinik Psixiatriya — Yekun — İstifadə qaydaları"	"Klinik Psixiatriya — Yekun tövsıyələr"
"yekun.html"	"az"	"подпись-заказа"	"Klinik psixiatriya"	"Klinik Psixiatriya"
"yekun.html"	"az"	"шапка-книги"	"Klinik psixiatriya"	"Klinik Psixiatriya"
"yekun.html"	"az"	"крошка"	"Klinik psixiatriya"	"Klinik Psixiatriya"
"01-6A0-neyroinkisaf.html"	"en"	"мета-заголовок"	"NEURODEVELOPMENTAL DISORDERS | CLINICAL PSYCHIATRY"	"Neurodevelopmental disorders | Clinical Psychiatry"
"01-6A0-neyroinkisaf.html"	"en"	"мета-заголовок"	"NEURODEVELOPMENTAL DISORDERS | CLINICAL PSYCHIATRY"	"Neurodevelopmental disorders | Clinical Psychiatry"
"01-6A0-neyroinkisaf.html"	"en"	"мета-описание"	"Clinical Psychiatry — NEURODEVELOPMENTAL DISORDERS"	"Clinical Psychiatry — Neurodevelopmental disorders"
"01-6A0-neyroinkisaf.html"	"en"	"мета-описание"	"Clinical Psychiatry — NEURODEVELOPMENTAL DISORDERS"	"Clinical Psychiatry — Neurodevelopmental disorders"
"01-6A0-neyroinkisaf.html"	"en"	"json-ld"	"Clinical psychiatry"	"Clinical Psychiatry"
"01-6A0-neyroinkisaf.html"	"en"	"подпись-заказа"	"Clinical psychiatry"	"Clinical Psychiatry"
"01-6A0-neyroinkisaf.html"	"en"	"шапка-книги"	"Clinical psychiatry"	"Clinical Psychiatry"
"02-6A2-sizofreniya-spektri.html"	"en"	"мета-заголовок"	"SCHIZOPHRENIA SPECTRUM | CLINICAL PSYCHIATRY"	"Schizophrenia spectrum | Clinical Psychiatry"
"02-6A2-sizofreniya-spektri.html"	"en"	"мета-заголовок"	"SCHIZOPHRENIA SPECTRUM | CLINICAL PSYCHIATRY"	"Schizophrenia spectrum | Clinical Psychiatry"
"02-6A2-sizofreniya-spektri.html"	"en"	"мета-описание"	"Clinical Psychiatry — SCHIZOPHRENIA SPECTRUM"	"Clinical Psychiatry — Schizophrenia spectrum"
"02-6A2-sizofreniya-spektri.html"	"en"	"мета-описание"	"Clinical Psychiatry — SCHIZOPHRENIA SPECTRUM"	"Clinical Psychiatry — Schizophrenia spectrum"
"02-6A2-sizofreniya-spektri.html"	"en"	"json-ld"	"Clinical psychiatry"	"Clinical Psychiatry"
"02-6A2-sizofreniya-spektri.html"	"en"	"подпись-заказа"	"Clinical psychiatry"	"Clinical Psychiatry"
"02-6A2-sizofreniya-spektri.html"	"en"	"шапка-книги"	"Clinical psychiatry"	"Clinical Psychiatry"
"03-6A4-katatoniya.html"	"en"	"мета-заголовок"	"CATATONIA | CLINICAL PSYCHIATRY"	"Catatonia | Clinical Psychiatry"
"03-6A4-katatoniya.html"	"en"	"мета-заголовок"	"CATATONIA | CLINICAL PSYCHIATRY"	"Catatonia | Clinical Psychiatry"
"03-6A4-katatoniya.html"	"en"	"мета-описание"	"Clinical Psychiatry — CATATONIA"	"Clinical Psychiatry — Catatonia"
"03-6A4-katatoniya.html"	"en"	"мета-описание"	"Clinical Psychiatry — CATATONIA"	"Clinical Psychiatry — Catatonia"
"03-6A4-katatoniya.html"	"en"	"json-ld"	"Clinical psychiatry"	"Clinical Psychiatry"
"03-6A4-katatoniya.html"	"en"	"подпись-заказа"	"Clinical psychiatry"	"Clinical Psychiatry"
"03-6A4-katatoniya.html"	"en"	"шапка-книги"	"Clinical psychiatry"	"Clinical Psychiatry"
"04-6A6-ehval-pozuntulari.html"	"en"	"мета-заголовок"	"MOOD DISORDERS | CLINICAL PSYCHIATRY"	"Mood disorders | Clinical Psychiatry"
"04-6A6-ehval-pozuntulari.html"	"en"	"мета-заголовок"	"MOOD DISORDERS | CLINICAL PSYCHIATRY"	"Mood disorders | Clinical Psychiatry"
"04-6A6-ehval-pozuntulari.html"	"en"	"мета-описание"	"Clinical Psychiatry — MOOD DISORDERS"	"Clinical Psychiatry — Mood disorders"
"04-6A6-ehval-pozuntulari.html"	"en"	"мета-описание"	"Clinical Psychiatry — MOOD DISORDERS"	"Clinical Psychiatry — Mood disorders"
"04-6A6-ehval-pozuntulari.html"	"en"	"json-ld"	"Clinical psychiatry"	"Clinical Psychiatry"
"04-6A6-ehval-pozuntulari.html"	"en"	"подпись-заказа"	"Clinical psychiatry"	"Clinical Psychiatry"
"04-6A6-ehval-pozuntulari.html"	"en"	"шапка-книги"	"Clinical psychiatry"	"Clinical Psychiatry"
"05-6B0-narahatliq.html"	"en"	"мета-заголовок"	"ANXIETY DISORDERS | CLINICAL PSYCHIATRY"	"Anxiety disorders | Clinical Psychiatry"
"05-6B0-narahatliq.html"	"en"	"мета-заголовок"	"ANXIETY DISORDERS | CLINICAL PSYCHIATRY"	"Anxiety disorders | Clinical Psychiatry"
"05-6B0-narahatliq.html"	"en"	"мета-описание"	"Clinical Psychiatry — ANXIETY DISORDERS"	"Clinical Psychiatry — Anxiety disorders"
"05-6B0-narahatliq.html"	"en"	"мета-описание"	"Clinical Psychiatry — ANXIETY DISORDERS"	"Clinical Psychiatry — Anxiety disorders"
"05-6B0-narahatliq.html"	"en"	"json-ld"	"Clinical psychiatry"	"Clinical Psychiatry"
"05-6B0-narahatliq.html"	"en"	"подпись-заказа"	"Clinical psychiatry"	"Clinical Psychiatry"
"05-6B0-narahatliq.html"	"en"	"шапка-книги"	"Clinical psychiatry"	"Clinical Psychiatry"
"06-6B2-okp.html"	"en"	"мета-заголовок"	"OBSESSIVE-COMPULSIVE (OCD) | CLINICAL PSYCHIATRY"	"Obsessive-compulsive (OCD) | Clinical Psychiatry"
"06-6B2-okp.html"	"en"	"мета-заголовок"	"OBSESSIVE-COMPULSIVE (OCD) | CLINICAL PSYCHIATRY"	"Obsessive-compulsive (OCD) | Clinical Psychiatry"
"06-6B2-okp.html"	"en"	"мета-описание"	"Clinical Psychiatry — OBSESSIVE-COMPULSIVE (OCD)"	"Clinical Psychiatry — Obsessive-compulsive (OCD)"
"06-6B2-okp.html"	"en"	"мета-описание"	"Clinical Psychiatry — OBSESSIVE-COMPULSIVE (OCD)"	"Clinical Psychiatry — Obsessive-compulsive (OCD)"
"06-6B2-okp.html"	"en"	"json-ld"	"Clinical psychiatry"	"Clinical Psychiatry"
"06-6B2-okp.html"	"en"	"подпись-заказа"	"Clinical psychiatry"	"Clinical Psychiatry"
"06-6B2-okp.html"	"en"	"шапка-книги"	"Clinical psychiatry"	"Clinical Psychiatry"
"07-6B4-stress.html"	"en"	"мета-заголовок"	"STRESS-RELATED | CLINICAL PSYCHIATRY"	"Stress-related | Clinical Psychiatry"
"07-6B4-stress.html"	"en"	"мета-заголовок"	"STRESS-RELATED | CLINICAL PSYCHIATRY"	"Stress-related | Clinical Psychiatry"
"07-6B4-stress.html"	"en"	"мета-описание"	"Clinical Psychiatry — STRESS-RELATED"	"Clinical Psychiatry — Stress-related"
"07-6B4-stress.html"	"en"	"мета-описание"	"Clinical Psychiatry — STRESS-RELATED"	"Clinical Psychiatry — Stress-related"
"07-6B4-stress.html"	"en"	"json-ld"	"Clinical psychiatry"	"Clinical Psychiatry"
"07-6B4-stress.html"	"en"	"подпись-заказа"	"Clinical psychiatry"	"Clinical Psychiatry"
"07-6B4-stress.html"	"en"	"шапка-книги"	"Clinical psychiatry"	"Clinical Psychiatry"
"08-6B6-dissosiativ.html"	"en"	"мета-заголовок"	"DISSOCIATIVE DISORDERS | CLINICAL PSYCHIATRY"	"Dissociative disorders | Clinical Psychiatry"
"08-6B6-dissosiativ.html"	"en"	"мета-заголовок"	"DISSOCIATIVE DISORDERS | CLINICAL PSYCHIATRY"	"Dissociative disorders | Clinical Psychiatry"
"08-6B6-dissosiativ.html"	"en"	"мета-описание"	"Clinical Psychiatry — DISSOCIATIVE DISORDERS"	"Clinical Psychiatry — Dissociative disorders"
"08-6B6-dissosiativ.html"	"en"	"мета-описание"	"Clinical Psychiatry — DISSOCIATIVE DISORDERS"	"Clinical Psychiatry — Dissociative disorders"
"08-6B6-dissosiativ.html"	"en"	"json-ld"	"Clinical psychiatry"	"Clinical Psychiatry"
"08-6B6-dissosiativ.html"	"en"	"подпись-заказа"	"Clinical psychiatry"	"Clinical Psychiatry"
"08-6B6-dissosiativ.html"	"en"	"шапка-книги"	"Clinical psychiatry"	"Clinical Psychiatry"
"09-6B8-qida-qebulu.html"	"en"	"мета-заголовок"	"FEEDING OR EATING DISORDERS | CLINICAL PSYCHIATRY"	"Feeding and eating disorders | Clinical Psychiatry"
"09-6B8-qida-qebulu.html"	"en"	"мета-заголовок"	"FEEDING OR EATING DISORDERS | CLINICAL PSYCHIATRY"	"Feeding and eating disorders | Clinical Psychiatry"
"09-6B8-qida-qebulu.html"	"en"	"мета-описание"	"Clinical Psychiatry — FEEDING OR EATING DISORDERS"	"Clinical Psychiatry — Feeding and eating disorders"
"09-6B8-qida-qebulu.html"	"en"	"мета-описание"	"Clinical Psychiatry — FEEDING OR EATING DISORDERS"	"Clinical Psychiatry — Feeding and eating disorders"
"09-6B8-qida-qebulu.html"	"en"	"json-ld"	"Clinical psychiatry"	"Clinical Psychiatry"
"09-6B8-qida-qebulu.html"	"en"	"подпись-заказа"	"Clinical psychiatry"	"Clinical Psychiatry"
"09-6B8-qida-qebulu.html"	"en"	"шапка-книги"	"Clinical psychiatry"	"Clinical Psychiatry"
"10-6C0-ifrazat.html"	"en"	"мета-заголовок"	"ELIMINATION DISORDERS | CLINICAL PSYCHIATRY"	"Elimination disorders | Clinical Psychiatry"
"10-6C0-ifrazat.html"	"en"	"мета-заголовок"	"ELIMINATION DISORDERS | CLINICAL PSYCHIATRY"	"Elimination disorders | Clinical Psychiatry"
"10-6C0-ifrazat.html"	"en"	"мета-описание"	"Clinical Psychiatry — ELIMINATION DISORDERS"	"Clinical Psychiatry — Elimination disorders"
"10-6C0-ifrazat.html"	"en"	"мета-описание"	"Clinical Psychiatry — ELIMINATION DISORDERS"	"Clinical Psychiatry — Elimination disorders"
"10-6C0-ifrazat.html"	"en"	"json-ld"	"Clinical psychiatry"	"Clinical Psychiatry"
"10-6C0-ifrazat.html"	"en"	"подпись-заказа"	"Clinical psychiatry"	"Clinical Psychiatry"
"10-6C0-ifrazat.html"	"en"	"шапка-книги"	"Clinical psychiatry"	"Clinical Psychiatry"
"11-6C2-bedensel-disstres.html"	"en"	"мета-заголовок"	"BODILY DISTRESS | CLINICAL PSYCHIATRY"	"Bodily distress | Clinical Psychiatry"
"11-6C2-bedensel-disstres.html"	"en"	"мета-заголовок"	"BODILY DISTRESS | CLINICAL PSYCHIATRY"	"Bodily distress | Clinical Psychiatry"
"11-6C2-bedensel-disstres.html"	"en"	"мета-описание"	"Clinical Psychiatry — BODILY DISTRESS"	"Clinical Psychiatry — Bodily distress"
"11-6C2-bedensel-disstres.html"	"en"	"мета-описание"	"Clinical Psychiatry — BODILY DISTRESS"	"Clinical Psychiatry — Bodily distress"
"11-6C2-bedensel-disstres.html"	"en"	"json-ld"	"Clinical psychiatry"	"Clinical Psychiatry"
"11-6C2-bedensel-disstres.html"	"en"	"подпись-заказа"	"Clinical psychiatry"	"Clinical Psychiatry"
"11-6C2-bedensel-disstres.html"	"en"	"шапка-книги"	"Clinical psychiatry"	"Clinical Psychiatry"
"12-6C4-madde-asililiq.html"	"en"	"мета-заголовок"	"SUBSTANCE-RELATED | CLINICAL PSYCHIATRY"	"Substance-related | Clinical Psychiatry"
"12-6C4-madde-asililiq.html"	"en"	"мета-заголовок"	"SUBSTANCE-RELATED | CLINICAL PSYCHIATRY"	"Substance-related | Clinical Psychiatry"
"12-6C4-madde-asililiq.html"	"en"	"мета-описание"	"Clinical Psychiatry — SUBSTANCE-RELATED"	"Clinical Psychiatry — Substance-related"
"12-6C4-madde-asililiq.html"	"en"	"мета-описание"	"Clinical Psychiatry — SUBSTANCE-RELATED"	"Clinical Psychiatry — Substance-related"
"12-6C4-madde-asililiq.html"	"en"	"json-ld"	"Clinical psychiatry"	"Clinical Psychiatry"
"12-6C4-madde-asililiq.html"	"en"	"подпись-заказа"	"Clinical psychiatry"	"Clinical Psychiatry"
"12-6C4-madde-asililiq.html"	"en"	"шапка-книги"	"Clinical psychiatry"	"Clinical Psychiatry"
"13-6C7-impuls-nezareti.html"	"en"	"мета-заголовок"	"IMPULSE CONTROL | CLINICAL PSYCHIATRY"	"Impulse control | Clinical Psychiatry"
"13-6C7-impuls-nezareti.html"	"en"	"мета-заголовок"	"IMPULSE CONTROL | CLINICAL PSYCHIATRY"	"Impulse control | Clinical Psychiatry"
"13-6C7-impuls-nezareti.html"	"en"	"мета-описание"	"Clinical Psychiatry — IMPULSE CONTROL"	"Clinical Psychiatry — Impulse control"
"13-6C7-impuls-nezareti.html"	"en"	"мета-описание"	"Clinical Psychiatry — IMPULSE CONTROL"	"Clinical Psychiatry — Impulse control"
"13-6C7-impuls-nezareti.html"	"en"	"json-ld"	"Clinical psychiatry"	"Clinical Psychiatry"
"13-6C7-impuls-nezareti.html"	"en"	"подпись-заказа"	"Clinical psychiatry"	"Clinical Psychiatry"
"13-6C7-impuls-nezareti.html"	"en"	"шапка-книги"	"Clinical psychiatry"	"Clinical Psychiatry"
"14-6C9-pozucu-davranis.html"	"en"	"мета-заголовок"	"DISRUPTIVE BEHAVIOUR | CLINICAL PSYCHIATRY"	"Disruptive behaviour | Clinical Psychiatry"
"14-6C9-pozucu-davranis.html"	"en"	"мета-заголовок"	"DISRUPTIVE BEHAVIOUR | CLINICAL PSYCHIATRY"	"Disruptive behaviour | Clinical Psychiatry"
"14-6C9-pozucu-davranis.html"	"en"	"мета-описание"	"Clinical Psychiatry — DISRUPTIVE BEHAVIOUR"	"Clinical Psychiatry — Disruptive behaviour"
"14-6C9-pozucu-davranis.html"	"en"	"мета-описание"	"Clinical Psychiatry — DISRUPTIVE BEHAVIOUR"	"Clinical Psychiatry — Disruptive behaviour"
"14-6C9-pozucu-davranis.html"	"en"	"json-ld"	"Clinical psychiatry"	"Clinical Psychiatry"
"14-6C9-pozucu-davranis.html"	"en"	"подпись-заказа"	"Clinical psychiatry"	"Clinical Psychiatry"
"14-6C9-pozucu-davranis.html"	"en"	"шапка-книги"	"Clinical psychiatry"	"Clinical Psychiatry"
"15-6D1-sexsiyyet.html"	"en"	"мета-заголовок"	"PERSONALITY DISORDERS | CLINICAL PSYCHIATRY"	"Personality disorders | Clinical Psychiatry"
"15-6D1-sexsiyyet.html"	"en"	"мета-заголовок"	"PERSONALITY DISORDERS | CLINICAL PSYCHIATRY"	"Personality disorders | Clinical Psychiatry"
"15-6D1-sexsiyyet.html"	"en"	"мета-описание"	"Clinical Psychiatry — PERSONALITY DISORDERS"	"Clinical Psychiatry — Personality disorders"
"15-6D1-sexsiyyet.html"	"en"	"мета-описание"	"Clinical Psychiatry — PERSONALITY DISORDERS"	"Clinical Psychiatry — Personality disorders"
"15-6D1-sexsiyyet.html"	"en"	"json-ld"	"Clinical psychiatry"	"Clinical Psychiatry"
"15-6D1-sexsiyyet.html"	"en"	"подпись-заказа"	"Clinical psychiatry"	"Clinical Psychiatry"
"15-6D1-sexsiyyet.html"	"en"	"шапка-книги"	"Clinical psychiatry"	"Clinical Psychiatry"
"16-6D3-parafilik.html"	"en"	"мета-заголовок"	"PARAPHILIC DISORDERS | CLINICAL PSYCHIATRY"	"Paraphilic disorders | Clinical Psychiatry"
"16-6D3-parafilik.html"	"en"	"мета-заголовок"	"PARAPHILIC DISORDERS | CLINICAL PSYCHIATRY"	"Paraphilic disorders | Clinical Psychiatry"
"16-6D3-parafilik.html"	"en"	"мета-описание"	"Clinical Psychiatry — PARAPHILIC DISORDERS"	"Clinical Psychiatry — Paraphilic disorders"
"16-6D3-parafilik.html"	"en"	"мета-описание"	"Clinical Psychiatry — PARAPHILIC DISORDERS"	"Clinical Psychiatry — Paraphilic disorders"
"16-6D3-parafilik.html"	"en"	"json-ld"	"Clinical psychiatry"	"Clinical Psychiatry"
"16-6D3-parafilik.html"	"en"	"подпись-заказа"	"Clinical psychiatry"	"Clinical Psychiatry"
"16-6D3-parafilik.html"	"en"	"шапка-книги"	"Clinical psychiatry"	"Clinical Psychiatry"
"17-6D5-faktitioz.html"	"en"	"мета-заголовок"	"FACTITIOUS DISORDERS | CLINICAL PSYCHIATRY"	"Factitious disorders | Clinical Psychiatry"
"17-6D5-faktitioz.html"	"en"	"мета-заголовок"	"FACTITIOUS DISORDERS | CLINICAL PSYCHIATRY"	"Factitious disorders | Clinical Psychiatry"
"17-6D5-faktitioz.html"	"en"	"мета-описание"	"Clinical Psychiatry — FACTITIOUS DISORDERS"	"Clinical Psychiatry — Factitious disorders"
"17-6D5-faktitioz.html"	"en"	"мета-описание"	"Clinical Psychiatry — FACTITIOUS DISORDERS"	"Clinical Psychiatry — Factitious disorders"
"17-6D5-faktitioz.html"	"en"	"json-ld"	"Clinical psychiatry"	"Clinical Psychiatry"
"17-6D5-faktitioz.html"	"en"	"подпись-заказа"	"Clinical psychiatry"	"Clinical Psychiatry"
"17-6D5-faktitioz.html"	"en"	"шапка-книги"	"Clinical psychiatry"	"Clinical Psychiatry"
"18-6D7-neyrokoqnitiv.html"	"en"	"мета-заголовок"	"NEUROCOGNITIVE (DEMENTIA) | CLINICAL PSYCHIATRY"	"Neurocognitive (dementia) | Clinical Psychiatry"
"18-6D7-neyrokoqnitiv.html"	"en"	"мета-заголовок"	"NEUROCOGNITIVE (DEMENTIA) | CLINICAL PSYCHIATRY"	"Neurocognitive (dementia) | Clinical Psychiatry"
"18-6D7-neyrokoqnitiv.html"	"en"	"мета-описание"	"Clinical Psychiatry — NEUROCOGNITIVE (DEMENTIA)"	"Clinical Psychiatry — Neurocognitive (dementia)"
"18-6D7-neyrokoqnitiv.html"	"en"	"мета-описание"	"Clinical Psychiatry — NEUROCOGNITIVE (DEMENTIA)"	"Clinical Psychiatry — Neurocognitive (dementia)"
"18-6D7-neyrokoqnitiv.html"	"en"	"json-ld"	"Clinical psychiatry"	"Clinical Psychiatry"
"18-6D7-neyrokoqnitiv.html"	"en"	"подпись-заказа"	"Clinical psychiatry"	"Clinical Psychiatry"
"18-6D7-neyrokoqnitiv.html"	"en"	"шапка-книги"	"Clinical psychiatry"	"Clinical Psychiatry"
"19-6E2-perinatal.html"	"en"	"мета-заголовок"	"PERINATAL DISORDERS | CLINICAL PSYCHIATRY"	"Perinatal disorders | Clinical Psychiatry"
"19-6E2-perinatal.html"	"en"	"мета-заголовок"	"PERINATAL DISORDERS | CLINICAL PSYCHIATRY"	"Perinatal disorders | Clinical Psychiatry"
"19-6E2-perinatal.html"	"en"	"мета-описание"	"Clinical Psychiatry — PERINATAL DISORDERS"	"Clinical Psychiatry — Perinatal disorders"
"19-6E2-perinatal.html"	"en"	"мета-описание"	"Clinical Psychiatry — PERINATAL DISORDERS"	"Clinical Psychiatry — Perinatal disorders"
"19-6E2-perinatal.html"	"en"	"json-ld"	"Clinical psychiatry"	"Clinical Psychiatry"
"19-6E2-perinatal.html"	"en"	"подпись-заказа"	"Clinical psychiatry"	"Clinical Psychiatry"
"19-6E2-perinatal.html"	"en"	"шапка-книги"	"Clinical psychiatry"	"Clinical Psychiatry"
"20-6E4-psixosomatik.html"	"en"	"мета-заголовок"	"PSYCHOSOMATIC FACTORS | CLINICAL PSYCHIATRY"	"Psychosomatic factors | Clinical Psychiatry"
"20-6E4-psixosomatik.html"	"en"	"мета-заголовок"	"PSYCHOSOMATIC FACTORS | CLINICAL PSYCHIATRY"	"Psychosomatic factors | Clinical Psychiatry"
"20-6E4-psixosomatik.html"	"en"	"мета-описание"	"Clinical Psychiatry — PSYCHOSOMATIC FACTORS"	"Clinical Psychiatry — Psychosomatic factors"
"20-6E4-psixosomatik.html"	"en"	"мета-описание"	"Clinical Psychiatry — PSYCHOSOMATIC FACTORS"	"Clinical Psychiatry — Psychosomatic factors"
"20-6E4-psixosomatik.html"	"en"	"json-ld"	"Clinical psychiatry"	"Clinical Psychiatry"
"20-6E4-psixosomatik.html"	"en"	"подпись-заказа"	"Clinical psychiatry"	"Clinical Psychiatry"
"20-6E4-psixosomatik.html"	"en"	"шапка-книги"	"Clinical psychiatry"	"Clinical Psychiatry"
"21-6E6-ikincili.html"	"en"	"мета-заголовок"	"SECONDARY PSYCHIATRY | CLINICAL PSYCHIATRY"	"Secondary psychiatry | Clinical Psychiatry"
"21-6E6-ikincili.html"	"en"	"мета-заголовок"	"SECONDARY PSYCHIATRY | CLINICAL PSYCHIATRY"	"Secondary psychiatry | Clinical Psychiatry"
"21-6E6-ikincili.html"	"en"	"мета-описание"	"Clinical Psychiatry — SECONDARY PSYCHIATRY"	"Clinical Psychiatry — Secondary psychiatry"
"21-6E6-ikincili.html"	"en"	"мета-описание"	"Clinical Psychiatry — SECONDARY PSYCHIATRY"	"Clinical Psychiatry — Secondary psychiatry"
"21-6E6-ikincili.html"	"en"	"json-ld"	"Clinical psychiatry"	"Clinical Psychiatry"
"21-6E6-ikincili.html"	"en"	"подпись-заказа"	"Clinical psychiatry"	"Clinical Psychiatry"
"21-6E6-ikincili.html"	"en"	"шапка-книги"	"Clinical psychiatry"	"Clinical Psychiatry"
"22-7AB-yuxu.html"	"en"	"мета-заголовок"	"SLEEP DISORDERS | CLINICAL PSYCHIATRY"	"Sleep disorders | Clinical Psychiatry"
"22-7AB-yuxu.html"	"en"	"мета-заголовок"	"SLEEP DISORDERS | CLINICAL PSYCHIATRY"	"Sleep disorders | Clinical Psychiatry"
"22-7AB-yuxu.html"	"en"	"мета-описание"	"Clinical Psychiatry — SLEEP DISORDERS"	"Clinical Psychiatry — Sleep disorders"
"22-7AB-yuxu.html"	"en"	"мета-описание"	"Clinical Psychiatry — SLEEP DISORDERS"	"Clinical Psychiatry — Sleep disorders"
"22-7AB-yuxu.html"	"en"	"json-ld"	"Clinical psychiatry"	"Clinical Psychiatry"
"22-7AB-yuxu.html"	"en"	"подпись-заказа"	"Clinical psychiatry"	"Clinical Psychiatry"
"22-7AB-yuxu.html"	"en"	"шапка-книги"	"Clinical psychiatry"	"Clinical Psychiatry"
"23-HA-cinsi-saglamliq.html"	"en"	"мета-заголовок"	"SEXUAL HEALTH | CLINICAL PSYCHIATRY"	"Sexual health | Clinical Psychiatry"
"23-HA-cinsi-saglamliq.html"	"en"	"мета-заголовок"	"SEXUAL HEALTH | CLINICAL PSYCHIATRY"	"Sexual health | Clinical Psychiatry"
"23-HA-cinsi-saglamliq.html"	"en"	"мета-описание"	"Clinical Psychiatry — SEXUAL HEALTH"	"Clinical Psychiatry — Sexual health"
"23-HA-cinsi-saglamliq.html"	"en"	"мета-описание"	"Clinical Psychiatry — SEXUAL HEALTH"	"Clinical Psychiatry — Sexual health"
"23-HA-cinsi-saglamliq.html"	"en"	"json-ld"	"Clinical psychiatry"	"Clinical Psychiatry"
"23-HA-cinsi-saglamliq.html"	"en"	"подпись-заказа"	"Clinical psychiatry"	"Clinical Psychiatry"
"23-HA-cinsi-saglamliq.html"	"en"	"шапка-книги"	"Clinical psychiatry"	"Clinical Psychiatry"
"6A00.html"	"en"	"мета-заголовок"	"DISORDERS OF INTELLECTUAL DEVELOPMENT | CLINICAL PSYCHIATRY"	"Disorders of intellectual development | Clinical Psychiatry"
"6A00.html"	"en"	"мета-заголовок"	"DISORDERS OF INTELLECTUAL DEVELOPMENT | CLINICAL PSYCHIATRY"	"Disorders of intellectual development | Clinical Psychiatry"
"6A00.html"	"en"	"мета-описание"	"Clinical Psychiatry — INTELLECTUAL DEVELOPMENTAL DISORDER"	"Clinical Psychiatry — Disorders of intellectual development"
"6A00.html"	"en"	"мета-описание"	"Clinical Psychiatry — INTELLECTUAL DEVELOPMENTAL DISORDER"	"Clinical Psychiatry — Disorders of intellectual development"
"6A00.html"	"en"	"json-ld"	"Clinical psychiatry"	"Clinical Psychiatry"
"6A00.html"	"en"	"подпись-заказа"	"Clinical psychiatry"	"Clinical Psychiatry"
"6A00.html"	"en"	"шапка-книги"	"Clinical psychiatry"	"Clinical Psychiatry"
"6A01.html"	"en"	"мета-заголовок"	"DEVELOPMENTAL SPEECH OR LANGUAGE DISORDERS | CLINICAL PSYCHIATRY"	"Developmental speech or language disorders | Clinical Psychiatry"
"6A01.html"	"en"	"мета-заголовок"	"DEVELOPMENTAL SPEECH OR LANGUAGE DISORDERS | CLINICAL PSYCHIATRY"	"Developmental speech or language disorders | Clinical Psychiatry"
"6A01.html"	"en"	"мета-описание"	"Clinical Psychiatry — DEVELOPMENTAL SPEECH OR LANGUAGE DISORDERS"	"Clinical Psychiatry — Developmental speech or language disorders"
"6A01.html"	"en"	"мета-описание"	"Clinical Psychiatry — DEVELOPMENTAL SPEECH OR LANGUAGE DISORDERS"	"Clinical Psychiatry — Developmental speech or language disorders"
"6A01.html"	"en"	"json-ld"	"Clinical psychiatry"	"Clinical Psychiatry"
"6A01.html"	"en"	"подпись-заказа"	"Clinical psychiatry"	"Clinical Psychiatry"
"6A01.html"	"en"	"шапка-книги"	"Clinical psychiatry"	"Clinical Psychiatry"
"6A02.html"	"en"	"мета-заголовок"	"AUTISM SPECTRUM DISORDER (ASD) | CLINICAL PSYCHIATRY"	"Autism spectrum disorder (ASD) | Clinical Psychiatry"
"6A02.html"	"en"	"мета-заголовок"	"AUTISM SPECTRUM DISORDER (ASD) | CLINICAL PSYCHIATRY"	"Autism spectrum disorder (ASD) | Clinical Psychiatry"
"6A02.html"	"en"	"мета-описание"	"Clinical Psychiatry — AUTISM SPECTRUM DISORDER (ASD)"	"Clinical Psychiatry — Autism spectrum disorder (ASD)"
"6A02.html"	"en"	"мета-описание"	"Clinical Psychiatry — AUTISM SPECTRUM DISORDER (ASD)"	"Clinical Psychiatry — Autism spectrum disorder (ASD)"
"6A02.html"	"en"	"json-ld"	"Clinical psychiatry"	"Clinical Psychiatry"
"6A02.html"	"en"	"подпись-заказа"	"Clinical psychiatry"	"Clinical Psychiatry"
"6A02.html"	"en"	"шапка-книги"	"Clinical psychiatry"	"Clinical Psychiatry"
"6A03.html"	"en"	"мета-заголовок"	"DEVELOPMENTAL LEARNING DISORDER | CLINICAL PSYCHIATRY"	"Developmental learning disorder | Clinical Psychiatry"
"6A03.html"	"en"	"мета-заголовок"	"DEVELOPMENTAL LEARNING DISORDER | CLINICAL PSYCHIATRY"	"Developmental learning disorder | Clinical Psychiatry"
"6A03.html"	"en"	"мета-описание"	"Klinik Psixiatriya — SPECIFIC LEARNING DISORDER"	"Clinical Psychiatry — Developmental learning disorder"
"6A03.html"	"en"	"мета-описание"	"Klinik Psixiatriya — SPECIFIC LEARNING DISORDER"	"Clinical Psychiatry — Developmental learning disorder"
"6A03.html"	"en"	"json-ld"	"Clinical psychiatry"	"Clinical Psychiatry"
"6A03.html"	"en"	"подпись-заказа"	"Clinical psychiatry"	"Clinical Psychiatry"
"6A03.html"	"en"	"шапка-книги"	"Clinical psychiatry"	"Clinical Psychiatry"
"6A04.html"	"en"	"мета-заголовок"	"DEVELOPMENTAL MOTOR COORDINATION DISORDER (DCD) | CLINICAL PSYCHIATRY"	"Developmental motor coordination disorder (DCD) | Clinical Psychiatry"
"6A04.html"	"en"	"мета-заголовок"	"DEVELOPMENTAL MOTOR COORDINATION DISORDER (DCD) | CLINICAL PSYCHIATRY"	"Developmental motor coordination disorder (DCD) | Clinical Psychiatry"
"6A04.html"	"en"	"мета-описание"	"Klinik Psixiatriya — DEVELOPMENTAL MOTOR COORDINATION DISORDER (DCD)"	"Clinical Psychiatry — Developmental motor coordination disorder (DCD)"
"6A04.html"	"en"	"мета-описание"	"Klinik Psixiatriya — DEVELOPMENTAL MOTOR COORDINATION DISORDER (DCD)"	"Clinical Psychiatry — Developmental motor coordination disorder (DCD)"
"6A04.html"	"en"	"json-ld"	"Clinical psychiatry"	"Clinical Psychiatry"
"6A04.html"	"en"	"подпись-заказа"	"Clinical psychiatry"	"Clinical Psychiatry"
"6A04.html"	"en"	"шапка-книги"	"Clinical psychiatry"	"Clinical Psychiatry"
"6A05.html"	"en"	"мета-заголовок"	"ATTENTION DEFICIT HYPERACTIVITY DISORDER (ADHD) | CLINICAL PSYCHIATRY"	"Attention deficit hyperactivity disorder (ADHD) | Clinical Psychiatry"
"6A05.html"	"en"	"мета-заголовок"	"ATTENTION DEFICIT HYPERACTIVITY DISORDER (ADHD) | CLINICAL PSYCHIATRY"	"Attention deficit hyperactivity disorder (ADHD) | Clinical Psychiatry"
"6A05.html"	"en"	"мета-описание"	"Clinical Psychiatry — ATTENTION DEFICIT HYPERACTIVITY DISORDER (ADHD)"	"Clinical Psychiatry — Attention deficit hyperactivity disorder (ADHD)"
"6A05.html"	"en"	"мета-описание"	"Clinical Psychiatry — ATTENTION DEFICIT HYPERACTIVITY DISORDER (ADHD)"	"Clinical Psychiatry — Attention deficit hyperactivity disorder (ADHD)"
"6A05.html"	"en"	"json-ld"	"Clinical psychiatry"	"Clinical Psychiatry"
"6A05.html"	"en"	"подпись-заказа"	"Clinical psychiatry"	"Clinical Psychiatry"
"6A05.html"	"en"	"шапка-книги"	"Clinical psychiatry"	"Clinical Psychiatry"
"6A06.html"	"en"	"мета-заголовок"	"STEREOTYPED MOVEMENT DISORDER | CLINICAL PSYCHIATRY"	"Stereotyped movement disorder | Clinical Psychiatry"
"6A06.html"	"en"	"мета-заголовок"	"STEREOTYPED MOVEMENT DISORDER | CLINICAL PSYCHIATRY"	"Stereotyped movement disorder | Clinical Psychiatry"
"6A06.html"	"en"	"мета-описание"	"Klinik Psixiatriya — STEREOTYPIC MOVEMENT DISORDER"	"Clinical Psychiatry — Stereotyped movement disorder"
"6A06.html"	"en"	"мета-описание"	"Klinik Psixiatriya — STEREOTYPIC MOVEMENT DISORDER"	"Clinical Psychiatry — Stereotyped movement disorder"
"6A06.html"	"en"	"json-ld"	"Clinical psychiatry"	"Clinical Psychiatry"
"6A06.html"	"en"	"подпись-заказа"	"Clinical psychiatry"	"Clinical Psychiatry"
"6A06.html"	"en"	"шапка-книги"	"Clinical psychiatry"	"Clinical Psychiatry"
"6A20.html"	"en"	"мета-заголовок"	"SCHIZOPHRENIA | CLINICAL PSYCHIATRY"	"Schizophrenia | Clinical Psychiatry"
"6A20.html"	"en"	"мета-заголовок"	"SCHIZOPHRENIA | CLINICAL PSYCHIATRY"	"Schizophrenia | Clinical Psychiatry"
"6A20.html"	"en"	"мета-описание"	"Clinical Psychiatry — SCHIZOPHRENIA"	"Clinical Psychiatry — Schizophrenia"
"6A20.html"	"en"	"мета-описание"	"Clinical Psychiatry — SCHIZOPHRENIA"	"Clinical Psychiatry — Schizophrenia"
"6A20.html"	"en"	"json-ld"	"Clinical psychiatry"	"Clinical Psychiatry"
"6A20.html"	"en"	"подпись-заказа"	"Clinical psychiatry"	"Clinical Psychiatry"
"6A20.html"	"en"	"шапка-книги"	"Clinical psychiatry"	"Clinical Psychiatry"
"6A21.html"	"en"	"мета-заголовок"	"SCHIZOAFFECTIVE DISORDER | CLINICAL PSYCHIATRY"	"Schizoaffective disorder | Clinical Psychiatry"
"6A21.html"	"en"	"мета-заголовок"	"SCHIZOAFFECTIVE DISORDER | CLINICAL PSYCHIATRY"	"Schizoaffective disorder | Clinical Psychiatry"
"6A21.html"	"en"	"мета-описание"	"Klinik Psixiatriya — SCHIZOAFFECTIVE DISORDER"	"Clinical Psychiatry — Schizoaffective disorder"
"6A21.html"	"en"	"мета-описание"	"Klinik Psixiatriya — SCHIZOAFFECTIVE DISORDER"	"Clinical Psychiatry — Schizoaffective disorder"
"6A21.html"	"en"	"json-ld"	"Clinical psychiatry"	"Clinical Psychiatry"
"6A21.html"	"en"	"подпись-заказа"	"Clinical psychiatry"	"Clinical Psychiatry"
"6A21.html"	"en"	"шапка-книги"	"Clinical psychiatry"	"Clinical Psychiatry"
"6A22.html"	"en"	"мета-заголовок"	"SCHIZOTYPAL DISORDER | CLINICAL PSYCHIATRY"	"Schizotypal disorder | Clinical Psychiatry"
"6A22.html"	"en"	"мета-заголовок"	"SCHIZOTYPAL DISORDER | CLINICAL PSYCHIATRY"	"Schizotypal disorder | Clinical Psychiatry"
"6A22.html"	"en"	"мета-описание"	"Clinical Psychiatry — SCHIZOTYPAL DISORDER"	"Clinical Psychiatry — Schizotypal disorder"
"6A22.html"	"en"	"мета-описание"	"Clinical Psychiatry — SCHIZOTYPAL DISORDER"	"Clinical Psychiatry — Schizotypal disorder"
"6A22.html"	"en"	"json-ld"	"Clinical psychiatry"	"Clinical Psychiatry"
"6A22.html"	"en"	"подпись-заказа"	"Clinical psychiatry"	"Clinical Psychiatry"
"6A22.html"	"en"	"шапка-книги"	"Clinical psychiatry"	"Clinical Psychiatry"
"6A23.html"	"en"	"мета-заголовок"	"ACUTE AND TRANSIENT PSYCHOTIC DISORDER | CLINICAL PSYCHIATRY"	"Acute and transient psychotic disorder | Clinical Psychiatry"
"6A23.html"	"en"	"мета-заголовок"	"ACUTE AND TRANSIENT PSYCHOTIC DISORDER | CLINICAL PSYCHIATRY"	"Acute and transient psychotic disorder | Clinical Psychiatry"
"6A23.html"	"en"	"мета-описание"	"Clinical Psychiatry — ACUTE AND TRANSIENT PSYCHOTIC DISORDER"	"Clinical Psychiatry — Acute and transient psychotic disorder"
"6A23.html"	"en"	"мета-описание"	"Clinical Psychiatry — ACUTE AND TRANSIENT PSYCHOTIC DISORDER"	"Clinical Psychiatry — Acute and transient psychotic disorder"
"6A23.html"	"en"	"json-ld"	"Clinical psychiatry"	"Clinical Psychiatry"
"6A23.html"	"en"	"подпись-заказа"	"Clinical psychiatry"	"Clinical Psychiatry"
"6A23.html"	"en"	"шапка-книги"	"Clinical psychiatry"	"Clinical Psychiatry"
"6A24.html"	"en"	"мета-заголовок"	"DELUSIONAL DISORDER | CLINICAL PSYCHIATRY"	"Delusional disorder | Clinical Psychiatry"
"6A24.html"	"en"	"мета-заголовок"	"DELUSIONAL DISORDER | CLINICAL PSYCHIATRY"	"Delusional disorder | Clinical Psychiatry"
"6A24.html"	"en"	"мета-описание"	"Klinik Psixiatriya — DELUSIONAL DISORDER"	"Clinical Psychiatry — Delusional disorder"
"6A24.html"	"en"	"мета-описание"	"Klinik Psixiatriya — DELUSIONAL DISORDER"	"Clinical Psychiatry — Delusional disorder"
"6A24.html"	"en"	"json-ld"	"Clinical psychiatry"	"Clinical Psychiatry"
"6A24.html"	"en"	"подпись-заказа"	"Clinical psychiatry"	"Clinical Psychiatry"
"6A24.html"	"en"	"шапка-книги"	"Clinical psychiatry"	"Clinical Psychiatry"
"6A25.html"	"en"	"мета-заголовок"	"SYMPTOMATIC MANIFESTATIONS OF PRIMARY PSYCHOTIC DISORDERS | CLINICAL PSYCHIATRY"	"Symptomatic manifestations of primary psychotic disorders | Clinical Psychiatry"
"6A25.html"	"en"	"мета-заголовок"	"SYMPTOMATIC MANIFESTATIONS OF PRIMARY PSYCHOTIC DISORDERS | CLINICAL PSYCHIATRY"	"Symptomatic manifestations of primary psychotic disorders | Clinical Psychiatry"
"6A25.html"	"en"	"мета-описание"	"Klinik Psixiatriya — SYMPTOM DOMAINS OF PRIMARY PSYCHOTIC DISORDERS"	"Clinical Psychiatry — Symptomatic manifestations of primary psychotic disorders"
"6A25.html"	"en"	"мета-описание"	"Klinik Psixiatriya — SYMPTOM DOMAINS OF PRIMARY PSYCHOTIC DISORDERS"	"Clinical Psychiatry — Symptomatic manifestations of primary psychotic disorders"
"6A25.html"	"en"	"json-ld"	"Clinical psychiatry"	"Clinical Psychiatry"
"6A25.html"	"en"	"подпись-заказа"	"Clinical psychiatry"	"Clinical Psychiatry"
"6A25.html"	"en"	"шапка-книги"	"Clinical psychiatry"	"Clinical Psychiatry"
"6A40.html"	"en"	"мета-заголовок"	"CATATONIA ASSOCIATED WITH ANOTHER MENTAL DISORDER | CLINICAL PSYCHIATRY"	"Catatonia associated with another mental disorder | Clinical Psychiatry"
"6A40.html"	"en"	"мета-заголовок"	"CATATONIA ASSOCIATED WITH ANOTHER MENTAL DISORDER | CLINICAL PSYCHIATRY"	"Catatonia associated with another mental disorder | Clinical Psychiatry"
"6A40.html"	"en"	"мета-описание"	"Clinical Psychiatry — CATATONIA — GENERAL PRINCIPLES"	"Clinical Psychiatry — Catatonia associated with another mental disorder"
"6A40.html"	"en"	"мета-описание"	"Clinical Psychiatry — CATATONIA — GENERAL PRINCIPLES"	"Clinical Psychiatry — Catatonia associated with another mental disorder"
"6A40.html"	"en"	"json-ld"	"Clinical psychiatry"	"Clinical Psychiatry"
"6A40.html"	"en"	"подпись-заказа"	"Clinical psychiatry"	"Clinical Psychiatry"
"6A40.html"	"en"	"шапка-книги"	"Clinical psychiatry"	"Clinical Psychiatry"
"6A60.html"	"en"	"мета-заголовок"	"BIPOLAR TYPE I DISORDER | CLINICAL PSYCHIATRY"	"Bipolar type I disorder | Clinical Psychiatry"
"6A60.html"	"en"	"мета-заголовок"	"BIPOLAR TYPE I DISORDER | CLINICAL PSYCHIATRY"	"Bipolar type I disorder | Clinical Psychiatry"
"6A60.html"	"en"	"мета-описание"	"Clinical Psychiatry — BIPOLAR DISORDER TYPE I"	"Clinical Psychiatry — Bipolar type I disorder"
"6A60.html"	"en"	"мета-описание"	"Clinical Psychiatry — BIPOLAR DISORDER TYPE I"	"Clinical Psychiatry — Bipolar type I disorder"
"6A60.html"	"en"	"json-ld"	"Clinical psychiatry"	"Clinical Psychiatry"
"6A60.html"	"en"	"подпись-заказа"	"Clinical psychiatry"	"Clinical Psychiatry"
"6A60.html"	"en"	"шапка-книги"	"Clinical psychiatry"	"Clinical Psychiatry"
"6A61.html"	"en"	"мета-заголовок"	"BIPOLAR TYPE II DISORDER | CLINICAL PSYCHIATRY"	"Bipolar type II disorder | Clinical Psychiatry"
"6A61.html"	"en"	"мета-заголовок"	"BIPOLAR TYPE II DISORDER | CLINICAL PSYCHIATRY"	"Bipolar type II disorder | Clinical Psychiatry"
"6A61.html"	"en"	"мета-описание"	"Clinical Psychiatry — BIPOLAR DISORDER TYPE II"	"Clinical Psychiatry — Bipolar type II disorder"
"6A61.html"	"en"	"мета-описание"	"Clinical Psychiatry — BIPOLAR DISORDER TYPE II"	"Clinical Psychiatry — Bipolar type II disorder"
"6A61.html"	"en"	"json-ld"	"Clinical psychiatry"	"Clinical Psychiatry"
"6A61.html"	"en"	"подпись-заказа"	"Clinical psychiatry"	"Clinical Psychiatry"
"6A61.html"	"en"	"шапка-книги"	"Clinical psychiatry"	"Clinical Psychiatry"
"6A62.html"	"en"	"мета-заголовок"	"CYCLOTHYMIC DISORDER | CLINICAL PSYCHIATRY"	"Cyclothymic disorder | Clinical Psychiatry"
"6A62.html"	"en"	"мета-заголовок"	"CYCLOTHYMIC DISORDER | CLINICAL PSYCHIATRY"	"Cyclothymic disorder | Clinical Psychiatry"
"6A62.html"	"en"	"мета-описание"	"Klinik Psixiatriya — CYCLOTHYMIC DISORDER"	"Clinical Psychiatry — Cyclothymic disorder"
"6A62.html"	"en"	"мета-описание"	"Klinik Psixiatriya — CYCLOTHYMIC DISORDER"	"Clinical Psychiatry — Cyclothymic disorder"
"6A62.html"	"en"	"json-ld"	"Clinical psychiatry"	"Clinical Psychiatry"
"6A62.html"	"en"	"подпись-заказа"	"Clinical psychiatry"	"Clinical Psychiatry"
"6A62.html"	"en"	"шапка-книги"	"Clinical psychiatry"	"Clinical Psychiatry"
"6A70.html"	"en"	"мета-заголовок"	"SINGLE EPISODE DEPRESSIVE DISORDER | CLINICAL PSYCHIATRY"	"Single episode depressive disorder | Clinical Psychiatry"
"6A70.html"	"en"	"мета-заголовок"	"SINGLE EPISODE DEPRESSIVE DISORDER | CLINICAL PSYCHIATRY"	"Single episode depressive disorder | Clinical Psychiatry"
"6A70.html"	"en"	"мета-описание"	"Klinik Psixiatriya — SINGLE EPISODE DEPRESSIVE DISORDER"	"Clinical Psychiatry — Single episode depressive disorder"
"6A70.html"	"en"	"мета-описание"	"Klinik Psixiatriya — SINGLE EPISODE DEPRESSIVE DISORDER"	"Clinical Psychiatry — Single episode depressive disorder"
"6A70.html"	"en"	"json-ld"	"Clinical psychiatry"	"Clinical Psychiatry"
"6A70.html"	"en"	"подпись-заказа"	"Clinical psychiatry"	"Clinical Psychiatry"
"6A70.html"	"en"	"шапка-книги"	"Clinical psychiatry"	"Clinical Psychiatry"
"6A71.html"	"en"	"мета-заголовок"	"RECURRENT DEPRESSIVE DISORDER | CLINICAL PSYCHIATRY"	"Recurrent depressive disorder | Clinical Psychiatry"
"6A71.html"	"en"	"мета-заголовок"	"RECURRENT DEPRESSIVE DISORDER | CLINICAL PSYCHIATRY"	"Recurrent depressive disorder | Clinical Psychiatry"
"6A71.html"	"en"	"мета-описание"	"Klinik Psixiatriya — RECURRENT DEPRESSIVE DISORDER"	"Clinical Psychiatry — Recurrent depressive disorder"
"6A71.html"	"en"	"мета-описание"	"Klinik Psixiatriya — RECURRENT DEPRESSIVE DISORDER"	"Clinical Psychiatry — Recurrent depressive disorder"
"6A71.html"	"en"	"json-ld"	"Clinical psychiatry"	"Clinical Psychiatry"
"6A71.html"	"en"	"подпись-заказа"	"Clinical psychiatry"	"Clinical Psychiatry"
"6A71.html"	"en"	"шапка-книги"	"Clinical psychiatry"	"Clinical Psychiatry"
"6A72.html"	"en"	"мета-заголовок"	"DYSTHYMIC DISORDER | CLINICAL PSYCHIATRY"	"Dysthymic disorder | Clinical Psychiatry"
"6A72.html"	"en"	"мета-заголовок"	"DYSTHYMIC DISORDER | CLINICAL PSYCHIATRY"	"Dysthymic disorder | Clinical Psychiatry"
"6A72.html"	"en"	"мета-описание"	"Clinical Psychiatry — DYSTHYMIC DISORDER"	"Clinical Psychiatry — Dysthymic disorder"
"6A72.html"	"en"	"мета-описание"	"Clinical Psychiatry — DYSTHYMIC DISORDER"	"Clinical Psychiatry — Dysthymic disorder"
"6A72.html"	"en"	"json-ld"	"Clinical psychiatry"	"Clinical Psychiatry"
"6A72.html"	"en"	"подпись-заказа"	"Clinical psychiatry"	"Clinical Psychiatry"
"6A72.html"	"en"	"шапка-книги"	"Clinical psychiatry"	"Clinical Psychiatry"
"6B00.html"	"en"	"мета-заголовок"	"GENERALISED ANXIETY DISORDER (GAD) | CLINICAL PSYCHIATRY"	"Generalised anxiety disorder (GAD) | Clinical Psychiatry"
"6B00.html"	"en"	"мета-заголовок"	"GENERALISED ANXIETY DISORDER (GAD) | CLINICAL PSYCHIATRY"	"Generalised anxiety disorder (GAD) | Clinical Psychiatry"
"6B00.html"	"en"	"мета-описание"	"Clinical Psychiatry — GENERALIZED ANXIETY DISORDER (GAD)"	"Clinical Psychiatry — Generalised anxiety disorder (GAD)"
"6B00.html"	"en"	"мета-описание"	"Clinical Psychiatry — GENERALIZED ANXIETY DISORDER (GAD)"	"Clinical Psychiatry — Generalised anxiety disorder (GAD)"
"6B00.html"	"en"	"json-ld"	"Clinical psychiatry"	"Clinical Psychiatry"
"6B00.html"	"en"	"подпись-заказа"	"Clinical psychiatry"	"Clinical Psychiatry"
"6B00.html"	"en"	"шапка-книги"	"Clinical psychiatry"	"Clinical Psychiatry"
"6B01.html"	"en"	"мета-заголовок"	"PANIC DISORDER | CLINICAL PSYCHIATRY"	"Panic disorder | Clinical Psychiatry"
"6B01.html"	"en"	"мета-заголовок"	"PANIC DISORDER | CLINICAL PSYCHIATRY"	"Panic disorder | Clinical Psychiatry"
"6B01.html"	"en"	"мета-описание"	"Clinical Psychiatry — PANIC DISORDER"	"Clinical Psychiatry — Panic disorder"
"6B01.html"	"en"	"мета-описание"	"Clinical Psychiatry — PANIC DISORDER"	"Clinical Psychiatry — Panic disorder"
"6B01.html"	"en"	"json-ld"	"Clinical psychiatry"	"Clinical Psychiatry"
"6B01.html"	"en"	"подпись-заказа"	"Clinical psychiatry"	"Clinical Psychiatry"
"6B01.html"	"en"	"шапка-книги"	"Clinical psychiatry"	"Clinical Psychiatry"
"6B02.html"	"en"	"мета-заголовок"	"AGORAPHOBIA | CLINICAL PSYCHIATRY"	"Agoraphobia | Clinical Psychiatry"
"6B02.html"	"en"	"мета-заголовок"	"AGORAPHOBIA | CLINICAL PSYCHIATRY"	"Agoraphobia | Clinical Psychiatry"
"6B02.html"	"en"	"мета-описание"	"Clinical Psychiatry — AGORAPHOBIA"	"Clinical Psychiatry — Agoraphobia"
"6B02.html"	"en"	"мета-описание"	"Clinical Psychiatry — AGORAPHOBIA"	"Clinical Psychiatry — Agoraphobia"
"6B02.html"	"en"	"json-ld"	"Clinical psychiatry"	"Clinical Psychiatry"
"6B02.html"	"en"	"подпись-заказа"	"Clinical psychiatry"	"Clinical Psychiatry"
"6B02.html"	"en"	"шапка-книги"	"Clinical psychiatry"	"Clinical Psychiatry"
"6B03.html"	"en"	"мета-заголовок"	"SPECIFIC PHOBIA | CLINICAL PSYCHIATRY"	"Specific phobia | Clinical Psychiatry"
"6B03.html"	"en"	"мета-заголовок"	"SPECIFIC PHOBIA | CLINICAL PSYCHIATRY"	"Specific phobia | Clinical Psychiatry"
"6B03.html"	"en"	"мета-описание"	"Klinik Psixiatriya — SPECIFIC PHOBIA"	"Clinical Psychiatry — Specific phobia"
"6B03.html"	"en"	"мета-описание"	"Klinik Psixiatriya — SPECIFIC PHOBIA"	"Clinical Psychiatry — Specific phobia"
"6B03.html"	"en"	"json-ld"	"Clinical psychiatry"	"Clinical Psychiatry"
"6B03.html"	"en"	"подпись-заказа"	"Clinical psychiatry"	"Clinical Psychiatry"
"6B03.html"	"en"	"шапка-книги"	"Clinical psychiatry"	"Clinical Psychiatry"
"6B04.html"	"en"	"мета-заголовок"	"SOCIAL ANXIETY DISORDER | CLINICAL PSYCHIATRY"	"Social anxiety disorder | Clinical Psychiatry"
"6B04.html"	"en"	"мета-заголовок"	"SOCIAL ANXIETY DISORDER | CLINICAL PSYCHIATRY"	"Social anxiety disorder | Clinical Psychiatry"
"6B04.html"	"en"	"мета-описание"	"Klinik Psixiatriya — SOCIAL ANXIETY DISORDER"	"Clinical Psychiatry — Social anxiety disorder"
"6B04.html"	"en"	"мета-описание"	"Klinik Psixiatriya — SOCIAL ANXIETY DISORDER"	"Clinical Psychiatry — Social anxiety disorder"
"6B04.html"	"en"	"json-ld"	"Clinical psychiatry"	"Clinical Psychiatry"
"6B04.html"	"en"	"подпись-заказа"	"Clinical psychiatry"	"Clinical Psychiatry"
"6B04.html"	"en"	"шапка-книги"	"Clinical psychiatry"	"Clinical Psychiatry"
"6B05.html"	"en"	"мета-заголовок"	"SEPARATION ANXIETY DISORDER | CLINICAL PSYCHIATRY"	"Separation anxiety disorder | Clinical Psychiatry"
"6B05.html"	"en"	"мета-заголовок"	"SEPARATION ANXIETY DISORDER | CLINICAL PSYCHIATRY"	"Separation anxiety disorder | Clinical Psychiatry"
"6B05.html"	"en"	"мета-описание"	"Clinical Psychiatry — SEPARATION ANXIETY DISORDER"	"Clinical Psychiatry — Separation anxiety disorder"
"6B05.html"	"en"	"мета-описание"	"Clinical Psychiatry — SEPARATION ANXIETY DISORDER"	"Clinical Psychiatry — Separation anxiety disorder"
"6B05.html"	"en"	"json-ld"	"Clinical psychiatry"	"Clinical Psychiatry"
"6B05.html"	"en"	"подпись-заказа"	"Clinical psychiatry"	"Clinical Psychiatry"
"6B05.html"	"en"	"шапка-книги"	"Clinical psychiatry"	"Clinical Psychiatry"
"6B06.html"	"en"	"мета-заголовок"	"SELECTIVE MUTISM | CLINICAL PSYCHIATRY"	"Selective mutism | Clinical Psychiatry"
"6B06.html"	"en"	"мета-заголовок"	"SELECTIVE MUTISM | CLINICAL PSYCHIATRY"	"Selective mutism | Clinical Psychiatry"
"6B06.html"	"en"	"мета-описание"	"Klinik Psixiatriya — SELECTIVE MUTISM"	"Clinical Psychiatry — Selective mutism"
"6B06.html"	"en"	"мета-описание"	"Klinik Psixiatriya — SELECTIVE MUTISM"	"Clinical Psychiatry — Selective mutism"
"6B06.html"	"en"	"json-ld"	"Clinical psychiatry"	"Clinical Psychiatry"
"6B06.html"	"en"	"подпись-заказа"	"Clinical psychiatry"	"Clinical Psychiatry"
"6B06.html"	"en"	"шапка-книги"	"Clinical psychiatry"	"Clinical Psychiatry"
"6B20.html"	"en"	"мета-заголовок"	"OBSESSIVE-COMPULSIVE DISORDER (OCD) | CLINICAL PSYCHIATRY"	"Obsessive-compulsive disorder (OCD) | Clinical Psychiatry"
"6B20.html"	"en"	"мета-заголовок"	"OBSESSIVE-COMPULSIVE DISORDER (OCD) | CLINICAL PSYCHIATRY"	"Obsessive-compulsive disorder (OCD) | Clinical Psychiatry"
"6B20.html"	"en"	"мета-описание"	"Clinical Psychiatry — OBSESSIVE-COMPULSIVE DISORDER (OCD)"	"Clinical Psychiatry — Obsessive-compulsive disorder (OCD)"
"6B20.html"	"en"	"мета-описание"	"Clinical Psychiatry — OBSESSIVE-COMPULSIVE DISORDER (OCD)"	"Clinical Psychiatry — Obsessive-compulsive disorder (OCD)"
"6B20.html"	"en"	"json-ld"	"Clinical psychiatry"	"Clinical Psychiatry"
"6B20.html"	"en"	"подпись-заказа"	"Clinical psychiatry"	"Clinical Psychiatry"
"6B20.html"	"en"	"шапка-книги"	"Clinical psychiatry"	"Clinical Psychiatry"
"6B21.html"	"en"	"мета-заголовок"	"BODY DYSMORPHIC DISORDER (BDD) | CLINICAL PSYCHIATRY"	"Body dysmorphic disorder (BDD) | Clinical Psychiatry"
"6B21.html"	"en"	"мета-заголовок"	"BODY DYSMORPHIC DISORDER (BDD) | CLINICAL PSYCHIATRY"	"Body dysmorphic disorder (BDD) | Clinical Psychiatry"
"6B21.html"	"en"	"мета-описание"	"Clinical Psychiatry — BODY DYSMORPHIC DISORDER (BDD)"	"Clinical Psychiatry — Body dysmorphic disorder (BDD)"
"6B21.html"	"en"	"мета-описание"	"Clinical Psychiatry — BODY DYSMORPHIC DISORDER (BDD)"	"Clinical Psychiatry — Body dysmorphic disorder (BDD)"
"6B21.html"	"en"	"json-ld"	"Clinical psychiatry"	"Clinical Psychiatry"
"6B21.html"	"en"	"подпись-заказа"	"Clinical psychiatry"	"Clinical Psychiatry"
"6B21.html"	"en"	"шапка-книги"	"Clinical psychiatry"	"Clinical Psychiatry"
"6B22.html"	"en"	"мета-заголовок"	"OLFACTORY REFERENCE DISORDER (ORS) | CLINICAL PSYCHIATRY"	"Olfactory reference disorder (ORS) | Clinical Psychiatry"
"6B22.html"	"en"	"мета-заголовок"	"OLFACTORY REFERENCE DISORDER (ORS) | CLINICAL PSYCHIATRY"	"Olfactory reference disorder (ORS) | Clinical Psychiatry"
"6B22.html"	"en"	"мета-описание"	"Clinical Psychiatry — OLFACTORY REFERENCE SYNDROME (ORS)"	"Clinical Psychiatry — Olfactory reference disorder (ORS)"
"6B22.html"	"en"	"мета-описание"	"Clinical Psychiatry — OLFACTORY REFERENCE SYNDROME (ORS)"	"Clinical Psychiatry — Olfactory reference disorder (ORS)"
"6B22.html"	"en"	"json-ld"	"Clinical psychiatry"	"Clinical Psychiatry"
"6B22.html"	"en"	"подпись-заказа"	"Clinical psychiatry"	"Clinical Psychiatry"
"6B22.html"	"en"	"шапка-книги"	"Clinical psychiatry"	"Clinical Psychiatry"
"6B23.html"	"en"	"мета-заголовок"	"HYPOCHONDRIASIS | CLINICAL PSYCHIATRY"	"Hypochondriasis | Clinical Psychiatry"
"6B23.html"	"en"	"мета-заголовок"	"HYPOCHONDRIASIS | CLINICAL PSYCHIATRY"	"Hypochondriasis | Clinical Psychiatry"
"6B23.html"	"en"	"мета-описание"	"Clinical Psychiatry — HYPOCHONDRIASIS (ILLNESS ANXIETY DISORDER)"	"Clinical Psychiatry — Hypochondriasis"
"6B23.html"	"en"	"мета-описание"	"Clinical Psychiatry — HYPOCHONDRIASIS (ILLNESS ANXIETY DISORDER)"	"Clinical Psychiatry — Hypochondriasis"
"6B23.html"	"en"	"json-ld"	"Clinical psychiatry"	"Clinical Psychiatry"
"6B23.html"	"en"	"подпись-заказа"	"Clinical psychiatry"	"Clinical Psychiatry"
"6B23.html"	"en"	"шапка-книги"	"Clinical psychiatry"	"Clinical Psychiatry"
"6B24.html"	"en"	"мета-заголовок"	"HOARDING DISORDER | CLINICAL PSYCHIATRY"	"Hoarding disorder | Clinical Psychiatry"
"6B24.html"	"en"	"мета-заголовок"	"HOARDING DISORDER | CLINICAL PSYCHIATRY"	"Hoarding disorder | Clinical Psychiatry"
"6B24.html"	"en"	"мета-описание"	"Klinik Psixiatriya — HOARDING DISORDER"	"Clinical Psychiatry — Hoarding disorder"
"6B24.html"	"en"	"мета-описание"	"Klinik Psixiatriya — HOARDING DISORDER"	"Clinical Psychiatry — Hoarding disorder"
"6B24.html"	"en"	"json-ld"	"Clinical psychiatry"	"Clinical Psychiatry"
"6B24.html"	"en"	"подпись-заказа"	"Clinical psychiatry"	"Clinical Psychiatry"
"6B24.html"	"en"	"шапка-книги"	"Clinical psychiatry"	"Clinical Psychiatry"
"6B25.html"	"en"	"мета-заголовок"	"BODY-FOCUSED REPETITIVE BEHAVIOUR DISORDERS | CLINICAL PSYCHIATRY"	"Body-focused repetitive behaviour disorders | Clinical Psychiatry"
"6B25.html"	"en"	"мета-заголовок"	"BODY-FOCUSED REPETITIVE BEHAVIOUR DISORDERS | CLINICAL PSYCHIATRY"	"Body-focused repetitive behaviour disorders | Clinical Psychiatry"
"6B25.html"	"en"	"мета-описание"	"Clinical Psychiatry — BODY-FOCUSED REPETITIVE BEHAVIORS"	"Clinical Psychiatry — Body-focused repetitive behaviour disorders"
"6B25.html"	"en"	"мета-описание"	"Clinical Psychiatry — BODY-FOCUSED REPETITIVE BEHAVIORS"	"Clinical Psychiatry — Body-focused repetitive behaviour disorders"
"6B25.html"	"en"	"json-ld"	"Clinical psychiatry"	"Clinical Psychiatry"
"6B25.html"	"en"	"подпись-заказа"	"Clinical psychiatry"	"Clinical Psychiatry"
"6B25.html"	"en"	"шапка-книги"	"Clinical psychiatry"	"Clinical Psychiatry"
"6B40.html"	"en"	"мета-заголовок"	"POST TRAUMATIC STRESS DISORDER (PTSD) | CLINICAL PSYCHIATRY"	"Post traumatic stress disorder (PTSD) | Clinical Psychiatry"
"6B40.html"	"en"	"мета-заголовок"	"POST TRAUMATIC STRESS DISORDER (PTSD) | CLINICAL PSYCHIATRY"	"Post traumatic stress disorder (PTSD) | Clinical Psychiatry"
"6B40.html"	"en"	"мета-описание"	"Klinik Psixiatriya — POSTTRAUMATIC STRESS DISORDER (PTSD)"	"Clinical Psychiatry — Post traumatic stress disorder (PTSD)"
"6B40.html"	"en"	"мета-описание"	"Klinik Psixiatriya — POSTTRAUMATIC STRESS DISORDER (PTSD)"	"Clinical Psychiatry — Post traumatic stress disorder (PTSD)"
"6B40.html"	"en"	"json-ld"	"Clinical psychiatry"	"Clinical Psychiatry"
"6B40.html"	"en"	"подпись-заказа"	"Clinical psychiatry"	"Clinical Psychiatry"
"6B40.html"	"en"	"шапка-книги"	"Clinical psychiatry"	"Clinical Psychiatry"
"6B41.html"	"en"	"мета-заголовок"	"COMPLEX POST TRAUMATIC STRESS DISORDER (cPTSD) | CLINICAL PSYCHIATRY"	"Complex post traumatic stress disorder (cPTSD) | Clinical Psychiatry"
"6B41.html"	"en"	"мета-заголовок"	"COMPLEX POST TRAUMATIC STRESS DISORDER (cPTSD) | CLINICAL PSYCHIATRY"	"Complex post traumatic stress disorder (cPTSD) | Clinical Psychiatry"
"6B41.html"	"en"	"мета-описание"	"Clinical Psychiatry — COMPLEX POSTTRAUMATIC STRESS DISORDER (cPTSD)"	"Clinical Psychiatry — Complex post traumatic stress disorder (cPTSD)"
"6B41.html"	"en"	"мета-описание"	"Clinical Psychiatry — COMPLEX POSTTRAUMATIC STRESS DISORDER (cPTSD)"	"Clinical Psychiatry — Complex post traumatic stress disorder (cPTSD)"
"6B41.html"	"en"	"json-ld"	"Clinical psychiatry"	"Clinical Psychiatry"
"6B41.html"	"en"	"подпись-заказа"	"Clinical psychiatry"	"Clinical Psychiatry"
"6B41.html"	"en"	"шапка-книги"	"Clinical psychiatry"	"Clinical Psychiatry"
"6B42.html"	"en"	"мета-заголовок"	"PROLONGED GRIEF DISORDER | CLINICAL PSYCHIATRY"	"Prolonged grief disorder | Clinical Psychiatry"
"6B42.html"	"en"	"мета-заголовок"	"PROLONGED GRIEF DISORDER | CLINICAL PSYCHIATRY"	"Prolonged grief disorder | Clinical Psychiatry"
"6B42.html"	"en"	"мета-описание"	"Klinik Psixiatriya — PROLONGED GRIEF DISORDER"	"Clinical Psychiatry — Prolonged grief disorder"
"6B42.html"	"en"	"мета-описание"	"Klinik Psixiatriya — PROLONGED GRIEF DISORDER"	"Clinical Psychiatry — Prolonged grief disorder"
"6B42.html"	"en"	"json-ld"	"Clinical psychiatry"	"Clinical Psychiatry"
"6B42.html"	"en"	"подпись-заказа"	"Clinical psychiatry"	"Clinical Psychiatry"
"6B42.html"	"en"	"шапка-книги"	"Clinical psychiatry"	"Clinical Psychiatry"
"6B43.html"	"en"	"мета-заголовок"	"ADJUSTMENT DISORDER | CLINICAL PSYCHIATRY"	"Adjustment disorder | Clinical Psychiatry"
"6B43.html"	"en"	"мета-заголовок"	"ADJUSTMENT DISORDER | CLINICAL PSYCHIATRY"	"Adjustment disorder | Clinical Psychiatry"
"6B43.html"	"en"	"мета-описание"	"Clinical Psychiatry — ADJUSTMENT DISORDER"	"Clinical Psychiatry — Adjustment disorder"
"6B43.html"	"en"	"мета-описание"	"Clinical Psychiatry — ADJUSTMENT DISORDER"	"Clinical Psychiatry — Adjustment disorder"
"6B43.html"	"en"	"json-ld"	"Clinical psychiatry"	"Clinical Psychiatry"
"6B43.html"	"en"	"подпись-заказа"	"Clinical psychiatry"	"Clinical Psychiatry"
"6B43.html"	"en"	"шапка-книги"	"Clinical psychiatry"	"Clinical Psychiatry"
"6B44.html"	"en"	"мета-заголовок"	"REACTIVE ATTACHMENT DISORDER | CLINICAL PSYCHIATRY"	"Reactive attachment disorder | Clinical Psychiatry"
"6B44.html"	"en"	"мета-заголовок"	"REACTIVE ATTACHMENT DISORDER | CLINICAL PSYCHIATRY"	"Reactive attachment disorder | Clinical Psychiatry"
"6B44.html"	"en"	"мета-описание"	"Klinik Psixiatriya — REACTIVE ATTACHMENT DISORDER"	"Clinical Psychiatry — Reactive attachment disorder"
"6B44.html"	"en"	"мета-описание"	"Klinik Psixiatriya — REACTIVE ATTACHMENT DISORDER"	"Clinical Psychiatry — Reactive attachment disorder"
"6B44.html"	"en"	"json-ld"	"Clinical psychiatry"	"Clinical Psychiatry"
"6B44.html"	"en"	"подпись-заказа"	"Clinical psychiatry"	"Clinical Psychiatry"
"6B44.html"	"en"	"шапка-книги"	"Clinical psychiatry"	"Clinical Psychiatry"
"6B45.html"	"en"	"мета-заголовок"	"DISINHIBITED SOCIAL ENGAGEMENT DISORDER | CLINICAL PSYCHIATRY"	"Disinhibited social engagement disorder | Clinical Psychiatry"
"6B45.html"	"en"	"мета-заголовок"	"DISINHIBITED SOCIAL ENGAGEMENT DISORDER | CLINICAL PSYCHIATRY"	"Disinhibited social engagement disorder | Clinical Psychiatry"
"6B45.html"	"en"	"мета-описание"	"Klinik Psixiatriya — DISINHIBITED SOCIAL ENGAGEMENT DISORDER"	"Clinical Psychiatry — Disinhibited social engagement disorder"
"6B45.html"	"en"	"мета-описание"	"Klinik Psixiatriya — DISINHIBITED SOCIAL ENGAGEMENT DISORDER"	"Clinical Psychiatry — Disinhibited social engagement disorder"
"6B45.html"	"en"	"json-ld"	"Clinical psychiatry"	"Clinical Psychiatry"
"6B45.html"	"en"	"подпись-заказа"	"Clinical psychiatry"	"Clinical Psychiatry"
"6B45.html"	"en"	"шапка-книги"	"Clinical psychiatry"	"Clinical Psychiatry"
"6B60.html"	"en"	"мета-заголовок"	"DISSOCIATIVE NEUROLOGICAL SYMPTOM DISORDER | CLINICAL PSYCHIATRY"	"Dissociative neurological symptom disorder | Clinical Psychiatry"
"6B60.html"	"en"	"мета-заголовок"	"DISSOCIATIVE NEUROLOGICAL SYMPTOM DISORDER | CLINICAL PSYCHIATRY"	"Dissociative neurological symptom disorder | Clinical Psychiatry"
"6B60.html"	"en"	"мета-описание"	"Clinical Psychiatry — DISSOCIATIVE NEUROLOGICAL SYMPTOM DISORDER"	"Clinical Psychiatry — Dissociative neurological symptom disorder"
"6B60.html"	"en"	"мета-описание"	"Clinical Psychiatry — DISSOCIATIVE NEUROLOGICAL SYMPTOM DISORDER"	"Clinical Psychiatry — Dissociative neurological symptom disorder"
"6B60.html"	"en"	"json-ld"	"Clinical psychiatry"	"Clinical Psychiatry"
"6B60.html"	"en"	"подпись-заказа"	"Clinical psychiatry"	"Clinical Psychiatry"
"6B60.html"	"en"	"шапка-книги"	"Clinical psychiatry"	"Clinical Psychiatry"
"6B61.html"	"en"	"мета-заголовок"	"DISSOCIATIVE AMNESIA | CLINICAL PSYCHIATRY"	"Dissociative amnesia | Clinical Psychiatry"
"6B61.html"	"en"	"мета-заголовок"	"DISSOCIATIVE AMNESIA | CLINICAL PSYCHIATRY"	"Dissociative amnesia | Clinical Psychiatry"
"6B61.html"	"en"	"мета-описание"	"Clinical Psychiatry — DISSOCIATIVE AMNESIA"	"Clinical Psychiatry — Dissociative amnesia"
"6B61.html"	"en"	"мета-описание"	"Clinical Psychiatry — DISSOCIATIVE AMNESIA"	"Clinical Psychiatry — Dissociative amnesia"
"6B61.html"	"en"	"json-ld"	"Clinical psychiatry"	"Clinical Psychiatry"
"6B61.html"	"en"	"подпись-заказа"	"Clinical psychiatry"	"Clinical Psychiatry"
"6B61.html"	"en"	"шапка-книги"	"Clinical psychiatry"	"Clinical Psychiatry"
"6B64.html"	"en"	"мета-заголовок"	"DISSOCIATIVE IDENTITY DISORDER (DID) | CLINICAL PSYCHIATRY"	"Dissociative identity disorder (DID) | Clinical Psychiatry"
"6B64.html"	"en"	"мета-заголовок"	"DISSOCIATIVE IDENTITY DISORDER (DID) | CLINICAL PSYCHIATRY"	"Dissociative identity disorder (DID) | Clinical Psychiatry"
"6B64.html"	"en"	"мета-описание"	"Clinical Psychiatry — DISSOCIATIVE IDENTITY DISORDER (DID)"	"Clinical Psychiatry — Dissociative identity disorder (DID)"
"6B64.html"	"en"	"мета-описание"	"Clinical Psychiatry — DISSOCIATIVE IDENTITY DISORDER (DID)"	"Clinical Psychiatry — Dissociative identity disorder (DID)"
"6B64.html"	"en"	"json-ld"	"Clinical psychiatry"	"Clinical Psychiatry"
"6B64.html"	"en"	"подпись-заказа"	"Clinical psychiatry"	"Clinical Psychiatry"
"6B64.html"	"en"	"шапка-книги"	"Clinical psychiatry"	"Clinical Psychiatry"
"6B65.html"	"en"	"мета-заголовок"	"PARTIAL DISSOCIATIVE IDENTITY DISORDER | CLINICAL PSYCHIATRY"	"Partial dissociative identity disorder | Clinical Psychiatry"
"6B65.html"	"en"	"мета-заголовок"	"PARTIAL DISSOCIATIVE IDENTITY DISORDER | CLINICAL PSYCHIATRY"	"Partial dissociative identity disorder | Clinical Psychiatry"
"6B65.html"	"en"	"мета-описание"	"Clinical Psychiatry — PARTIAL DISSOCIATIVE IDENTITY DISORDER"	"Clinical Psychiatry — Partial dissociative identity disorder"
"6B65.html"	"en"	"мета-описание"	"Clinical Psychiatry — PARTIAL DISSOCIATIVE IDENTITY DISORDER"	"Clinical Psychiatry — Partial dissociative identity disorder"
"6B65.html"	"en"	"json-ld"	"Clinical psychiatry"	"Clinical Psychiatry"
"6B65.html"	"en"	"подпись-заказа"	"Clinical psychiatry"	"Clinical Psychiatry"
"6B65.html"	"en"	"шапка-книги"	"Clinical psychiatry"	"Clinical Psychiatry"
"6B66.html"	"en"	"мета-заголовок"	"DEPERSONALIZATION-DEREALIZATION DISORDER | CLINICAL PSYCHIATRY"	"Depersonalization-derealization disorder | Clinical Psychiatry"
"6B66.html"	"en"	"мета-заголовок"	"DEPERSONALIZATION-DEREALIZATION DISORDER | CLINICAL PSYCHIATRY"	"Depersonalization-derealization disorder | Clinical Psychiatry"
"6B66.html"	"en"	"мета-описание"	"Clinical Psychiatry — DEPERSONALIZATION-DEREALIZATION DISORDER"	"Clinical Psychiatry — Depersonalization-derealization disorder"
"6B66.html"	"en"	"мета-описание"	"Clinical Psychiatry — DEPERSONALIZATION-DEREALIZATION DISORDER"	"Clinical Psychiatry — Depersonalization-derealization disorder"
"6B66.html"	"en"	"json-ld"	"Clinical psychiatry"	"Clinical Psychiatry"
"6B66.html"	"en"	"подпись-заказа"	"Clinical psychiatry"	"Clinical Psychiatry"
"6B66.html"	"en"	"шапка-книги"	"Clinical psychiatry"	"Clinical Psychiatry"
"6B80.html"	"en"	"мета-заголовок"	"ANOREXIA NERVOSA | CLINICAL PSYCHIATRY"	"Anorexia nervosa | Clinical Psychiatry"
"6B80.html"	"en"	"мета-заголовок"	"ANOREXIA NERVOSA | CLINICAL PSYCHIATRY"	"Anorexia nervosa | Clinical Psychiatry"
"6B80.html"	"en"	"мета-описание"	"Klinik Psixiatriya — ANOREXIA NERVOSA"	"Clinical Psychiatry — Anorexia nervosa"
"6B80.html"	"en"	"мета-описание"	"Klinik Psixiatriya — ANOREXIA NERVOSA"	"Clinical Psychiatry — Anorexia nervosa"
"6B80.html"	"en"	"json-ld"	"Clinical psychiatry"	"Clinical Psychiatry"
"6B80.html"	"en"	"подпись-заказа"	"Clinical psychiatry"	"Clinical Psychiatry"
"6B80.html"	"en"	"шапка-книги"	"Clinical psychiatry"	"Clinical Psychiatry"
"6B81.html"	"en"	"мета-заголовок"	"BULIMIA NERVOSA | CLINICAL PSYCHIATRY"	"Bulimia nervosa | Clinical Psychiatry"
"6B81.html"	"en"	"мета-заголовок"	"BULIMIA NERVOSA | CLINICAL PSYCHIATRY"	"Bulimia nervosa | Clinical Psychiatry"
"6B81.html"	"en"	"мета-описание"	"Klinik Psixiatriya — BULIMIA NERVOSA"	"Clinical Psychiatry — Bulimia nervosa"
"6B81.html"	"en"	"мета-описание"	"Klinik Psixiatriya — BULIMIA NERVOSA"	"Clinical Psychiatry — Bulimia nervosa"
"6B81.html"	"en"	"json-ld"	"Clinical psychiatry"	"Clinical Psychiatry"
"6B81.html"	"en"	"подпись-заказа"	"Clinical psychiatry"	"Clinical Psychiatry"
"6B81.html"	"en"	"шапка-книги"	"Clinical psychiatry"	"Clinical Psychiatry"
"6B82.html"	"en"	"мета-заголовок"	"BINGE EATING DISORDER (BED) | CLINICAL PSYCHIATRY"	"Binge eating disorder (BED) | Clinical Psychiatry"
"6B82.html"	"en"	"мета-заголовок"	"BINGE EATING DISORDER (BED) | CLINICAL PSYCHIATRY"	"Binge eating disorder (BED) | Clinical Psychiatry"
"6B82.html"	"en"	"мета-описание"	"Clinical Psychiatry — BINGE EATING DISORDER (BED)"	"Clinical Psychiatry — Binge eating disorder (BED)"
"6B82.html"	"en"	"мета-описание"	"Clinical Psychiatry — BINGE EATING DISORDER (BED)"	"Clinical Psychiatry — Binge eating disorder (BED)"
"6B82.html"	"en"	"json-ld"	"Clinical psychiatry"	"Clinical Psychiatry"
"6B82.html"	"en"	"подпись-заказа"	"Clinical psychiatry"	"Clinical Psychiatry"
"6B82.html"	"en"	"шапка-книги"	"Clinical psychiatry"	"Clinical Psychiatry"
"6B83.html"	"en"	"мета-заголовок"	"AVOIDANT-RESTRICTIVE FOOD INTAKE DISORDER (ARFID) | CLINICAL PSYCHIATRY"	"Avoidant-restrictive food intake disorder (ARFID) | Clinical Psychiatry"
"6B83.html"	"en"	"мета-заголовок"	"AVOIDANT-RESTRICTIVE FOOD INTAKE DISORDER (ARFID) | CLINICAL PSYCHIATRY"	"Avoidant-restrictive food intake disorder (ARFID) | Clinical Psychiatry"
"6B83.html"	"en"	"мета-описание"	"Klinik Psixiatriya — AVOIDANT/RESTRICTIVE FOOD INTAKE DISORDER (ARFID)"	"Clinical Psychiatry — Avoidant-restrictive food intake disorder (ARFID)"
"6B83.html"	"en"	"мета-описание"	"Klinik Psixiatriya — AVOIDANT/RESTRICTIVE FOOD INTAKE DISORDER (ARFID)"	"Clinical Psychiatry — Avoidant-restrictive food intake disorder (ARFID)"
"6B83.html"	"en"	"json-ld"	"Clinical psychiatry"	"Clinical Psychiatry"
"6B83.html"	"en"	"подпись-заказа"	"Clinical psychiatry"	"Clinical Psychiatry"
"6B83.html"	"en"	"шапка-книги"	"Clinical psychiatry"	"Clinical Psychiatry"
"6B84.html"	"en"	"мета-заголовок"	"PICA | CLINICAL PSYCHIATRY"	"Pica | Clinical Psychiatry"
"6B84.html"	"en"	"мета-заголовок"	"PICA | CLINICAL PSYCHIATRY"	"Pica | Clinical Psychiatry"
"6B84.html"	"en"	"мета-описание"	"Klinik Psixiatriya — PICA"	"Clinical Psychiatry — Pica"
"6B84.html"	"en"	"мета-описание"	"Klinik Psixiatriya — PICA"	"Clinical Psychiatry — Pica"
"6B84.html"	"en"	"json-ld"	"Clinical psychiatry"	"Clinical Psychiatry"
"6B84.html"	"en"	"подпись-заказа"	"Clinical psychiatry"	"Clinical Psychiatry"
"6B84.html"	"en"	"шапка-книги"	"Clinical psychiatry"	"Clinical Psychiatry"
"6B85.html"	"en"	"мета-заголовок"	"RUMINATION-REGURGITATION DISORDER | CLINICAL PSYCHIATRY"	"Rumination-regurgitation disorder | Clinical Psychiatry"
"6B85.html"	"en"	"мета-заголовок"	"RUMINATION-REGURGITATION DISORDER | CLINICAL PSYCHIATRY"	"Rumination-regurgitation disorder | Clinical Psychiatry"
"6B85.html"	"en"	"мета-описание"	"Klinik Psixiatriya — RUMINATION-REGURGITATION DISORDER"	"Clinical Psychiatry — Rumination-regurgitation disorder"
"6B85.html"	"en"	"мета-описание"	"Klinik Psixiatriya — RUMINATION-REGURGITATION DISORDER"	"Clinical Psychiatry — Rumination-regurgitation disorder"
"6B85.html"	"en"	"json-ld"	"Clinical psychiatry"	"Clinical Psychiatry"
"6B85.html"	"en"	"подпись-заказа"	"Clinical psychiatry"	"Clinical Psychiatry"
"6B85.html"	"en"	"шапка-книги"	"Clinical psychiatry"	"Clinical Psychiatry"
"6C00.html"	"en"	"мета-заголовок"	"ENURESIS | CLINICAL PSYCHIATRY"	"Enuresis | Clinical Psychiatry"
"6C00.html"	"en"	"мета-заголовок"	"ENURESIS | CLINICAL PSYCHIATRY"	"Enuresis | Clinical Psychiatry"
"6C00.html"	"en"	"мета-описание"	"Clinical Psychiatry — ENURESIS"	"Clinical Psychiatry — Enuresis"
"6C00.html"	"en"	"мета-описание"	"Clinical Psychiatry — ENURESIS"	"Clinical Psychiatry — Enuresis"
"6C00.html"	"en"	"json-ld"	"Clinical psychiatry"	"Clinical Psychiatry"
"6C00.html"	"en"	"подпись-заказа"	"Clinical psychiatry"	"Clinical Psychiatry"
"6C00.html"	"en"	"шапка-книги"	"Clinical psychiatry"	"Clinical Psychiatry"
"6C01.html"	"en"	"мета-заголовок"	"ENCOPRESIS | CLINICAL PSYCHIATRY"	"Encopresis | Clinical Psychiatry"
"6C01.html"	"en"	"мета-заголовок"	"ENCOPRESIS | CLINICAL PSYCHIATRY"	"Encopresis | Clinical Psychiatry"
"6C01.html"	"en"	"мета-описание"	"Clinical Psychiatry — ENCOPRESIS"	"Clinical Psychiatry — Encopresis"
"6C01.html"	"en"	"мета-описание"	"Clinical Psychiatry — ENCOPRESIS"	"Clinical Psychiatry — Encopresis"
"6C01.html"	"en"	"json-ld"	"Clinical psychiatry"	"Clinical Psychiatry"
"6C01.html"	"en"	"подпись-заказа"	"Clinical psychiatry"	"Clinical Psychiatry"
"6C01.html"	"en"	"шапка-книги"	"Clinical psychiatry"	"Clinical Psychiatry"
"6C20.html"	"en"	"мета-заголовок"	"BODILY DISTRESS DISORDER | CLINICAL PSYCHIATRY"	"Bodily distress disorder | Clinical Psychiatry"
"6C20.html"	"en"	"мета-заголовок"	"BODILY DISTRESS DISORDER | CLINICAL PSYCHIATRY"	"Bodily distress disorder | Clinical Psychiatry"
"6C20.html"	"en"	"мета-описание"	"Clinical Psychiatry — BODY DISTRESS DISORDER"	"Clinical Psychiatry — Bodily distress disorder"
"6C20.html"	"en"	"мета-описание"	"Clinical Psychiatry — BODY DISTRESS DISORDER"	"Clinical Psychiatry — Bodily distress disorder"
"6C20.html"	"en"	"json-ld"	"Clinical psychiatry"	"Clinical Psychiatry"
"6C20.html"	"en"	"подпись-заказа"	"Clinical psychiatry"	"Clinical Psychiatry"
"6C20.html"	"en"	"шапка-книги"	"Clinical psychiatry"	"Clinical Psychiatry"
"6C40.html"	"en"	"мета-заголовок"	"DISORDERS DUE TO USE OF ALCOHOL | CLINICAL PSYCHIATRY"	"Disorders due to use of alcohol | Clinical Psychiatry"
"6C40.html"	"en"	"мета-заголовок"	"DISORDERS DUE TO USE OF ALCOHOL | CLINICAL PSYCHIATRY"	"Disorders due to use of alcohol | Clinical Psychiatry"
"6C40.html"	"en"	"мета-описание"	"Clinical Psychiatry — ALCOHOL USE DISORDERS"	"Clinical Psychiatry — Disorders due to use of alcohol"
"6C40.html"	"en"	"мета-описание"	"Clinical Psychiatry — ALCOHOL USE DISORDERS"	"Clinical Psychiatry — Disorders due to use of alcohol"
"6C40.html"	"en"	"json-ld"	"Clinical psychiatry"	"Clinical Psychiatry"
"6C40.html"	"en"	"подпись-заказа"	"Clinical psychiatry"	"Clinical Psychiatry"
"6C40.html"	"en"	"шапка-книги"	"Clinical psychiatry"	"Clinical Psychiatry"
"6C41.html"	"en"	"мета-заголовок"	"DISORDERS DUE TO USE OF CANNABIS | CLINICAL PSYCHIATRY"	"Disorders due to use of cannabis | Clinical Psychiatry"
"6C41.html"	"en"	"мета-заголовок"	"DISORDERS DUE TO USE OF CANNABIS | CLINICAL PSYCHIATRY"	"Disorders due to use of cannabis | Clinical Psychiatry"
"6C41.html"	"en"	"мета-описание"	"Clinical Psychiatry — CANNABIS USE DISORDERS"	"Clinical Psychiatry — Disorders due to use of cannabis"
"6C41.html"	"en"	"мета-описание"	"Clinical Psychiatry — CANNABIS USE DISORDERS"	"Clinical Psychiatry — Disorders due to use of cannabis"
"6C41.html"	"en"	"json-ld"	"Clinical psychiatry"	"Clinical Psychiatry"
"6C41.html"	"en"	"подпись-заказа"	"Clinical psychiatry"	"Clinical Psychiatry"
"6C41.html"	"en"	"шапка-книги"	"Clinical psychiatry"	"Clinical Psychiatry"
"6C43.html"	"en"	"мета-заголовок"	"DISORDERS DUE TO USE OF OPIOIDS | CLINICAL PSYCHIATRY"	"Disorders due to use of opioids | Clinical Psychiatry"
"6C43.html"	"en"	"мета-заголовок"	"DISORDERS DUE TO USE OF OPIOIDS | CLINICAL PSYCHIATRY"	"Disorders due to use of opioids | Clinical Psychiatry"
"6C43.html"	"en"	"мета-описание"	"Clinical Psychiatry — OPIOID USE DISORDERS"	"Clinical Psychiatry — Disorders due to use of opioids"
"6C43.html"	"en"	"мета-описание"	"Clinical Psychiatry — OPIOID USE DISORDERS"	"Clinical Psychiatry — Disorders due to use of opioids"
"6C43.html"	"en"	"json-ld"	"Clinical psychiatry"	"Clinical Psychiatry"
"6C43.html"	"en"	"подпись-заказа"	"Clinical psychiatry"	"Clinical Psychiatry"
"6C43.html"	"en"	"шапка-книги"	"Clinical psychiatry"	"Clinical Psychiatry"
"6C44.html"	"en"	"мета-заголовок"	"DISORDERS DUE TO USE OF SEDATIVES, HYPNOTICS OR ANXIOLYTICS | CLINICAL PSYCHIATRY"	"Disorders due to use of sedatives, hypnotics or anxiolytics | Clinical Psychiatry"
"6C44.html"	"en"	"мета-заголовок"	"DISORDERS DUE TO USE OF SEDATIVES, HYPNOTICS OR ANXIOLYTICS | CLINICAL PSYCHIATRY"	"Disorders due to use of sedatives, hypnotics or anxiolytics | Clinical Psychiatry"
"6C44.html"	"en"	"мета-описание"	"Klinik Psixiatriya — SEDATIVE/HYPNOTIC USE DISORDERS"	"Clinical Psychiatry — Disorders due to use of sedatives, hypnotics or anxiolytics"
"6C44.html"	"en"	"мета-описание"	"Klinik Psixiatriya — SEDATIVE/HYPNOTIC USE DISORDERS"	"Clinical Psychiatry — Disorders due to use of sedatives, hypnotics or anxiolytics"
"6C44.html"	"en"	"json-ld"	"Clinical psychiatry"	"Clinical Psychiatry"
"6C44.html"	"en"	"подпись-заказа"	"Clinical psychiatry"	"Clinical Psychiatry"
"6C44.html"	"en"	"шапка-книги"	"Clinical psychiatry"	"Clinical Psychiatry"
"6C45.html"	"en"	"мета-заголовок"	"DISORDERS DUE TO USE OF COCAINE | CLINICAL PSYCHIATRY"	"Disorders due to use of cocaine | Clinical Psychiatry"
"6C45.html"	"en"	"мета-заголовок"	"DISORDERS DUE TO USE OF COCAINE | CLINICAL PSYCHIATRY"	"Disorders due to use of cocaine | Clinical Psychiatry"
"6C45.html"	"en"	"мета-описание"	"Clinical Psychiatry — COCAINE USE DISORDERS"	"Clinical Psychiatry — Disorders due to use of cocaine"
"6C45.html"	"en"	"мета-описание"	"Clinical Psychiatry — COCAINE USE DISORDERS"	"Clinical Psychiatry — Disorders due to use of cocaine"
"6C45.html"	"en"	"json-ld"	"Clinical psychiatry"	"Clinical Psychiatry"
"6C45.html"	"en"	"подпись-заказа"	"Clinical psychiatry"	"Clinical Psychiatry"
"6C45.html"	"en"	"шапка-книги"	"Clinical psychiatry"	"Clinical Psychiatry"
"6C46.html"	"en"	"мета-заголовок"	"DISORDERS DUE TO USE OF STIMULANTS INCLUDING AMPHETAMINES, METHAMPHETAMINE OR METHCATHINONE | CLINICAL PSYCHIATRY"	"Disorders due to use of stimulants including amphetamines, methamphetamine or methcathinone | Clinical Psychiatry"
"6C46.html"	"en"	"мета-заголовок"	"DISORDERS DUE TO USE OF STIMULANTS INCLUDING AMPHETAMINES, METHAMPHETAMINE OR METHCATHINONE | CLINICAL PSYCHIATRY"	"Disorders due to use of stimulants including amphetamines, methamphetamine or methcathinone | Clinical Psychiatry"
"6C46.html"	"en"	"мета-описание"	"Klinik Psixiatriya — STIMULANT USE DISORDERS"	"Clinical Psychiatry — Disorders due to use of stimulants including amphetamines, methamphetamine or methcathinone"
"6C46.html"	"en"	"мета-описание"	"Klinik Psixiatriya — STIMULANT USE DISORDERS"	"Clinical Psychiatry — Disorders due to use of stimulants including amphetamines, methamphetamine or methcathinone"
"6C46.html"	"en"	"json-ld"	"Clinical psychiatry"	"Clinical Psychiatry"
"6C46.html"	"en"	"подпись-заказа"	"Clinical psychiatry"	"Clinical Psychiatry"
"6C46.html"	"en"	"шапка-книги"	"Clinical psychiatry"	"Clinical Psychiatry"
"6C49.html"	"en"	"мета-заголовок"	"DISORDERS DUE TO USE OF HALLUCINOGENS | CLINICAL PSYCHIATRY"	"Disorders due to use of hallucinogens | Clinical Psychiatry"
"6C49.html"	"en"	"мета-заголовок"	"DISORDERS DUE TO USE OF HALLUCINOGENS | CLINICAL PSYCHIATRY"	"Disorders due to use of hallucinogens | Clinical Psychiatry"
"6C49.html"	"en"	"мета-описание"	"Clinical Psychiatry — HALLUCINOGEN USE DISORDERS"	"Clinical Psychiatry — Disorders due to use of hallucinogens"
"6C49.html"	"en"	"мета-описание"	"Clinical Psychiatry — HALLUCINOGEN USE DISORDERS"	"Clinical Psychiatry — Disorders due to use of hallucinogens"
"6C49.html"	"en"	"json-ld"	"Clinical psychiatry"	"Clinical Psychiatry"
"6C49.html"	"en"	"подпись-заказа"	"Clinical psychiatry"	"Clinical Psychiatry"
"6C49.html"	"en"	"шапка-книги"	"Clinical psychiatry"	"Clinical Psychiatry"
"6C4A.html"	"en"	"мета-заголовок"	"DISORDERS DUE TO USE OF NICOTINE | CLINICAL PSYCHIATRY"	"Disorders due to use of nicotine | Clinical Psychiatry"
"6C4A.html"	"en"	"мета-заголовок"	"DISORDERS DUE TO USE OF NICOTINE | CLINICAL PSYCHIATRY"	"Disorders due to use of nicotine | Clinical Psychiatry"
"6C4A.html"	"en"	"мета-описание"	"Clinical Psychiatry — NICOTINE USE DISORDERS"	"Clinical Psychiatry — Disorders due to use of nicotine"
"6C4A.html"	"en"	"мета-описание"	"Clinical Psychiatry — NICOTINE USE DISORDERS"	"Clinical Psychiatry — Disorders due to use of nicotine"
"6C4A.html"	"en"	"json-ld"	"Clinical psychiatry"	"Clinical Psychiatry"
"6C4A.html"	"en"	"подпись-заказа"	"Clinical psychiatry"	"Clinical Psychiatry"
"6C4A.html"	"en"	"шапка-книги"	"Clinical psychiatry"	"Clinical Psychiatry"
"6C50.html"	"en"	"мета-заголовок"	"GAMBLING DISORDER | CLINICAL PSYCHIATRY"	"Gambling disorder | Clinical Psychiatry"
"6C50.html"	"en"	"мета-заголовок"	"GAMBLING DISORDER | CLINICAL PSYCHIATRY"	"Gambling disorder | Clinical Psychiatry"
"6C50.html"	"en"	"мета-описание"	"Clinical Psychiatry — BEHAVIOURAL ADDICTIONS (GAMBLING, GAMING)"	"Clinical Psychiatry — Gambling disorder"
"6C50.html"	"en"	"мета-описание"	"Clinical Psychiatry — BEHAVIOURAL ADDICTIONS (GAMBLING, GAMING)"	"Clinical Psychiatry — Gambling disorder"
"6C50.html"	"en"	"json-ld"	"Clinical psychiatry"	"Clinical Psychiatry"
"6C50.html"	"en"	"подпись-заказа"	"Clinical psychiatry"	"Clinical Psychiatry"
"6C50.html"	"en"	"шапка-книги"	"Clinical psychiatry"	"Clinical Psychiatry"
"6C51.html"	"en"	"мета-заголовок"	"GAMING DISORDER | CLINICAL PSYCHIATRY"	"Gaming disorder | Clinical Psychiatry"
"6C51.html"	"en"	"мета-заголовок"	"GAMING DISORDER | CLINICAL PSYCHIATRY"	"Gaming disorder | Clinical Psychiatry"
"6C51.html"	"en"	"мета-описание"	"Clinical Psychiatry — BEHAVIOURAL ADDICTIONS (GAMBLING, GAMING)"	"Clinical Psychiatry — Gaming disorder"
"6C51.html"	"en"	"мета-описание"	"Clinical Psychiatry — BEHAVIOURAL ADDICTIONS (GAMBLING, GAMING)"	"Clinical Psychiatry — Gaming disorder"
"6C51.html"	"en"	"json-ld"	"Clinical psychiatry"	"Clinical Psychiatry"
"6C51.html"	"en"	"подпись-заказа"	"Clinical psychiatry"	"Clinical Psychiatry"
"6C51.html"	"en"	"шапка-книги"	"Clinical psychiatry"	"Clinical Psychiatry"
"6C70.html"	"en"	"мета-заголовок"	"PYROMANIA | CLINICAL PSYCHIATRY"	"Pyromania | Clinical Psychiatry"
"6C70.html"	"en"	"мета-заголовок"	"PYROMANIA | CLINICAL PSYCHIATRY"	"Pyromania | Clinical Psychiatry"
"6C70.html"	"en"	"мета-описание"	"Klinik Psixiatriya — PYROMANIA"	"Clinical Psychiatry — Pyromania"
"6C70.html"	"en"	"мета-описание"	"Klinik Psixiatriya — PYROMANIA"	"Clinical Psychiatry — Pyromania"
"6C70.html"	"en"	"json-ld"	"Clinical psychiatry"	"Clinical Psychiatry"
"6C70.html"	"en"	"подпись-заказа"	"Clinical psychiatry"	"Clinical Psychiatry"
"6C70.html"	"en"	"шапка-книги"	"Clinical psychiatry"	"Clinical Psychiatry"
"6C71.html"	"en"	"мета-заголовок"	"KLEPTOMANIA | CLINICAL PSYCHIATRY"	"Kleptomania | Clinical Psychiatry"
"6C71.html"	"en"	"мета-заголовок"	"KLEPTOMANIA | CLINICAL PSYCHIATRY"	"Kleptomania | Clinical Psychiatry"
"6C71.html"	"en"	"мета-описание"	"Clinical Psychiatry — KLEPTOMANIA"	"Clinical Psychiatry — Kleptomania"
"6C71.html"	"en"	"мета-описание"	"Clinical Psychiatry — KLEPTOMANIA"	"Clinical Psychiatry — Kleptomania"
"6C71.html"	"en"	"json-ld"	"Clinical psychiatry"	"Clinical Psychiatry"
"6C71.html"	"en"	"подпись-заказа"	"Clinical psychiatry"	"Clinical Psychiatry"
"6C71.html"	"en"	"шапка-книги"	"Clinical psychiatry"	"Clinical Psychiatry"
"6C72.html"	"en"	"мета-заголовок"	"COMPULSIVE SEXUAL BEHAVIOUR DISORDER | CLINICAL PSYCHIATRY"	"Compulsive sexual behaviour disorder | Clinical Psychiatry"
"6C72.html"	"en"	"мета-заголовок"	"COMPULSIVE SEXUAL BEHAVIOUR DISORDER | CLINICAL PSYCHIATRY"	"Compulsive sexual behaviour disorder | Clinical Psychiatry"
"6C72.html"	"en"	"мета-описание"	"Clinical Psychiatry — COMPULSIVE SEXUAL BEHAVIOR DISORDER"	"Clinical Psychiatry — Compulsive sexual behaviour disorder"
"6C72.html"	"en"	"мета-описание"	"Clinical Psychiatry — COMPULSIVE SEXUAL BEHAVIOR DISORDER"	"Clinical Psychiatry — Compulsive sexual behaviour disorder"
"6C72.html"	"en"	"json-ld"	"Clinical psychiatry"	"Clinical Psychiatry"
"6C72.html"	"en"	"подпись-заказа"	"Clinical psychiatry"	"Clinical Psychiatry"
"6C72.html"	"en"	"шапка-книги"	"Clinical psychiatry"	"Clinical Psychiatry"
"6C73.html"	"en"	"мета-заголовок"	"INTERMITTENT EXPLOSIVE DISORDER (IED) | CLINICAL PSYCHIATRY"	"Intermittent explosive disorder (IED) | Clinical Psychiatry"
"6C73.html"	"en"	"мета-заголовок"	"INTERMITTENT EXPLOSIVE DISORDER (IED) | CLINICAL PSYCHIATRY"	"Intermittent explosive disorder (IED) | Clinical Psychiatry"
"6C73.html"	"en"	"мета-описание"	"Clinical Psychiatry — INTERMITTENT EXPLOSIVE DISORDER (IED)"	"Clinical Psychiatry — Intermittent explosive disorder (IED)"
"6C73.html"	"en"	"мета-описание"	"Clinical Psychiatry — INTERMITTENT EXPLOSIVE DISORDER (IED)"	"Clinical Psychiatry — Intermittent explosive disorder (IED)"
"6C73.html"	"en"	"json-ld"	"Clinical psychiatry"	"Clinical Psychiatry"
"6C73.html"	"en"	"подпись-заказа"	"Clinical psychiatry"	"Clinical Psychiatry"
"6C73.html"	"en"	"шапка-книги"	"Clinical psychiatry"	"Clinical Psychiatry"
"6C90.html"	"en"	"мета-заголовок"	"OPPOSITIONAL DEFIANT DISORDER (ODD) | CLINICAL PSYCHIATRY"	"Oppositional defiant disorder (ODD) | Clinical Psychiatry"
"6C90.html"	"en"	"мета-заголовок"	"OPPOSITIONAL DEFIANT DISORDER (ODD) | CLINICAL PSYCHIATRY"	"Oppositional defiant disorder (ODD) | Clinical Psychiatry"
"6C90.html"	"en"	"мета-описание"	"Clinical Psychiatry — OPPOSITIONAL DEFIANT DISORDER (ODD)"	"Clinical Psychiatry — Oppositional defiant disorder (ODD)"
"6C90.html"	"en"	"мета-описание"	"Clinical Psychiatry — OPPOSITIONAL DEFIANT DISORDER (ODD)"	"Clinical Psychiatry — Oppositional defiant disorder (ODD)"
"6C90.html"	"en"	"json-ld"	"Clinical psychiatry"	"Clinical Psychiatry"
"6C90.html"	"en"	"подпись-заказа"	"Clinical psychiatry"	"Clinical Psychiatry"
"6C90.html"	"en"	"шапка-книги"	"Clinical psychiatry"	"Clinical Psychiatry"
"6C91.html"	"en"	"мета-заголовок"	"CONDUCT-DISSOCIAL DISORDER | CLINICAL PSYCHIATRY"	"Conduct-dissocial disorder | Clinical Psychiatry"
"6C91.html"	"en"	"мета-заголовок"	"CONDUCT-DISSOCIAL DISORDER | CLINICAL PSYCHIATRY"	"Conduct-dissocial disorder | Clinical Psychiatry"
"6C91.html"	"en"	"мета-описание"	"Clinical Psychiatry — CONDUCT DISORDER"	"Clinical Psychiatry — Conduct-dissocial disorder"
"6C91.html"	"en"	"мета-описание"	"Clinical Psychiatry — CONDUCT DISORDER"	"Clinical Psychiatry — Conduct-dissocial disorder"
"6C91.html"	"en"	"json-ld"	"Clinical psychiatry"	"Clinical Psychiatry"
"6C91.html"	"en"	"подпись-заказа"	"Clinical psychiatry"	"Clinical Psychiatry"
"6C91.html"	"en"	"шапка-книги"	"Clinical psychiatry"	"Clinical Psychiatry"
"6D10.html"	"en"	"мета-заголовок"	"PERSONALITY DISORDER | CLINICAL PSYCHIATRY"	"Personality disorder | Clinical Psychiatry"
"6D10.html"	"en"	"мета-заголовок"	"PERSONALITY DISORDER | CLINICAL PSYCHIATRY"	"Personality disorder | Clinical Psychiatry"
"6D10.html"	"en"	"мета-описание"	"Clinical Psychiatry — PERSONALITY DISORDER (ICD-11 UNIFIED MODEL)"	"Clinical Psychiatry — Personality disorder"
"6D10.html"	"en"	"мета-описание"	"Clinical Psychiatry — PERSONALITY DISORDER (ICD-11 UNIFIED MODEL)"	"Clinical Psychiatry — Personality disorder"
"6D10.html"	"en"	"json-ld"	"Clinical psychiatry"	"Clinical Psychiatry"
"6D10.html"	"en"	"подпись-заказа"	"Clinical psychiatry"	"Clinical Psychiatry"
"6D10.html"	"en"	"шапка-книги"	"Clinical psychiatry"	"Clinical Psychiatry"
"6D11.html"	"en"	"мета-заголовок"	"PROMINENT PERSONALITY TRAITS OR PATTERNS | CLINICAL PSYCHIATRY"	"Prominent personality traits or patterns | Clinical Psychiatry"
"6D11.html"	"en"	"мета-заголовок"	"PROMINENT PERSONALITY TRAITS OR PATTERNS | CLINICAL PSYCHIATRY"	"Prominent personality traits or patterns | Clinical Psychiatry"
"6D11.html"	"en"	"мета-описание"	"Clinical Psychiatry — PROMINENT PERSONALITY TRAITS OR PATTERNS"	"Clinical Psychiatry — Prominent personality traits or patterns"
"6D11.html"	"en"	"мета-описание"	"Clinical Psychiatry — PROMINENT PERSONALITY TRAITS OR PATTERNS"	"Clinical Psychiatry — Prominent personality traits or patterns"
"6D11.html"	"en"	"json-ld"	"Clinical psychiatry"	"Clinical Psychiatry"
"6D11.html"	"en"	"подпись-заказа"	"Clinical psychiatry"	"Clinical Psychiatry"
"6D11.html"	"en"	"шапка-книги"	"Clinical psychiatry"	"Clinical Psychiatry"
"6D30.html"	"en"	"мета-заголовок"	"EXHIBITIONISTIC DISORDER | CLINICAL PSYCHIATRY"	"Exhibitionistic disorder | Clinical Psychiatry"
"6D30.html"	"en"	"мета-заголовок"	"EXHIBITIONISTIC DISORDER | CLINICAL PSYCHIATRY"	"Exhibitionistic disorder | Clinical Psychiatry"
"6D30.html"	"en"	"мета-описание"	"Clinical Psychiatry — EXHIBITIONISM"	"Clinical Psychiatry — Exhibitionistic disorder"
"6D30.html"	"en"	"мета-описание"	"Clinical Psychiatry — EXHIBITIONISM"	"Clinical Psychiatry — Exhibitionistic disorder"
"6D30.html"	"en"	"json-ld"	"Clinical psychiatry"	"Clinical Psychiatry"
"6D30.html"	"en"	"подпись-заказа"	"Clinical psychiatry"	"Clinical Psychiatry"
"6D30.html"	"en"	"шапка-книги"	"Clinical psychiatry"	"Clinical Psychiatry"
"6D31.html"	"en"	"мета-заголовок"	"VOYEURISTIC DISORDER | CLINICAL PSYCHIATRY"	"Voyeuristic disorder | Clinical Psychiatry"
"6D31.html"	"en"	"мета-заголовок"	"VOYEURISTIC DISORDER | CLINICAL PSYCHIATRY"	"Voyeuristic disorder | Clinical Psychiatry"
"6D31.html"	"en"	"мета-описание"	"Klinik Psixiatriya — VOYEURISM"	"Clinical Psychiatry — Voyeuristic disorder"
"6D31.html"	"en"	"мета-описание"	"Klinik Psixiatriya — VOYEURISM"	"Clinical Psychiatry — Voyeuristic disorder"
"6D31.html"	"en"	"json-ld"	"Clinical psychiatry"	"Clinical Psychiatry"
"6D31.html"	"en"	"подпись-заказа"	"Clinical psychiatry"	"Clinical Psychiatry"
"6D31.html"	"en"	"шапка-книги"	"Clinical psychiatry"	"Clinical Psychiatry"
"6D32.html"	"en"	"мета-заголовок"	"PEDOPHILIC DISORDER | CLINICAL PSYCHIATRY"	"Pedophilic disorder | Clinical Psychiatry"
"6D32.html"	"en"	"мета-заголовок"	"PEDOPHILIC DISORDER | CLINICAL PSYCHIATRY"	"Pedophilic disorder | Clinical Psychiatry"
"6D32.html"	"en"	"мета-описание"	"Clinical Psychiatry — PEDOPHILIC DISORDER"	"Clinical Psychiatry — Pedophilic disorder"
"6D32.html"	"en"	"мета-описание"	"Clinical Psychiatry — PEDOPHILIC DISORDER"	"Clinical Psychiatry — Pedophilic disorder"
"6D32.html"	"en"	"json-ld"	"Clinical psychiatry"	"Clinical Psychiatry"
"6D32.html"	"en"	"подпись-заказа"	"Clinical psychiatry"	"Clinical Psychiatry"
"6D32.html"	"en"	"шапка-книги"	"Clinical psychiatry"	"Clinical Psychiatry"
"6D33.html"	"en"	"мета-заголовок"	"COERCIVE SEXUAL SADISM DISORDER | CLINICAL PSYCHIATRY"	"Coercive sexual sadism disorder | Clinical Psychiatry"
"6D33.html"	"en"	"мета-заголовок"	"COERCIVE SEXUAL SADISM DISORDER | CLINICAL PSYCHIATRY"	"Coercive sexual sadism disorder | Clinical Psychiatry"
"6D33.html"	"en"	"мета-описание"	"Klinik Psixiatriya — SADISTIC SEXUAL DISORDER"	"Clinical Psychiatry — Coercive sexual sadism disorder"
"6D33.html"	"en"	"мета-описание"	"Klinik Psixiatriya — SADISTIC SEXUAL DISORDER"	"Clinical Psychiatry — Coercive sexual sadism disorder"
"6D33.html"	"en"	"json-ld"	"Clinical psychiatry"	"Clinical Psychiatry"
"6D33.html"	"en"	"подпись-заказа"	"Clinical psychiatry"	"Clinical Psychiatry"
"6D33.html"	"en"	"шапка-книги"	"Clinical psychiatry"	"Clinical Psychiatry"
"6D34.html"	"en"	"мета-заголовок"	"FROTTEURISTIC DISORDER | CLINICAL PSYCHIATRY"	"Frotteuristic disorder | Clinical Psychiatry"
"6D34.html"	"en"	"мета-заголовок"	"FROTTEURISTIC DISORDER | CLINICAL PSYCHIATRY"	"Frotteuristic disorder | Clinical Psychiatry"
"6D34.html"	"en"	"мета-описание"	"Clinical Psychiatry — FROTTEURISM"	"Clinical Psychiatry — Frotteuristic disorder"
"6D34.html"	"en"	"мета-описание"	"Clinical Psychiatry — FROTTEURISM"	"Clinical Psychiatry — Frotteuristic disorder"
"6D34.html"	"en"	"json-ld"	"Clinical psychiatry"	"Clinical Psychiatry"
"6D34.html"	"en"	"подпись-заказа"	"Clinical psychiatry"	"Clinical Psychiatry"
"6D34.html"	"en"	"шапка-книги"	"Clinical psychiatry"	"Clinical Psychiatry"
"6D50.html"	"en"	"мета-заголовок"	"FACTITIOUS DISORDER IMPOSED ON SELF | CLINICAL PSYCHIATRY"	"Factitious disorder imposed on self | Clinical Psychiatry"
"6D50.html"	"en"	"мета-заголовок"	"FACTITIOUS DISORDER IMPOSED ON SELF | CLINICAL PSYCHIATRY"	"Factitious disorder imposed on self | Clinical Psychiatry"
"6D50.html"	"en"	"мета-описание"	"Klinik Psixiatriya — FACTITIOUS DISORDER IMPOSED ON SELF (MUNCHAUSEN SYNDROME)"	"Clinical Psychiatry — Factitious disorder imposed on self"
"6D50.html"	"en"	"мета-описание"	"Klinik Psixiatriya — FACTITIOUS DISORDER IMPOSED ON SELF (MUNCHAUSEN SYNDROME)"	"Clinical Psychiatry — Factitious disorder imposed on self"
"6D50.html"	"en"	"json-ld"	"Clinical psychiatry"	"Clinical Psychiatry"
"6D50.html"	"en"	"подпись-заказа"	"Clinical psychiatry"	"Clinical Psychiatry"
"6D50.html"	"en"	"шапка-книги"	"Clinical psychiatry"	"Clinical Psychiatry"
"6D51.html"	"en"	"мета-заголовок"	"FACTITIOUS DISORDER IMPOSED ON ANOTHER | CLINICAL PSYCHIATRY"	"Factitious disorder imposed on another | Clinical Psychiatry"
"6D51.html"	"en"	"мета-заголовок"	"FACTITIOUS DISORDER IMPOSED ON ANOTHER | CLINICAL PSYCHIATRY"	"Factitious disorder imposed on another | Clinical Psychiatry"
"6D51.html"	"en"	"мета-описание"	"Clinical Psychiatry — FACTITIOUS DISORDER IMPOSED ON ANOTHER (MUNCHAUSEN BY PROXY)"	"Clinical Psychiatry — Factitious disorder imposed on another"
"6D51.html"	"en"	"мета-описание"	"Clinical Psychiatry — FACTITIOUS DISORDER IMPOSED ON ANOTHER (MUNCHAUSEN BY PROXY)"	"Clinical Psychiatry — Factitious disorder imposed on another"
"6D51.html"	"en"	"json-ld"	"Clinical psychiatry"	"Clinical Psychiatry"
"6D51.html"	"en"	"подпись-заказа"	"Clinical psychiatry"	"Clinical Psychiatry"
"6D51.html"	"en"	"шапка-книги"	"Clinical psychiatry"	"Clinical Psychiatry"
"6D70.html"	"en"	"мета-заголовок"	"DELIRIUM | CLINICAL PSYCHIATRY"	"Delirium | Clinical Psychiatry"
"6D70.html"	"en"	"мета-заголовок"	"DELIRIUM | CLINICAL PSYCHIATRY"	"Delirium | Clinical Psychiatry"
"6D70.html"	"en"	"мета-описание"	"Clinical Psychiatry — DELIRIUM"	"Clinical Psychiatry — Delirium"
"6D70.html"	"en"	"мета-описание"	"Clinical Psychiatry — DELIRIUM"	"Clinical Psychiatry — Delirium"
"6D70.html"	"en"	"json-ld"	"Clinical psychiatry"	"Clinical Psychiatry"
"6D70.html"	"en"	"подпись-заказа"	"Clinical psychiatry"	"Clinical Psychiatry"
"6D70.html"	"en"	"шапка-книги"	"Clinical psychiatry"	"Clinical Psychiatry"
"6D71.html"	"en"	"мета-заголовок"	"MILD NEUROCOGNITIVE DISORDER (MCI) | CLINICAL PSYCHIATRY"	"Mild neurocognitive disorder (MCI) | Clinical Psychiatry"
"6D71.html"	"en"	"мета-заголовок"	"MILD NEUROCOGNITIVE DISORDER (MCI) | CLINICAL PSYCHIATRY"	"Mild neurocognitive disorder (MCI) | Clinical Psychiatry"
"6D71.html"	"en"	"мета-описание"	"Klinik Psixiatriya — MILD NEUROCOGNITIVE DISORDER (MCI)"	"Clinical Psychiatry — Mild neurocognitive disorder (MCI)"
"6D71.html"	"en"	"мета-описание"	"Klinik Psixiatriya — MILD NEUROCOGNITIVE DISORDER (MCI)"	"Clinical Psychiatry — Mild neurocognitive disorder (MCI)"
"6D71.html"	"en"	"json-ld"	"Clinical psychiatry"	"Clinical Psychiatry"
"6D71.html"	"en"	"подпись-заказа"	"Clinical psychiatry"	"Clinical Psychiatry"
"6D71.html"	"en"	"шапка-книги"	"Clinical psychiatry"	"Clinical Psychiatry"
"6D72.html"	"en"	"мета-заголовок"	"AMNESTIC DISORDER | CLINICAL PSYCHIATRY"	"Amnestic disorder | Clinical Psychiatry"
"6D72.html"	"en"	"мета-заголовок"	"AMNESTIC DISORDER | CLINICAL PSYCHIATRY"	"Amnestic disorder | Clinical Psychiatry"
"6D72.html"	"en"	"мета-описание"	"Clinical Psychiatry — AMNESTIC DISORDER"	"Clinical Psychiatry — Amnestic disorder"
"6D72.html"	"en"	"мета-описание"	"Clinical Psychiatry — AMNESTIC DISORDER"	"Clinical Psychiatry — Amnestic disorder"
"6D72.html"	"en"	"json-ld"	"Clinical psychiatry"	"Clinical Psychiatry"
"6D72.html"	"en"	"подпись-заказа"	"Clinical psychiatry"	"Clinical Psychiatry"
"6D72.html"	"en"	"шапка-книги"	"Clinical psychiatry"	"Clinical Psychiatry"
"6D80.html"	"en"	"мета-заголовок"	"DEMENTIA DUE TO ALZHEIMER DISEASE | CLINICAL PSYCHIATRY"	"Dementia due to alzheimer disease | Clinical Psychiatry"
"6D80.html"	"en"	"мета-заголовок"	"DEMENTIA DUE TO ALZHEIMER DISEASE | CLINICAL PSYCHIATRY"	"Dementia due to alzheimer disease | Clinical Psychiatry"
"6D80.html"	"en"	"мета-описание"	"Clinical Psychiatry — DEMENTIA DUE TO ALZHEIMER&#x27;S DISEASE"	"Clinical Psychiatry — Dementia due to alzheimer disease"
"6D80.html"	"en"	"мета-описание"	"Clinical Psychiatry — DEMENTIA DUE TO ALZHEIMER&#x27;S DISEASE"	"Clinical Psychiatry — Dementia due to alzheimer disease"
"6D80.html"	"en"	"json-ld"	"Clinical psychiatry"	"Clinical Psychiatry"
"6D80.html"	"en"	"подпись-заказа"	"Clinical psychiatry"	"Clinical Psychiatry"
"6D80.html"	"en"	"шапка-книги"	"Clinical psychiatry"	"Clinical Psychiatry"
"6D81.html"	"en"	"мета-заголовок"	"DEMENTIA DUE TO CEREBROVASCULAR DISEASE | CLINICAL PSYCHIATRY"	"Dementia due to cerebrovascular disease | Clinical Psychiatry"
"6D81.html"	"en"	"мета-заголовок"	"DEMENTIA DUE TO CEREBROVASCULAR DISEASE | CLINICAL PSYCHIATRY"	"Dementia due to cerebrovascular disease | Clinical Psychiatry"
"6D81.html"	"en"	"мета-описание"	"Clinical Psychiatry — VASCULAR DEMENTIA"	"Clinical Psychiatry — Dementia due to cerebrovascular disease"
"6D81.html"	"en"	"мета-описание"	"Clinical Psychiatry — VASCULAR DEMENTIA"	"Clinical Psychiatry — Dementia due to cerebrovascular disease"
"6D81.html"	"en"	"json-ld"	"Clinical psychiatry"	"Clinical Psychiatry"
"6D81.html"	"en"	"подпись-заказа"	"Clinical psychiatry"	"Clinical Psychiatry"
"6D81.html"	"en"	"шапка-книги"	"Clinical psychiatry"	"Clinical Psychiatry"
"6D82.html"	"en"	"мета-заголовок"	"DEMENTIA DUE TO LEWY BODY DISEASE (DLB) | CLINICAL PSYCHIATRY"	"Dementia due to lewy body disease (DLB) | Clinical Psychiatry"
"6D82.html"	"en"	"мета-заголовок"	"DEMENTIA DUE TO LEWY BODY DISEASE (DLB) | CLINICAL PSYCHIATRY"	"Dementia due to lewy body disease (DLB) | Clinical Psychiatry"
"6D82.html"	"en"	"мета-описание"	"Clinical Psychiatry — DEMENTIA WITH LEWY BODIES (DLB)"	"Clinical Psychiatry — Dementia due to lewy body disease (DLB)"
"6D82.html"	"en"	"мета-описание"	"Clinical Psychiatry — DEMENTIA WITH LEWY BODIES (DLB)"	"Clinical Psychiatry — Dementia due to lewy body disease (DLB)"
"6D82.html"	"en"	"json-ld"	"Clinical psychiatry"	"Clinical Psychiatry"
"6D82.html"	"en"	"подпись-заказа"	"Clinical psychiatry"	"Clinical Psychiatry"
"6D82.html"	"en"	"шапка-книги"	"Clinical psychiatry"	"Clinical Psychiatry"
"6D83.html"	"en"	"мета-заголовок"	"FRONTOTEMPORAL DEMENTIA (FTD) | CLINICAL PSYCHIATRY"	"Frontotemporal dementia (FTD) | Clinical Psychiatry"
"6D83.html"	"en"	"мета-заголовок"	"FRONTOTEMPORAL DEMENTIA (FTD) | CLINICAL PSYCHIATRY"	"Frontotemporal dementia (FTD) | Clinical Psychiatry"
"6D83.html"	"en"	"мета-описание"	"Clinical Psychiatry — FRONTOTEMPORAL DEMENTIA (FTD)"	"Clinical Psychiatry — Frontotemporal dementia (FTD)"
"6D83.html"	"en"	"мета-описание"	"Clinical Psychiatry — FRONTOTEMPORAL DEMENTIA (FTD)"	"Clinical Psychiatry — Frontotemporal dementia (FTD)"
"6D83.html"	"en"	"json-ld"	"Clinical psychiatry"	"Clinical Psychiatry"
"6D83.html"	"en"	"подпись-заказа"	"Clinical psychiatry"	"Clinical Psychiatry"
"6D83.html"	"en"	"шапка-книги"	"Clinical psychiatry"	"Clinical Psychiatry"
"6E20.html"	"en"	"мета-заголовок"	"Without Psychosis — MENTAL OR BEHAVIOURAL DISORDERS ASSOCIATED WITH PREGNANCY, CHILDBIRTH OR THE PUERPERIUM, WITHOUT PSYCHOTIC SYMPTOMS | CLINICAL PSYCHIATRY"	"Without Psychosis — Mental or behavioural disorders associated with pregnancy, childbirth or the puerperium, without psychotic symptoms | Clinical Psychiatry"
"6E20.html"	"en"	"мета-заголовок"	"Without Psychosis — MENTAL OR BEHAVIOURAL DISORDERS ASSOCIATED WITH PREGNANCY, CHILDBIRTH OR THE PUERPERIUM, WITHOUT PSYCHOTIC SYMPTOMS | CLINICAL PSYCHIATRY"	"Without Psychosis — Mental or behavioural disorders associated with pregnancy, childbirth or the puerperium, without psychotic symptoms | Clinical Psychiatry"
"6E20.html"	"en"	"мета-описание"	"Clinical Psychiatry — POSTNATAL DEPRESSION"	"Clinical Psychiatry — Without Psychosis — Mental or behavioural disorders associated with pregnancy, childbirth or the puerperium, without psychotic symptoms"
"6E20.html"	"en"	"мета-описание"	"Clinical Psychiatry — POSTNATAL DEPRESSION"	"Clinical Psychiatry — Without Psychosis — Mental or behavioural disorders associated with pregnancy, childbirth or the puerperium, without psychotic symptoms"
"6E20.html"	"en"	"json-ld"	"Clinical psychiatry"	"Clinical Psychiatry"
"6E20.html"	"en"	"подпись-заказа"	"Clinical psychiatry"	"Clinical Psychiatry"
"6E20.html"	"en"	"шапка-книги"	"Clinical psychiatry"	"Clinical Psychiatry"
"6E21.html"	"en"	"мета-заголовок"	"With Psychosis — MENTAL OR BEHAVIOURAL DISORDERS ASSOCIATED WITH PREGNANCY, CHILDBIRTH OR THE PUERPERIUM, WITH PSYCHOTIC SYMPTOMS | CLINICAL PSYCHIATRY"	"With Psychosis — Mental or behavioural disorders associated with pregnancy, childbirth or the puerperium, with psychotic symptoms | Clinical Psychiatry"
"6E21.html"	"en"	"мета-заголовок"	"With Psychosis — MENTAL OR BEHAVIOURAL DISORDERS ASSOCIATED WITH PREGNANCY, CHILDBIRTH OR THE PUERPERIUM, WITH PSYCHOTIC SYMPTOMS | CLINICAL PSYCHIATRY"	"With Psychosis — Mental or behavioural disorders associated with pregnancy, childbirth or the puerperium, with psychotic symptoms | Clinical Psychiatry"
"6E21.html"	"en"	"мета-описание"	"Klinik Psixiatriya — POSTNATAL PSYCHOSIS"	"Clinical Psychiatry — With Psychosis — Mental or behavioural disorders associated with pregnancy, childbirth or the puerperium, with psychotic symptoms"
"6E21.html"	"en"	"мета-описание"	"Klinik Psixiatriya — POSTNATAL PSYCHOSIS"	"Clinical Psychiatry — With Psychosis — Mental or behavioural disorders associated with pregnancy, childbirth or the puerperium, with psychotic symptoms"
"6E21.html"	"en"	"json-ld"	"Clinical psychiatry"	"Clinical Psychiatry"
"6E21.html"	"en"	"подпись-заказа"	"Clinical psychiatry"	"Clinical Psychiatry"
"6E21.html"	"en"	"шапка-книги"	"Clinical psychiatry"	"Clinical Psychiatry"
"6E40.html"	"en"	"мета-заголовок"	"PSYCHOLOGICAL OR BEHAVIOURAL FACTORS AFFECTING DISORDERS OR DISEASES CLASSIFIED ELSEWHERE | CLINICAL PSYCHIATRY"	"Psychological or behavioural factors affecting disorders or diseases classified elsewhere | Clinical Psychiatry"
"6E40.html"	"en"	"мета-заголовок"	"PSYCHOLOGICAL OR BEHAVIOURAL FACTORS AFFECTING DISORDERS OR DISEASES CLASSIFIED ELSEWHERE | CLINICAL PSYCHIATRY"	"Psychological or behavioural factors affecting disorders or diseases classified elsewhere | Clinical Psychiatry"
"6E40.html"	"en"	"мета-описание"	"Clinical Psychiatry — PSYCHOLOGICAL FACTORS AFFECTING OTHER MEDICAL CONDITIONS"	"Clinical Psychiatry — Psychological or behavioural factors affecting disorders or diseases classified elsewhere"
"6E40.html"	"en"	"мета-описание"	"Clinical Psychiatry — PSYCHOLOGICAL FACTORS AFFECTING OTHER MEDICAL CONDITIONS"	"Clinical Psychiatry — Psychological or behavioural factors affecting disorders or diseases classified elsewhere"
"6E40.html"	"en"	"json-ld"	"Clinical psychiatry"	"Clinical Psychiatry"
"6E40.html"	"en"	"подпись-заказа"	"Clinical psychiatry"	"Clinical Psychiatry"
"6E40.html"	"en"	"шапка-книги"	"Clinical psychiatry"	"Clinical Psychiatry"
"6E61.html"	"en"	"мета-заголовок"	"SECONDARY PSYCHOTIC SYNDROME | CLINICAL PSYCHIATRY"	"Secondary psychotic syndrome | Clinical Psychiatry"
"6E61.html"	"en"	"мета-заголовок"	"SECONDARY PSYCHOTIC SYNDROME | CLINICAL PSYCHIATRY"	"Secondary psychotic syndrome | Clinical Psychiatry"
"6E61.html"	"en"	"мета-описание"	"Klinik Psixiatriya — SECONDARY PSYCHOTIC SYNDROME"	"Clinical Psychiatry — Secondary psychotic syndrome"
"6E61.html"	"en"	"мета-описание"	"Klinik Psixiatriya — SECONDARY PSYCHOTIC SYNDROME"	"Clinical Psychiatry — Secondary psychotic syndrome"
"6E61.html"	"en"	"json-ld"	"Clinical psychiatry"	"Clinical Psychiatry"
"6E61.html"	"en"	"подпись-заказа"	"Clinical psychiatry"	"Clinical Psychiatry"
"6E61.html"	"en"	"шапка-книги"	"Clinical psychiatry"	"Clinical Psychiatry"
"6E62.html"	"en"	"мета-заголовок"	"SECONDARY MOOD SYNDROME | CLINICAL PSYCHIATRY"	"Secondary mood syndrome | Clinical Psychiatry"
"6E62.html"	"en"	"мета-заголовок"	"SECONDARY MOOD SYNDROME | CLINICAL PSYCHIATRY"	"Secondary mood syndrome | Clinical Psychiatry"
"6E62.html"	"en"	"мета-описание"	"Klinik Psixiatriya — SECONDARY AFFECTIVE SYNDROME"	"Clinical Psychiatry — Secondary mood syndrome"
"6E62.html"	"en"	"мета-описание"	"Klinik Psixiatriya — SECONDARY AFFECTIVE SYNDROME"	"Clinical Psychiatry — Secondary mood syndrome"
"6E62.html"	"en"	"json-ld"	"Clinical psychiatry"	"Clinical Psychiatry"
"6E62.html"	"en"	"подпись-заказа"	"Clinical psychiatry"	"Clinical Psychiatry"
"6E62.html"	"en"	"шапка-книги"	"Clinical psychiatry"	"Clinical Psychiatry"
"6E63.html"	"en"	"мета-заголовок"	"SECONDARY ANXIETY SYNDROME | CLINICAL PSYCHIATRY"	"Secondary anxiety syndrome | Clinical Psychiatry"
"6E63.html"	"en"	"мета-заголовок"	"SECONDARY ANXIETY SYNDROME | CLINICAL PSYCHIATRY"	"Secondary anxiety syndrome | Clinical Psychiatry"
"6E63.html"	"en"	"мета-описание"	"Klinik Psixiatriya — SECONDARY ANXIETY SYNDROME"	"Clinical Psychiatry — Secondary anxiety syndrome"
"6E63.html"	"en"	"мета-описание"	"Klinik Psixiatriya — SECONDARY ANXIETY SYNDROME"	"Clinical Psychiatry — Secondary anxiety syndrome"
"6E63.html"	"en"	"json-ld"	"Clinical psychiatry"	"Clinical Psychiatry"
"6E63.html"	"en"	"подпись-заказа"	"Clinical psychiatry"	"Clinical Psychiatry"
"6E63.html"	"en"	"шапка-книги"	"Clinical psychiatry"	"Clinical Psychiatry"
"7A00.html"	"en"	"мета-заголовок"	"CHRONIC INSOMNIA | CLINICAL PSYCHIATRY"	"Chronic insomnia | Clinical Psychiatry"
"7A00.html"	"en"	"мета-заголовок"	"CHRONIC INSOMNIA | CLINICAL PSYCHIATRY"	"Chronic insomnia | Clinical Psychiatry"
"7A00.html"	"en"	"мета-описание"	"Klinik Psixiatriya — INSOMNIA"	"Clinical Psychiatry — Chronic insomnia"
"7A00.html"	"en"	"мета-описание"	"Klinik Psixiatriya — INSOMNIA"	"Clinical Psychiatry — Chronic insomnia"
"7A00.html"	"en"	"json-ld"	"Clinical psychiatry"	"Clinical Psychiatry"
"7A00.html"	"en"	"подпись-заказа"	"Clinical psychiatry"	"Clinical Psychiatry"
"7A00.html"	"en"	"шапка-книги"	"Clinical psychiatry"	"Clinical Psychiatry"
"7A20.html"	"en"	"мета-заголовок"	"NARCOLEPSY | CLINICAL PSYCHIATRY"	"Narcolepsy | Clinical Psychiatry"
"7A20.html"	"en"	"мета-заголовок"	"NARCOLEPSY | CLINICAL PSYCHIATRY"	"Narcolepsy | Clinical Psychiatry"
"7A20.html"	"en"	"мета-описание"	"Clinical Psychiatry — NARCOLEPSY"	"Clinical Psychiatry — Narcolepsy"
"7A20.html"	"en"	"мета-описание"	"Clinical Psychiatry — NARCOLEPSY"	"Clinical Psychiatry — Narcolepsy"
"7A20.html"	"en"	"json-ld"	"Clinical psychiatry"	"Clinical Psychiatry"
"7A20.html"	"en"	"подпись-заказа"	"Clinical psychiatry"	"Clinical Psychiatry"
"7A20.html"	"en"	"шапка-книги"	"Clinical psychiatry"	"Clinical Psychiatry"
"7A21.html"	"en"	"мета-заголовок"	"HYPERSOMNIA | CLINICAL PSYCHIATRY"	"Hypersomnia | Clinical Psychiatry"
"7A21.html"	"en"	"мета-заголовок"	"HYPERSOMNIA | CLINICAL PSYCHIATRY"	"Hypersomnia | Clinical Psychiatry"
"7A21.html"	"en"	"мета-описание"	"Clinical Psychiatry — HYPERSOMNIA"	"Clinical Psychiatry — Hypersomnia"
"7A21.html"	"en"	"мета-описание"	"Clinical Psychiatry — HYPERSOMNIA"	"Clinical Psychiatry — Hypersomnia"
"7A21.html"	"en"	"json-ld"	"Clinical psychiatry"	"Clinical Psychiatry"
"7A21.html"	"en"	"подпись-заказа"	"Clinical psychiatry"	"Clinical Psychiatry"
"7A21.html"	"en"	"шапка-книги"	"Clinical psychiatry"	"Clinical Psychiatry"
"7A41.html"	"en"	"мета-заголовок"	"OBSTRUCTIVE SLEEP APNOEA (OSA) | CLINICAL PSYCHIATRY"	"Obstructive sleep apnoea (OSA) | Clinical Psychiatry"
"7A41.html"	"en"	"мета-заголовок"	"OBSTRUCTIVE SLEEP APNOEA (OSA) | CLINICAL PSYCHIATRY"	"Obstructive sleep apnoea (OSA) | Clinical Psychiatry"
"7A41.html"	"en"	"мета-описание"	"Clinical Psychiatry — OBSTRUCTIVE SLEEP APNEA (OSA)"	"Clinical Psychiatry — Obstructive sleep apnoea (OSA)"
"7A41.html"	"en"	"мета-описание"	"Clinical Psychiatry — OBSTRUCTIVE SLEEP APNEA (OSA)"	"Clinical Psychiatry — Obstructive sleep apnoea (OSA)"
"7A41.html"	"en"	"json-ld"	"Clinical psychiatry"	"Clinical Psychiatry"
"7A41.html"	"en"	"подпись-заказа"	"Clinical psychiatry"	"Clinical Psychiatry"
"7A41.html"	"en"	"шапка-книги"	"Clinical psychiatry"	"Clinical Psychiatry"
"7A60.html"	"en"	"мета-заголовок"	"CIRCADIAN RHYTHM SLEEP-WAKE DISORDERS | CLINICAL PSYCHIATRY"	"Circadian rhythm sleep-wake disorders | Clinical Psychiatry"
"7A60.html"	"en"	"мета-заголовок"	"CIRCADIAN RHYTHM SLEEP-WAKE DISORDERS | CLINICAL PSYCHIATRY"	"Circadian rhythm sleep-wake disorders | Clinical Psychiatry"
"7A60.html"	"en"	"мета-описание"	"Klinik Psixiatriya — CIRCADIAN RHYTHM SLEEP-WAKE DISORDERS"	"Clinical Psychiatry — Circadian rhythm sleep-wake disorders"
"7A60.html"	"en"	"мета-описание"	"Klinik Psixiatriya — CIRCADIAN RHYTHM SLEEP-WAKE DISORDERS"	"Clinical Psychiatry — Circadian rhythm sleep-wake disorders"
"7A60.html"	"en"	"json-ld"	"Clinical psychiatry"	"Clinical Psychiatry"
"7A60.html"	"en"	"подпись-заказа"	"Clinical psychiatry"	"Clinical Psychiatry"
"7A60.html"	"en"	"шапка-книги"	"Clinical psychiatry"	"Clinical Psychiatry"
"8A05.html"	"en"	"мета-заголовок"	"PRIMARY TICS OR TIC DISORDERS | CLINICAL PSYCHIATRY"	"Primary tics or tic disorders | Clinical Psychiatry"
"8A05.html"	"en"	"мета-заголовок"	"PRIMARY TICS OR TIC DISORDERS | CLINICAL PSYCHIATRY"	"Primary tics or tic disorders | Clinical Psychiatry"
"8A05.html"	"en"	"мета-описание"	"Klinik Psixiatriya — TIC DISORDERS (TOURETTE SYNDROME)"	"Clinical Psychiatry — Primary tics or tic disorders"
"8A05.html"	"en"	"мета-описание"	"Klinik Psixiatriya — TIC DISORDERS (TOURETTE SYNDROME)"	"Clinical Psychiatry — Primary tics or tic disorders"
"8A05.html"	"en"	"json-ld"	"Clinical psychiatry"	"Clinical Psychiatry"
"8A05.html"	"en"	"подпись-заказа"	"Clinical psychiatry"	"Clinical Psychiatry"
"8A05.html"	"en"	"шапка-книги"	"Clinical psychiatry"	"Clinical Psychiatry"
"GA34.html"	"en"	"мета-заголовок"	"PREMENSTRUAL DYSPHORIC DISORDER (PMDD) | CLINICAL PSYCHIATRY"	"Premenstrual dysphoric disorder (PMDD) | Clinical Psychiatry"
"GA34.html"	"en"	"мета-заголовок"	"PREMENSTRUAL DYSPHORIC DISORDER (PMDD) | CLINICAL PSYCHIATRY"	"Premenstrual dysphoric disorder (PMDD) | Clinical Psychiatry"
"GA34.html"	"en"	"мета-описание"	"Klinik Psixiatriya — PREMENSTRUAL DYSPHORIC DISORDER (PMDD)"	"Clinical Psychiatry — Premenstrual dysphoric disorder (PMDD)"
"GA34.html"	"en"	"мета-описание"	"Klinik Psixiatriya — PREMENSTRUAL DYSPHORIC DISORDER (PMDD)"	"Clinical Psychiatry — Premenstrual dysphoric disorder (PMDD)"
"GA34.html"	"en"	"json-ld"	"Clinical psychiatry"	"Clinical Psychiatry"
"GA34.html"	"en"	"подпись-заказа"	"Clinical psychiatry"	"Clinical Psychiatry"
"GA34.html"	"en"	"шапка-книги"	"Clinical psychiatry"	"Clinical Psychiatry"
"HA00.html"	"en"	"мета-заголовок"	"HYPOACTIVE SEXUAL DESIRE DYSFUNCTION (HSDD) | CLINICAL PSYCHIATRY"	"Hypoactive sexual desire dysfunction (HSDD) | Clinical Psychiatry"
"HA00.html"	"en"	"мета-заголовок"	"HYPOACTIVE SEXUAL DESIRE DYSFUNCTION (HSDD) | CLINICAL PSYCHIATRY"	"Hypoactive sexual desire dysfunction (HSDD) | Clinical Psychiatry"
"HA00.html"	"en"	"мета-описание"	"Clinical Psychiatry — HYPOACTIVE SEXUAL DESIRE DISORDER (HSDD)"	"Clinical Psychiatry — Hypoactive sexual desire dysfunction (HSDD)"
"HA00.html"	"en"	"мета-описание"	"Clinical Psychiatry — HYPOACTIVE SEXUAL DESIRE DISORDER (HSDD)"	"Clinical Psychiatry — Hypoactive sexual desire dysfunction (HSDD)"
"HA00.html"	"en"	"json-ld"	"Clinical psychiatry"	"Clinical Psychiatry"
"HA00.html"	"en"	"подпись-заказа"	"Clinical psychiatry"	"Clinical Psychiatry"
"HA00.html"	"en"	"шапка-книги"	"Clinical psychiatry"	"Clinical Psychiatry"
"HA01.html"	"en"	"мета-заголовок"	"MALE ERECTILE DYSFUNCTION (ED) | CLINICAL PSYCHIATRY"	"Male erectile dysfunction (ED) | Clinical Psychiatry"
"HA01.html"	"en"	"мета-заголовок"	"MALE ERECTILE DYSFUNCTION (ED) | CLINICAL PSYCHIATRY"	"Male erectile dysfunction (ED) | Clinical Psychiatry"
"HA01.html"	"en"	"мета-описание"	"Clinical Psychiatry — ERECTILE DYSFUNCTION (ED)"	"Clinical Psychiatry — Male erectile dysfunction (ED)"
"HA01.html"	"en"	"мета-описание"	"Clinical Psychiatry — ERECTILE DYSFUNCTION (ED)"	"Clinical Psychiatry — Male erectile dysfunction (ED)"
"HA01.html"	"en"	"json-ld"	"Clinical psychiatry"	"Clinical Psychiatry"
"HA01.html"	"en"	"подпись-заказа"	"Clinical psychiatry"	"Clinical Psychiatry"
"HA01.html"	"en"	"шапка-книги"	"Clinical psychiatry"	"Clinical Psychiatry"
"HA02.html"	"en"	"мета-заголовок"	"ANORGASMIA | CLINICAL PSYCHIATRY"	"Anorgasmia | Clinical Psychiatry"
"HA02.html"	"en"	"мета-заголовок"	"ANORGASMIA | CLINICAL PSYCHIATRY"	"Anorgasmia | Clinical Psychiatry"
"HA02.html"	"en"	"мета-описание"	"Clinical Psychiatry — ANORGASMIA"	"Clinical Psychiatry — Anorgasmia"
"HA02.html"	"en"	"мета-описание"	"Clinical Psychiatry — ANORGASMIA"	"Clinical Psychiatry — Anorgasmia"
"HA02.html"	"en"	"json-ld"	"Clinical psychiatry"	"Clinical Psychiatry"
"HA02.html"	"en"	"подпись-заказа"	"Clinical psychiatry"	"Clinical Psychiatry"
"HA02.html"	"en"	"шапка-книги"	"Clinical psychiatry"	"Clinical Psychiatry"
"HA03.html"	"en"	"мета-заголовок"	"MALE EARLY EJACULATION (PE) | CLINICAL PSYCHIATRY"	"Male early ejaculation (PE) | Clinical Psychiatry"
"HA03.html"	"en"	"мета-заголовок"	"MALE EARLY EJACULATION (PE) | CLINICAL PSYCHIATRY"	"Male early ejaculation (PE) | Clinical Psychiatry"
"HA03.html"	"en"	"мета-описание"	"Clinical Psychiatry — PREMATURE EJACULATION (PE)"	"Clinical Psychiatry — Male early ejaculation (PE)"
"HA03.html"	"en"	"мета-описание"	"Clinical Psychiatry — PREMATURE EJACULATION (PE)"	"Clinical Psychiatry — Male early ejaculation (PE)"
"HA03.html"	"en"	"json-ld"	"Clinical psychiatry"	"Clinical Psychiatry"
"HA03.html"	"en"	"подпись-заказа"	"Clinical psychiatry"	"Clinical Psychiatry"
"HA03.html"	"en"	"шапка-книги"	"Clinical psychiatry"	"Clinical Psychiatry"
"HA20.html"	"en"	"мета-заголовок"	"SEXUAL PAIN-PENETRATION DISORDER (VAGINISMUS) | CLINICAL PSYCHIATRY"	"Sexual pain-penetration disorder (vaginismus) | Clinical Psychiatry"
"HA20.html"	"en"	"мета-заголовок"	"SEXUAL PAIN-PENETRATION DISORDER (VAGINISMUS) | CLINICAL PSYCHIATRY"	"Sexual pain-penetration disorder (vaginismus) | Clinical Psychiatry"
"HA20.html"	"en"	"мета-описание"	"Clinical Psychiatry — GENITO-PELVIC PAIN / PENETRATION DISORDER (VAGINISMUS)"	"Clinical Psychiatry — Sexual pain-penetration disorder (vaginismus)"
"HA20.html"	"en"	"мета-описание"	"Clinical Psychiatry — GENITO-PELVIC PAIN / PENETRATION DISORDER (VAGINISMUS)"	"Clinical Psychiatry — Sexual pain-penetration disorder (vaginismus)"
"HA20.html"	"en"	"json-ld"	"Clinical psychiatry"	"Clinical Psychiatry"
"HA20.html"	"en"	"подпись-заказа"	"Clinical psychiatry"	"Clinical Psychiatry"
"HA20.html"	"en"	"шапка-книги"	"Clinical psychiatry"	"Clinical Psychiatry"
"HA40.html"	"en"	"мета-заголовок"	"AETIOLOGICAL CONSIDERATIONS IN SEXUAL DYSFUNCTIONS AND SEXUAL PAIN DISORDERS | CLINICAL PSYCHIATRY"	"Aetiological considerations in sexual dysfunctions and sexual pain disorders | Clinical Psychiatry"
"HA40.html"	"en"	"мета-заголовок"	"AETIOLOGICAL CONSIDERATIONS IN SEXUAL DYSFUNCTIONS AND SEXUAL PAIN DISORDERS | CLINICAL PSYCHIATRY"	"Aetiological considerations in sexual dysfunctions and sexual pain disorders | Clinical Psychiatry"
"HA40.html"	"en"	"мета-описание"	"Clinical Psychiatry — SEXUAL DYSFUNCTIONS ASSOCIATED WITH ANOTHER DISEASE OR DISORDER"	"Clinical Psychiatry — Aetiological considerations in sexual dysfunctions and sexual pain disorders"
"HA40.html"	"en"	"мета-описание"	"Clinical Psychiatry — SEXUAL DYSFUNCTIONS ASSOCIATED WITH ANOTHER DISEASE OR DISORDER"	"Clinical Psychiatry — Aetiological considerations in sexual dysfunctions and sexual pain disorders"
"HA40.html"	"en"	"json-ld"	"Clinical psychiatry"	"Clinical Psychiatry"
"HA40.html"	"en"	"подпись-заказа"	"Clinical psychiatry"	"Clinical Psychiatry"
"HA40.html"	"en"	"шапка-книги"	"Clinical psychiatry"	"Clinical Psychiatry"
"abbreviatur.html"	"en"	"мета-заголовок"	"TERMINOLOGY GLOSSARY | CLINICAL PSYCHIATRY"	"Terminology glossary | Clinical Psychiatry"
"abbreviatur.html"	"en"	"мета-заголовок"	"TERMINOLOGY GLOSSARY | CLINICAL PSYCHIATRY"	"Terminology glossary | Clinical Psychiatry"
"abbreviatur.html"	"en"	"мета-описание"	"Klinik Psixiatriya — GLOSSARY OF TERMS"	"Clinical Psychiatry — Terminology glossary"
"abbreviatur.html"	"en"	"мета-описание"	"Klinik Psixiatriya — GLOSSARY OF TERMS"	"Clinical Psychiatry — Terminology glossary"
"abbreviatur.html"	"en"	"json-ld"	"Clinical psychiatry"	"Clinical Psychiatry"
"abbreviatur.html"	"en"	"подпись-заказа"	"Clinical psychiatry"	"Clinical Psychiatry"
"abbreviatur.html"	"en"	"шапка-книги"	"Clinical psychiatry"	"Clinical Psychiatry"
"abbreviatur.html"	"en"	"аббревиатура"	"OBSESSIVE-COMPULSIVE (ocd)"	"OBSESSIVE-COMPULSIVE (OCD)"
"abbreviatur.html"	"en"	"пункт-меню"	"OBSESSIVE-COMPULSIVE (OCD)"	"Obsessive-compulsive (OCD)"
"abbreviatur.html"	"en"	"пред/след"	"NEURODEVELOPMENTAL"	"Neurodevelopmental"
"abbreviatur.html"	"en"	"крошка"	"Clinical psychiatry"	"Clinical Psychiatry"
"elave-acde.html"	"en"	"мета-заголовок"	"Appendices A–E | CLINICAL PSYCHIATRY"	"Appendices | Clinical Psychiatry"
"elave-acde.html"	"en"	"мета-заголовок"	"Appendices A–E | CLINICAL PSYCHIATRY"	"Appendices | Clinical Psychiatry"
"elave-acde.html"	"en"	"мета-описание"	"Clinical Psychiatry — Appendices A–E"	"Clinical Psychiatry — Appendices"
"elave-acde.html"	"en"	"мета-описание"	"Clinical Psychiatry — Appendices A–E"	"Clinical Psychiatry — Appendices"
"elave-acde.html"	"en"	"json-ld"	"Clinical psychiatry"	"Clinical Psychiatry"
"elave-acde.html"	"en"	"подпись-заказа"	"Clinical psychiatry"	"Clinical Psychiatry"
"elave-acde.html"	"en"	"шапка-книги"	"Clinical psychiatry"	"Clinical Psychiatry"
"elave-acde.html"	"en"	"крошка"	"Clinical psychiatry"	"Clinical Psychiatry"
"elave-skalalar.html"	"en"	"мета-заголовок"	"Appendix — Scales | CLINICAL PSYCHIATRY"	"Appendix B | Clinical Psychiatry"
"elave-skalalar.html"	"en"	"мета-заголовок"	"Appendix — Scales | CLINICAL PSYCHIATRY"	"Appendix B | Clinical Psychiatry"
"elave-skalalar.html"	"en"	"мета-описание"	"Clinical Psychiatry — Appendix — Scales"	"Clinical Psychiatry — Appendix B"
"elave-skalalar.html"	"en"	"мета-описание"	"Clinical Psychiatry — Appendix — Scales"	"Clinical Psychiatry — Appendix B"
"elave-skalalar.html"	"en"	"json-ld"	"Clinical psychiatry"	"Clinical Psychiatry"
"elave-skalalar.html"	"en"	"подпись-заказа"	"Clinical psychiatry"	"Clinical Psychiatry"
"elave-skalalar.html"	"en"	"шапка-книги"	"Clinical psychiatry"	"Clinical Psychiatry"
"elave-skalalar.html"	"en"	"крошка"	"Clinical psychiatry"	"Clinical Psychiatry"
"index.html"	"en"	"мета-заголовок"	"Home | CLINICAL PSYCHIATRY"	"Home | Clinical Psychiatry"
"index.html"	"en"	"мета-заголовок"	"Home | CLINICAL PSYCHIATRY"	"Home | Clinical Psychiatry"
"index.html"	"en"	"json-ld"	"Clinical psychiatry"	"Clinical Psychiatry"
"index.html"	"en"	"подпись-заказа"	"Clinical psychiatry"	"Clinical Psychiatry"
"index.html"	"en"	"обложка"	"Clinical psychiatry"	"Clinical Psychiatry"
"index.html"	"en"	"шапка-книги"	"Clinical psychiatry"	"Clinical Psychiatry"
"kitab-haqqinda.html"	"en"	"мета-заголовок"	"About the book | CLINICAL PSYCHIATRY"	"About the book | Clinical Psychiatry"
"kitab-haqqinda.html"	"en"	"мета-заголовок"	"About the book | CLINICAL PSYCHIATRY"	"About the book | Clinical Psychiatry"
"kitab-haqqinda.html"	"en"	"json-ld"	"Clinical psychiatry"	"Clinical Psychiatry"
"kitab-haqqinda.html"	"en"	"подпись-заказа"	"Clinical psychiatry"	"Clinical Psychiatry"
"kitab-haqqinda.html"	"en"	"шапка-книги"	"Clinical psychiatry"	"Clinical Psychiatry"
"kitab-haqqinda.html"	"en"	"крошка"	"Clinical psychiatry"	"Clinical Psychiatry"
"melumat.html"	"en"	"мета-заголовок"	"Information section | CLINICAL PSYCHIATRY"	"Information section | Clinical Psychiatry"
"melumat.html"	"en"	"мета-заголовок"	"Information section | CLINICAL PSYCHIATRY"	"Information section | Clinical Psychiatry"
"melumat.html"	"en"	"json-ld"	"Clinical psychiatry"	"Clinical Psychiatry"
"melumat.html"	"en"	"подпись-заказа"	"Clinical psychiatry"	"Clinical Psychiatry"
"melumat.html"	"en"	"шапка-книги"	"Clinical psychiatry"	"Clinical Psychiatry"
"mugeddime.html"	"en"	"мета-заголовок"	"Preface | CLINICAL PSYCHIATRY"	"Preface | Clinical Psychiatry"
"mugeddime.html"	"en"	"мета-заголовок"	"Preface | CLINICAL PSYCHIATRY"	"Preface | Clinical Psychiatry"
"mugeddime.html"	"en"	"мета-описание"	"Clinical Psychiatry — Introduction"	"Clinical Psychiatry — Preface"
"mugeddime.html"	"en"	"мета-описание"	"Clinical Psychiatry — Introduction"	"Clinical Psychiatry — Preface"
"mugeddime.html"	"en"	"json-ld"	"Clinical psychiatry"	"Clinical Psychiatry"
"mugeddime.html"	"en"	"подпись-заказа"	"Clinical psychiatry"	"Clinical Psychiatry"
"mugeddime.html"	"en"	"шапка-книги"	"Clinical psychiatry"	"Clinical Psychiatry"
"mugeddime.html"	"en"	"крошка"	"Clinical psychiatry"	"Clinical Psychiatry"
"mundericat.html"	"en"	"мета-заголовок"	"Table of Contents | CLINICAL PSYCHIATRY"	"Table of contents | Clinical Psychiatry"
"mundericat.html"	"en"	"мета-заголовок"	"Table of Contents | CLINICAL PSYCHIATRY"	"Table of contents | Clinical Psychiatry"
"mundericat.html"	"en"	"json-ld"	"Clinical psychiatry"	"Clinical Psychiatry"
"mundericat.html"	"en"	"подпись-заказа"	"Clinical psychiatry"	"Clinical Psychiatry"
"mundericat.html"	"en"	"шапка-книги"	"Clinical psychiatry"	"Clinical Psychiatry"
"mundericat.html"	"en"	"крошка"	"Clinical psychiatry"	"Clinical Psychiatry"
"mundericat.html"	"en"	"оглавление"	"NEURODEVELOPMENTAL DISORDERS"	"Neurodevelopmental disorders"
"mundericat.html"	"en"	"оглавление"	"SCHIZOPHRENIA SPECTRUM AND OTHER PSYCHOTIC DISORDERS"	"Schizophrenia spectrum and other psychotic disorders"
"mundericat.html"	"en"	"оглавление"	"BIPOLAR AND RELATED DISORDERS"	"Bipolar and related disorders"
"mundericat.html"	"en"	"оглавление"	"DEPRESSIVE DISORDERS"	"Depressive disorders"
"mundericat.html"	"en"	"оглавление"	"ANXIETY DISORDERS"	"Anxiety disorders"
"mundericat.html"	"en"	"оглавление"	"OBSESSIVE-COMPULSIVE AND RELATED DISORDERS"	"Obsessive-compulsive and related disorders"
"mundericat.html"	"en"	"оглавление"	"TRAUMA AND STRESS-RELATED DISORDERS"	"Trauma and stress-related disorders"
"mundericat.html"	"en"	"оглавление"	"DISSOCIATIVE DISORDERS"	"Dissociative disorders"
"mundericat.html"	"en"	"оглавление"	"SOMATIC SYMPTOM AND RELATED DISORDERS"	"Somatic symptom and related disorders"
"mundericat.html"	"en"	"оглавление"	"FEEDING AND EATING DISORDERS"	"Feeding and eating disorders"
"mundericat.html"	"en"	"оглавление"	"ELIMINATION DISORDERS"	"Elimination disorders"
"mundericat.html"	"en"	"оглавление"	"SLEEP-WAKE DISORDERS"	"Sleep-wake disorders"
"mundericat.html"	"en"	"оглавление"	"SEXUAL DYSFUNCTIONS"	"Sexual dysfunctions"
"mundericat.html"	"en"	"оглавление"	"DISRUPTIVE, IMPULSE-CONTROL AND CONDUCT DISORDERS"	"Disruptive, impulse-control and conduct disorders"
"mundericat.html"	"en"	"оглавление"	"SUBSTANCE-RELATED AND ADDICTIVE DISORDERS"	"Substance-related and addictive disorders"
"mundericat.html"	"en"	"оглавление"	"NEUROCOGNITIVE DISORDERS"	"Neurocognitive disorders"
"mundericat.html"	"en"	"оглавление"	"PERSONALITY DISORDERS"	"Personality disorders"
"mundericat.html"	"en"	"оглавление"	"PARAPHILIC DISORDERS"	"Paraphilic disorders"
"mundericat.html"	"en"	"оглавление"	"OTHER MENTAL DISORDERS"	"Other mental disorders"
"mundericat.html"	"en"	"оглавление"	"ORGANIC (SYMPTOMATIC) MENTAL DISORDERS"	"Organic (symptomatic) mental disorders"
"mundericat.html"	"en"	"оглавление"	"DISORDERS DUE TO PSYCHOACTIVE SUBSTANCE USE"	"Disorders due to psychoactive substance use"
"mundericat.html"	"en"	"оглавление"	"SCHIZOPHRENIA, SCHIZOTYPAL AND DELUSIONAL DISORDERS"	"Schizophrenia, schizotypal and delusional disorders"
"mundericat.html"	"en"	"оглавление"	"MOOD (AFFECTIVE) DISORDERS"	"Mood (affective) disorders"
"mundericat.html"	"en"	"оглавление"	"NEUROTIC, STRESS-RELATED AND SOMATOFORM DISORDERS"	"Neurotic, stress-related and somatoform disorders"
"mundericat.html"	"en"	"оглавление"	"SYNDROMES ASSOCIATED WITH PHYSIOLOGICAL DISTURBANCES AND PHYSICAL FACTORS"	"Syndromes associated with physiological disturbances and physical factors"
"mundericat.html"	"en"	"оглавление"	"DISORDERS OF ADULT PERSONALITY AND BEHAVIOUR"	"Disorders of adult personality and behaviour"
"mundericat.html"	"en"	"оглавление"	"MENTAL RETARDATION"	"Mental retardation"
"mundericat.html"	"en"	"оглавление"	"DISORDERS OF PSYCHOLOGICAL DEVELOPMENT"	"Disorders of psychological development"
"mundericat.html"	"en"	"оглавление"	"DISORDERS WITH ONSET IN CHILDHOOD AND ADOLESCENCE"	"Disorders with onset in childhood and adolescence"
"mundericat.html"	"en"	"оглавление"	"UNSPECIFIED MENTAL DISORDER"	"Unspecified mental disorder"
"terminoloji-luget.html"	"en"	"мета-заголовок"	"Terminology glossary | clinical psychiatry"	"Terminology glossary | Clinical Psychiatry"
"terminoloji-luget.html"	"en"	"мета-заголовок"	"Terminology glossary | clinical psychiatry"	"Terminology glossary | Clinical Psychiatry"
"terminoloji-luget.html"	"en"	"мета-описание"	"Klinik Psixiatriya — GLOSSARY OF TERMS"	"Clinical Psychiatry — Terminology glossary"
"terminoloji-luget.html"	"en"	"мета-описание"	"Klinik Psixiatriya — GLOSSARY OF TERMS"	"Clinical Psychiatry — Terminology glossary"
"terminoloji-luget.html"	"en"	"json-ld"	"Clinical psychiatry"	"Clinical Psychiatry"
"terminoloji-luget.html"	"en"	"подпись-заказа"	"Clinical psychiatry"	"Clinical Psychiatry"
"terminoloji-luget.html"	"en"	"шапка-книги"	"Clinical psychiatry"	"Clinical Psychiatry"
"terminoloji-luget.html"	"en"	"аббревиатура"	"OBSESSIVE-COMPULSIVE (ocd)"	"OBSESSIVE-COMPULSIVE (OCD)"
"terminoloji-luget.html"	"en"	"пункт-меню"	"OBSESSIVE-COMPULSIVE (OCD)"	"Obsessive-compulsive (OCD)"
"yekun.html"	"en"	"мета-заголовок"	"Conclusion — Usage guidelines | CLINICAL PSYCHIATRY"	"Final recommendations | Clinical Psychiatry"
"yekun.html"	"en"	"мета-заголовок"	"Conclusion — Usage guidelines | CLINICAL PSYCHIATRY"	"Final recommendations | Clinical Psychiatry"
"yekun.html"	"en"	"мета-описание"	"Klinik Psixiatriya — Conclusion — Instructions for Use"	"Clinical Psychiatry — Final recommendations"
"yekun.html"	"en"	"мета-описание"	"Klinik Psixiatriya — Conclusion — Instructions for Use"	"Clinical Psychiatry — Final recommendations"
"yekun.html"	"en"	"json-ld"	"Clinical psychiatry"	"Clinical Psychiatry"
"yekun.html"	"en"	"подпись-заказа"	"Clinical psychiatry"	"Clinical Psychiatry"
"yekun.html"	"en"	"шапка-книги"	"Clinical psychiatry"	"Clinical Psychiatry"
"yekun.html"	"en"	"крошка"	"Clinical psychiatry"	"Clinical Psychiatry"
"01-6A0-neyroinkisaf.html"	"tr"	"мета-заголовок"	"NÖROGELİŞİMSEL BOZUKLUKLAR | KLİNİK PSİKİYATRİ"	"Nörogelişimsel bozukluklar | Klinik Psikiyatri"
"01-6A0-neyroinkisaf.html"	"tr"	"мета-заголовок"	"NÖROGELİŞİMSEL BOZUKLUKLAR | KLİNİK PSİKİYATRİ"	"Nörogelişimsel bozukluklar | Klinik Psikiyatri"
"01-6A0-neyroinkisaf.html"	"tr"	"мета-описание"	"Klinik Psixiatriya — NÖROGELİŞİMSEL BOZUKLUKLAR"	"Klinik Psikiyatri — Nörogelişimsel bozukluklar"
"01-6A0-neyroinkisaf.html"	"tr"	"мета-описание"	"Klinik Psixiatriya — NÖROGELİŞİMSEL BOZUKLUKLAR"	"Klinik Psikiyatri — Nörogelişimsel bozukluklar"
"01-6A0-neyroinkisaf.html"	"tr"	"json-ld"	"Klinik psikiyatri"	"Klinik Psikiyatri"
"01-6A0-neyroinkisaf.html"	"tr"	"подпись-заказа"	"Klinik psikiyatri"	"Klinik Psikiyatri"
"01-6A0-neyroinkisaf.html"	"tr"	"шапка-книги"	"Klinik psikiyatri"	"Klinik Psikiyatri"
"02-6A2-sizofreniya-spektri.html"	"tr"	"мета-заголовок"	"ŞİZOFRENİ SPEKTRUMU | KLİNİK PSİKİYATRİ"	"Şizofreni spektrumu | Klinik Psikiyatri"
"02-6A2-sizofreniya-spektri.html"	"tr"	"мета-заголовок"	"ŞİZOFRENİ SPEKTRUMU | KLİNİK PSİKİYATRİ"	"Şizofreni spektrumu | Klinik Psikiyatri"
"02-6A2-sizofreniya-spektri.html"	"tr"	"мета-описание"	"Klinik Psikiyatri — ŞİZOFRENİ SPEKTRUMU"	"Klinik Psikiyatri — Şizofreni spektrumu"
"02-6A2-sizofreniya-spektri.html"	"tr"	"мета-описание"	"Klinik Psikiyatri — ŞİZOFRENİ SPEKTRUMU"	"Klinik Psikiyatri — Şizofreni spektrumu"
"02-6A2-sizofreniya-spektri.html"	"tr"	"json-ld"	"Klinik psikiyatri"	"Klinik Psikiyatri"
"02-6A2-sizofreniya-spektri.html"	"tr"	"подпись-заказа"	"Klinik psikiyatri"	"Klinik Psikiyatri"
"02-6A2-sizofreniya-spektri.html"	"tr"	"шапка-книги"	"Klinik psikiyatri"	"Klinik Psikiyatri"
"03-6A4-katatoniya.html"	"tr"	"мета-заголовок"	"KATATONİ | KLİNİK PSİKİYATRİ"	"Katatoni | Klinik Psikiyatri"
"03-6A4-katatoniya.html"	"tr"	"мета-заголовок"	"KATATONİ | KLİNİK PSİKİYATRİ"	"Katatoni | Klinik Psikiyatri"
"03-6A4-katatoniya.html"	"tr"	"мета-описание"	"Klinik Psixiatriya — KATATONİ"	"Klinik Psikiyatri — Katatoni"
"03-6A4-katatoniya.html"	"tr"	"мета-описание"	"Klinik Psixiatriya — KATATONİ"	"Klinik Psikiyatri — Katatoni"
"03-6A4-katatoniya.html"	"tr"	"json-ld"	"Klinik psikiyatri"	"Klinik Psikiyatri"
"03-6A4-katatoniya.html"	"tr"	"подпись-заказа"	"Klinik psikiyatri"	"Klinik Psikiyatri"
"03-6A4-katatoniya.html"	"tr"	"шапка-книги"	"Klinik psikiyatri"	"Klinik Psikiyatri"
"04-6A6-ehval-pozuntulari.html"	"tr"	"мета-заголовок"	"DUYGUDURUM BOZUKLUKLARI | KLİNİK PSİKİYATRİ"	"Duygudurum bozuklukları | Klinik Psikiyatri"
"04-6A6-ehval-pozuntulari.html"	"tr"	"мета-заголовок"	"DUYGUDURUM BOZUKLUKLARI | KLİNİK PSİKİYATRİ"	"Duygudurum bozuklukları | Klinik Psikiyatri"
"04-6A6-ehval-pozuntulari.html"	"tr"	"мета-описание"	"Klinik Psikiyatri — DUYGUDURUM BOZUKLUKLARI"	"Klinik Psikiyatri — Duygudurum bozuklukları"
"04-6A6-ehval-pozuntulari.html"	"tr"	"мета-описание"	"Klinik Psikiyatri — DUYGUDURUM BOZUKLUKLARI"	"Klinik Psikiyatri — Duygudurum bozuklukları"
"04-6A6-ehval-pozuntulari.html"	"tr"	"json-ld"	"Klinik psikiyatri"	"Klinik Psikiyatri"
"04-6A6-ehval-pozuntulari.html"	"tr"	"подпись-заказа"	"Klinik psikiyatri"	"Klinik Psikiyatri"
"04-6A6-ehval-pozuntulari.html"	"tr"	"шапка-книги"	"Klinik psikiyatri"	"Klinik Psikiyatri"
"04-6A6-ehval-pozuntulari.html"	"tr"	"пунктуация"	"ata-here') === '1'); // группа текущей страницы — сразу раскрыта tgl.addEv"	"(удалено)"
"05-6B0-narahatliq.html"	"tr"	"мета-заголовок"	"ANKSİYETE BOZUKLUKLARI | KLİNİK PSİKİYATRİ"	"Anksiyete bozuklukları | Klinik Psikiyatri"
"05-6B0-narahatliq.html"	"tr"	"мета-заголовок"	"ANKSİYETE BOZUKLUKLARI | KLİNİK PSİKİYATRİ"	"Anksiyete bozuklukları | Klinik Psikiyatri"
"05-6B0-narahatliq.html"	"tr"	"мета-описание"	"Klinik Psixiatriya — ANKSİYETE BOZUKLUKLARI"	"Klinik Psikiyatri — Anksiyete bozuklukları"
"05-6B0-narahatliq.html"	"tr"	"мета-описание"	"Klinik Psixiatriya — ANKSİYETE BOZUKLUKLARI"	"Klinik Psikiyatri — Anksiyete bozuklukları"
"05-6B0-narahatliq.html"	"tr"	"json-ld"	"Klinik psikiyatri"	"Klinik Psikiyatri"
"05-6B0-narahatliq.html"	"tr"	"подпись-заказа"	"Klinik psikiyatri"	"Klinik Psikiyatri"
"05-6B0-narahatliq.html"	"tr"	"шапка-книги"	"Klinik psikiyatri"	"Klinik Psikiyatri"
"06-6B2-okp.html"	"tr"	"мета-заголовок"	"OBSESİF-KOMPULSİF (OKB) | KLİNİK PSİKİYATRİ"	"Obsesif-kompulsif (OKB) | Klinik Psikiyatri"
"06-6B2-okp.html"	"tr"	"мета-заголовок"	"OBSESİF-KOMPULSİF (OKB) | KLİNİK PSİKİYATRİ"	"Obsesif-kompulsif (OKB) | Klinik Psikiyatri"
"06-6B2-okp.html"	"tr"	"мета-описание"	"Klinik Psixiatriya — OBSESİF-KOMPULSİF (OKB)"	"Klinik Psikiyatri — Obsesif-kompulsif (OKB)"
"06-6B2-okp.html"	"tr"	"мета-описание"	"Klinik Psixiatriya — OBSESİF-KOMPULSİF (OKB)"	"Klinik Psikiyatri — Obsesif-kompulsif (OKB)"
"06-6B2-okp.html"	"tr"	"json-ld"	"Klinik psikiyatri"	"Klinik Psikiyatri"
"06-6B2-okp.html"	"tr"	"подпись-заказа"	"Klinik psikiyatri"	"Klinik Psikiyatri"
"06-6B2-okp.html"	"tr"	"шапка-книги"	"Klinik psikiyatri"	"Klinik Psikiyatri"
"07-6B4-stress.html"	"tr"	"мета-заголовок"	"STRESLE İLGİLİ | KLİNİK PSİKİYATRİ"	"Stresle ilgili | Klinik Psikiyatri"
"07-6B4-stress.html"	"tr"	"мета-заголовок"	"STRESLE İLGİLİ | KLİNİK PSİKİYATRİ"	"Stresle ilgili | Klinik Psikiyatri"
"07-6B4-stress.html"	"tr"	"мета-описание"	"Klinik Psikiyatri — STRESLE İLGİLİ"	"Klinik Psikiyatri — Stresle ilgili"
"07-6B4-stress.html"	"tr"	"мета-описание"	"Klinik Psikiyatri — STRESLE İLGİLİ"	"Klinik Psikiyatri — Stresle ilgili"
"07-6B4-stress.html"	"tr"	"json-ld"	"Klinik psikiyatri"	"Klinik Psikiyatri"
"07-6B4-stress.html"	"tr"	"подпись-заказа"	"Klinik psikiyatri"	"Klinik Psikiyatri"
"07-6B4-stress.html"	"tr"	"шапка-книги"	"Klinik psikiyatri"	"Klinik Psikiyatri"
"08-6B6-dissosiativ.html"	"tr"	"мета-заголовок"	"DİSSOSİYATİF BOZUKLUKLAR | KLİNİK PSİKİYATRİ"	"Disosiyatif bozukluklar | Klinik Psikiyatri"
"08-6B6-dissosiativ.html"	"tr"	"мета-заголовок"	"DİSSOSİYATİF BOZUKLUKLAR | KLİNİK PSİKİYATRİ"	"Disosiyatif bozukluklar | Klinik Psikiyatri"
"08-6B6-dissosiativ.html"	"tr"	"мета-описание"	"Klinik Psixiatriya — DİSOSİYATİF BOZUKLUKLAR"	"Klinik Psikiyatri — Disosiyatif bozukluklar"
"08-6B6-dissosiativ.html"	"tr"	"мета-описание"	"Klinik Psixiatriya — DİSOSİYATİF BOZUKLUKLAR"	"Klinik Psikiyatri — Disosiyatif bozukluklar"
"08-6B6-dissosiativ.html"	"tr"	"json-ld"	"Klinik psikiyatri"	"Klinik Psikiyatri"
"08-6B6-dissosiativ.html"	"tr"	"подпись-заказа"	"Klinik psikiyatri"	"Klinik Psikiyatri"
"08-6B6-dissosiativ.html"	"tr"	"шапка-книги"	"Klinik psikiyatri"	"Klinik Psikiyatri"
"09-6B8-qida-qebulu.html"	"tr"	"мета-заголовок"	"YİYECEK ALIM BOZUKLUKLARI | KLİNİK PSİKİYATRİ"	"Yiyecek alım bozuklukları | Klinik Psikiyatri"
"09-6B8-qida-qebulu.html"	"tr"	"мета-заголовок"	"YİYECEK ALIM BOZUKLUKLARI | KLİNİK PSİKİYATRİ"	"Yiyecek alım bozuklukları | Klinik Psikiyatri"
"09-6B8-qida-qebulu.html"	"tr"	"мета-описание"	"Klinik Psixiatriya — YEME BOZUKLUKLARI"	"Klinik Psikiyatri — Yiyecek alım bozuklukları"
"09-6B8-qida-qebulu.html"	"tr"	"мета-описание"	"Klinik Psixiatriya — YEME BOZUKLUKLARI"	"Klinik Psikiyatri — Yiyecek alım bozuklukları"
"09-6B8-qida-qebulu.html"	"tr"	"json-ld"	"Klinik psikiyatri"	"Klinik Psikiyatri"
"09-6B8-qida-qebulu.html"	"tr"	"подпись-заказа"	"Klinik psikiyatri"	"Klinik Psikiyatri"
"09-6B8-qida-qebulu.html"	"tr"	"шапка-книги"	"Klinik psikiyatri"	"Klinik Psikiyatri"
"10-6C0-ifrazat.html"	"tr"	"мета-заголовок"	"BOŞALTIM BOZUKLUKLARI | KLİNİK PSİKİYATRİ"	"Boşaltım bozuklukları | Klinik Psikiyatri"
"10-6C0-ifrazat.html"	"tr"	"мета-заголовок"	"BOŞALTIM BOZUKLUKLARI | KLİNİK PSİKİYATRİ"	"Boşaltım bozuklukları | Klinik Psikiyatri"
"10-6C0-ifrazat.html"	"tr"	"мета-описание"	"Klinik Psikiyatri — BOŞALTIM BOZUKLUKLARI"	"Klinik Psikiyatri — Boşaltım bozuklukları"
"10-6C0-ifrazat.html"	"tr"	"мета-описание"	"Klinik Psikiyatri — BOŞALTIM BOZUKLUKLARI"	"Klinik Psikiyatri — Boşaltım bozuklukları"
"10-6C0-ifrazat.html"	"tr"	"json-ld"	"Klinik psikiyatri"	"Klinik Psikiyatri"
"10-6C0-ifrazat.html"	"tr"	"подпись-заказа"	"Klinik psikiyatri"	"Klinik Psikiyatri"
"10-6C0-ifrazat.html"	"tr"	"шапка-книги"	"Klinik psikiyatri"	"Klinik Psikiyatri"
"11-6C2-bedensel-disstres.html"	"tr"	"мета-заголовок"	"BEDENSEL DİSTRESS | KLİNİK PSİKİYATRİ"	"Bedensel distres | Klinik Psikiyatri"
"11-6C2-bedensel-disstres.html"	"tr"	"мета-заголовок"	"BEDENSEL DİSTRESS | KLİNİK PSİKİYATRİ"	"Bedensel distres | Klinik Psikiyatri"
"11-6C2-bedensel-disstres.html"	"tr"	"мета-описание"	"Klinik Psixiatriya — BEDENSEL SIKINTI"	"Klinik Psikiyatri — Bedensel distres"
"11-6C2-bedensel-disstres.html"	"tr"	"мета-описание"	"Klinik Psixiatriya — BEDENSEL SIKINTI"	"Klinik Psikiyatri — Bedensel distres"
"11-6C2-bedensel-disstres.html"	"tr"	"json-ld"	"Klinik psikiyatri"	"Klinik Psikiyatri"
"11-6C2-bedensel-disstres.html"	"tr"	"подпись-заказа"	"Klinik psikiyatri"	"Klinik Psikiyatri"
"11-6C2-bedensel-disstres.html"	"tr"	"шапка-книги"	"Klinik psikiyatri"	"Klinik Psikiyatri"
"11-6C2-bedensel-disstres.html"	"tr"	"пунктуация"	"ata-here') === '1'); // группа текущей страницы — сразу раскрыта tgl.addEv"	"(удалено)"
"12-6C4-madde-asililiq.html"	"tr"	"мета-заголовок"	"MADDE İLE İLGİLİ | KLİNİK PSİKİYATRİ"	"Madde ile ilgili | Klinik Psikiyatri"
"12-6C4-madde-asililiq.html"	"tr"	"мета-заголовок"	"MADDE İLE İLGİLİ | KLİNİK PSİKİYATRİ"	"Madde ile ilgili | Klinik Psikiyatri"
"12-6C4-madde-asililiq.html"	"tr"	"мета-описание"	"Klinik Psixiatriya — MADDE İLE İLİŞKİLİ"	"Klinik Psikiyatri — Madde ile ilgili"
"12-6C4-madde-asililiq.html"	"tr"	"мета-описание"	"Klinik Psixiatriya — MADDE İLE İLİŞKİLİ"	"Klinik Psikiyatri — Madde ile ilgili"
"12-6C4-madde-asililiq.html"	"tr"	"json-ld"	"Klinik psikiyatri"	"Klinik Psikiyatri"
"12-6C4-madde-asililiq.html"	"tr"	"подпись-заказа"	"Klinik psikiyatri"	"Klinik Psikiyatri"
"12-6C4-madde-asililiq.html"	"tr"	"шапка-книги"	"Klinik psikiyatri"	"Klinik Psikiyatri"
"13-6C7-impuls-nezareti.html"	"tr"	"мета-заголовок"	"DÜRTÜ KONTROLÜ | KLİNİK PSİKİYATRİ"	"Dürtü kontrolü | Klinik Psikiyatri"
"13-6C7-impuls-nezareti.html"	"tr"	"мета-заголовок"	"DÜRTÜ KONTROLÜ | KLİNİK PSİKİYATRİ"	"Dürtü kontrolü | Klinik Psikiyatri"
"13-6C7-impuls-nezareti.html"	"tr"	"мета-описание"	"Klinik Psikiyatri — DÜRTÜ KONTROLÜ"	"Klinik Psikiyatri — Dürtü kontrolü"
"13-6C7-impuls-nezareti.html"	"tr"	"мета-описание"	"Klinik Psikiyatri — DÜRTÜ KONTROLÜ"	"Klinik Psikiyatri — Dürtü kontrolü"
"13-6C7-impuls-nezareti.html"	"tr"	"json-ld"	"Klinik psikiyatri"	"Klinik Psikiyatri"
"13-6C7-impuls-nezareti.html"	"tr"	"подпись-заказа"	"Klinik psikiyatri"	"Klinik Psikiyatri"
"13-6C7-impuls-nezareti.html"	"tr"	"шапка-книги"	"Klinik psikiyatri"	"Klinik Psikiyatri"
"14-6C9-pozucu-davranis.html"	"tr"	"мета-заголовок"	"BOZUCU DAVRANIŞ | KLİNİK PSİKİYATRİ"	"Bozucu davranış | Klinik Psikiyatri"
"14-6C9-pozucu-davranis.html"	"tr"	"мета-заголовок"	"BOZUCU DAVRANIŞ | KLİNİK PSİKİYATRİ"	"Bozucu davranış | Klinik Psikiyatri"
"14-6C9-pozucu-davranis.html"	"tr"	"мета-описание"	"Klinik Psixiatriya — YIKICI DAVRANIŞ"	"Klinik Psikiyatri — Bozucu davranış"
"14-6C9-pozucu-davranis.html"	"tr"	"мета-описание"	"Klinik Psixiatriya — YIKICI DAVRANIŞ"	"Klinik Psikiyatri — Bozucu davranış"
"14-6C9-pozucu-davranis.html"	"tr"	"json-ld"	"Klinik psikiyatri"	"Klinik Psikiyatri"
"14-6C9-pozucu-davranis.html"	"tr"	"подпись-заказа"	"Klinik psikiyatri"	"Klinik Psikiyatri"
"14-6C9-pozucu-davranis.html"	"tr"	"шапка-книги"	"Klinik psikiyatri"	"Klinik Psikiyatri"
"15-6D1-sexsiyyet.html"	"tr"	"мета-заголовок"	"KİŞİLİK BOZUKLUKLARI | KLİNİK PSİKİYATRİ"	"Kişilik bozuklukları | Klinik Psikiyatri"
"15-6D1-sexsiyyet.html"	"tr"	"мета-заголовок"	"KİŞİLİK BOZUKLUKLARI | KLİNİK PSİKİYATRİ"	"Kişilik bozuklukları | Klinik Psikiyatri"
"15-6D1-sexsiyyet.html"	"tr"	"мета-описание"	"Klinik Psikiyatri — KİŞİLİK BOZUKLUKLARI"	"Klinik Psikiyatri — Kişilik bozuklukları"
"15-6D1-sexsiyyet.html"	"tr"	"мета-описание"	"Klinik Psikiyatri — KİŞİLİK BOZUKLUKLARI"	"Klinik Psikiyatri — Kişilik bozuklukları"
"15-6D1-sexsiyyet.html"	"tr"	"json-ld"	"Klinik psikiyatri"	"Klinik Psikiyatri"
"15-6D1-sexsiyyet.html"	"tr"	"подпись-заказа"	"Klinik psikiyatri"	"Klinik Psikiyatri"
"15-6D1-sexsiyyet.html"	"tr"	"шапка-книги"	"Klinik psikiyatri"	"Klinik Psikiyatri"
"16-6D3-parafilik.html"	"tr"	"мета-заголовок"	"PARAFİLİK BOZUKLUKLAR | KLİNİK PSİKİYATRİ"	"Parafilik bozukluklar | Klinik Psikiyatri"
"16-6D3-parafilik.html"	"tr"	"мета-заголовок"	"PARAFİLİK BOZUKLUKLAR | KLİNİK PSİKİYATRİ"	"Parafilik bozukluklar | Klinik Psikiyatri"
"16-6D3-parafilik.html"	"tr"	"мета-описание"	"Klinik Psixiatriya — PARAFİLİK BOZUKLUKLAR"	"Klinik Psikiyatri — Parafilik bozukluklar"
"16-6D3-parafilik.html"	"tr"	"мета-описание"	"Klinik Psixiatriya — PARAFİLİK BOZUKLUKLAR"	"Klinik Psikiyatri — Parafilik bozukluklar"
"16-6D3-parafilik.html"	"tr"	"json-ld"	"Klinik psikiyatri"	"Klinik Psikiyatri"
"16-6D3-parafilik.html"	"tr"	"подпись-заказа"	"Klinik psikiyatri"	"Klinik Psikiyatri"
"16-6D3-parafilik.html"	"tr"	"шапка-книги"	"Klinik psikiyatri"	"Klinik Psikiyatri"
"17-6D5-faktitioz.html"	"tr"	"мета-заголовок"	"FAKTİTİYÖZ BOZUKLUKLAR | KLİNİK PSİKİYATRİ"	"Faktitiyöz bozukluklar | Klinik Psikiyatri"
"17-6D5-faktitioz.html"	"tr"	"мета-заголовок"	"FAKTİTİYÖZ BOZUKLUKLAR | KLİNİK PSİKİYATRİ"	"Faktitiyöz bozukluklar | Klinik Psikiyatri"
"17-6D5-faktitioz.html"	"tr"	"мета-описание"	"Klinik Psixiatriya — FAKTİSYÖZ BOZUKLUKLAR"	"Klinik Psikiyatri — Faktitiyöz bozukluklar"
"17-6D5-faktitioz.html"	"tr"	"мета-описание"	"Klinik Psixiatriya — FAKTİSYÖZ BOZUKLUKLAR"	"Klinik Psikiyatri — Faktitiyöz bozukluklar"
"17-6D5-faktitioz.html"	"tr"	"json-ld"	"Klinik psikiyatri"	"Klinik Psikiyatri"
"17-6D5-faktitioz.html"	"tr"	"подпись-заказа"	"Klinik psikiyatri"	"Klinik Psikiyatri"
"17-6D5-faktitioz.html"	"tr"	"шапка-книги"	"Klinik psikiyatri"	"Klinik Psikiyatri"
"18-6D7-neyrokoqnitiv.html"	"tr"	"мета-заголовок"	"NÖROKOGNİTİF (DEMANS) | KLİNİK PSİKİYATRİ"	"Nörokognitif (demans) | Klinik Psikiyatri"
"18-6D7-neyrokoqnitiv.html"	"tr"	"мета-заголовок"	"NÖROKOGNİTİF (DEMANS) | KLİNİK PSİKİYATRİ"	"Nörokognitif (demans) | Klinik Psikiyatri"
"18-6D7-neyrokoqnitiv.html"	"tr"	"мета-описание"	"Klinik Psixiatriya — NÖROKOGNİTİF (DEMANS)"	"Klinik Psikiyatri — Nörokognitif (demans)"
"18-6D7-neyrokoqnitiv.html"	"tr"	"мета-описание"	"Klinik Psixiatriya — NÖROKOGNİTİF (DEMANS)"	"Klinik Psikiyatri — Nörokognitif (demans)"
"18-6D7-neyrokoqnitiv.html"	"tr"	"json-ld"	"Klinik psikiyatri"	"Klinik Psikiyatri"
"18-6D7-neyrokoqnitiv.html"	"tr"	"подпись-заказа"	"Klinik psikiyatri"	"Klinik Psikiyatri"
"18-6D7-neyrokoqnitiv.html"	"tr"	"шапка-книги"	"Klinik psikiyatri"	"Klinik Psikiyatri"
"19-6E2-perinatal.html"	"tr"	"мета-заголовок"	"PERİNATAL BOZUKLUKLAR | KLİNİK PSİKİYATRİ"	"Perinatal bozukluklar | Klinik Psikiyatri"
"19-6E2-perinatal.html"	"tr"	"мета-заголовок"	"PERİNATAL BOZUKLUKLAR | KLİNİK PSİKİYATRİ"	"Perinatal bozukluklar | Klinik Psikiyatri"
"19-6E2-perinatal.html"	"tr"	"мета-описание"	"Klinik Psixiatriya — PERİNATAL BOZUKLUKLAR"	"Klinik Psikiyatri — Perinatal bozukluklar"
"19-6E2-perinatal.html"	"tr"	"мета-описание"	"Klinik Psixiatriya — PERİNATAL BOZUKLUKLAR"	"Klinik Psikiyatri — Perinatal bozukluklar"
"19-6E2-perinatal.html"	"tr"	"json-ld"	"Klinik psikiyatri"	"Klinik Psikiyatri"
"19-6E2-perinatal.html"	"tr"	"подпись-заказа"	"Klinik psikiyatri"	"Klinik Psikiyatri"
"19-6E2-perinatal.html"	"tr"	"шапка-книги"	"Klinik psikiyatri"	"Klinik Psikiyatri"
"20-6E4-psixosomatik.html"	"tr"	"мета-заголовок"	"PSİKOSOMATİK FAKTÖRLER | KLİNİK PSİKİYATRİ"	"Psikosomatik faktörler | Klinik Psikiyatri"
"20-6E4-psixosomatik.html"	"tr"	"мета-заголовок"	"PSİKOSOMATİK FAKTÖRLER | KLİNİK PSİKİYATRİ"	"Psikosomatik faktörler | Klinik Psikiyatri"
"20-6E4-psixosomatik.html"	"tr"	"мета-описание"	"Klinik Psixiatriya — PSİKOSOMATİK FAKTÖRLER"	"Klinik Psikiyatri — Psikosomatik faktörler"
"20-6E4-psixosomatik.html"	"tr"	"мета-описание"	"Klinik Psixiatriya — PSİKOSOMATİK FAKTÖRLER"	"Klinik Psikiyatri — Psikosomatik faktörler"
"20-6E4-psixosomatik.html"	"tr"	"json-ld"	"Klinik psikiyatri"	"Klinik Psikiyatri"
"20-6E4-psixosomatik.html"	"tr"	"подпись-заказа"	"Klinik psikiyatri"	"Klinik Psikiyatri"
"20-6E4-psixosomatik.html"	"tr"	"шапка-книги"	"Klinik psikiyatri"	"Klinik Psikiyatri"
"21-6E6-ikincili.html"	"tr"	"мета-заголовок"	"İKİNCİL PSİKİYATRİ | KLİNİK PSİKİYATRİ"	"İkincil psikiyatri | Klinik Psikiyatri"
"21-6E6-ikincili.html"	"tr"	"мета-заголовок"	"İKİNCİL PSİKİYATRİ | KLİNİK PSİKİYATRİ"	"İkincil psikiyatri | Klinik Psikiyatri"
"21-6E6-ikincili.html"	"tr"	"мета-описание"	"Klinik Psikiyatri — SEKONDER PSİKİYATRİ"	"Klinik Psikiyatri — İkincil psikiyatri"
"21-6E6-ikincili.html"	"tr"	"мета-описание"	"Klinik Psikiyatri — SEKONDER PSİKİYATRİ"	"Klinik Psikiyatri — İkincil psikiyatri"
"21-6E6-ikincili.html"	"tr"	"json-ld"	"Klinik psikiyatri"	"Klinik Psikiyatri"
"21-6E6-ikincili.html"	"tr"	"подпись-заказа"	"Klinik psikiyatri"	"Klinik Psikiyatri"
"21-6E6-ikincili.html"	"tr"	"шапка-книги"	"Klinik psikiyatri"	"Klinik Psikiyatri"
"22-7AB-yuxu.html"	"tr"	"мета-заголовок"	"UYKU BOZUKLUKLARI | KLİNİK PSİKİYATRİ"	"Uyku bozuklukları | Klinik Psikiyatri"
"22-7AB-yuxu.html"	"tr"	"мета-заголовок"	"UYKU BOZUKLUKLARI | KLİNİK PSİKİYATRİ"	"Uyku bozuklukları | Klinik Psikiyatri"
"22-7AB-yuxu.html"	"tr"	"мета-описание"	"Klinik Psikiyatri — UYKU BOZUKLUKLARI"	"Klinik Psikiyatri — Uyku bozuklukları"
"22-7AB-yuxu.html"	"tr"	"мета-описание"	"Klinik Psikiyatri — UYKU BOZUKLUKLARI"	"Klinik Psikiyatri — Uyku bozuklukları"
"22-7AB-yuxu.html"	"tr"	"json-ld"	"Klinik psikiyatri"	"Klinik Psikiyatri"
"22-7AB-yuxu.html"	"tr"	"подпись-заказа"	"Klinik psikiyatri"	"Klinik Psikiyatri"
"22-7AB-yuxu.html"	"tr"	"шапка-книги"	"Klinik psikiyatri"	"Klinik Psikiyatri"
"23-HA-cinsi-saglamliq.html"	"tr"	"мета-заголовок"	"CİNSEL SAĞLIK | KLİNİK PSİKİYATRİ"	"Cinsel sağlık | Klinik Psikiyatri"
"23-HA-cinsi-saglamliq.html"	"tr"	"мета-заголовок"	"CİNSEL SAĞLIK | KLİNİK PSİKİYATRİ"	"Cinsel sağlık | Klinik Psikiyatri"
"23-HA-cinsi-saglamliq.html"	"tr"	"мета-описание"	"Klinik Psixiatriya — CİNSEL SAĞLIK"	"Klinik Psikiyatri — Cinsel sağlık"
"23-HA-cinsi-saglamliq.html"	"tr"	"мета-описание"	"Klinik Psixiatriya — CİNSEL SAĞLIK"	"Klinik Psikiyatri — Cinsel sağlık"
"23-HA-cinsi-saglamliq.html"	"tr"	"json-ld"	"Klinik psikiyatri"	"Klinik Psikiyatri"
"23-HA-cinsi-saglamliq.html"	"tr"	"подпись-заказа"	"Klinik psikiyatri"	"Klinik Psikiyatri"
"23-HA-cinsi-saglamliq.html"	"tr"	"шапка-книги"	"Klinik psikiyatri"	"Klinik Psikiyatri"
"6A00.html"	"tr"	"мета-заголовок"	"BİLİŞSEL GELİŞİM BOZUKLUKLARI | KLİNİK PSİKİYATRİ"	"Bilişsel gelişim bozuklukları | Klinik Psikiyatri"
"6A00.html"	"tr"	"мета-заголовок"	"BİLİŞSEL GELİŞİM BOZUKLUKLARI | KLİNİK PSİKİYATRİ"	"Bilişsel gelişim bozuklukları | Klinik Psikiyatri"
"6A00.html"	"tr"	"мета-описание"	"Klinik Psikiyatri — ENTELEKTÜEL GELİŞİM BOZUKLUĞU"	"Klinik Psikiyatri — Bilişsel gelişim bozuklukları"
"6A00.html"	"tr"	"мета-описание"	"Klinik Psikiyatri — ENTELEKTÜEL GELİŞİM BOZUKLUĞU"	"Klinik Psikiyatri — Bilişsel gelişim bozuklukları"
"6A00.html"	"tr"	"json-ld"	"Klinik psikiyatri"	"Klinik Psikiyatri"
"6A00.html"	"tr"	"подпись-заказа"	"Klinik psikiyatri"	"Klinik Psikiyatri"
"6A00.html"	"tr"	"шапка-книги"	"Klinik psikiyatri"	"Klinik Psikiyatri"
"6A01.html"	"tr"	"мета-заголовок"	"GELİŞİMSEL KONUŞMA VEYA DİL BOZUKLUKLARI | KLİNİK PSİKİYATRİ"	"Gelişimsel konuşma veya dil bozuklukları | Klinik Psikiyatri"
"6A01.html"	"tr"	"мета-заголовок"	"GELİŞİMSEL KONUŞMA VEYA DİL BOZUKLUKLARI | KLİNİK PSİKİYATRİ"	"Gelişimsel konuşma veya dil bozuklukları | Klinik Psikiyatri"
"6A01.html"	"tr"	"мета-описание"	"Klinik Psikiyatri — GELİŞİMSEL KONUŞMA VE DİL BOZUKLUKLARI"	"Klinik Psikiyatri — Gelişimsel konuşma veya dil bozuklukları"
"6A01.html"	"tr"	"мета-описание"	"Klinik Psikiyatri — GELİŞİMSEL KONUŞMA VE DİL BOZUKLUKLARI"	"Klinik Psikiyatri — Gelişimsel konuşma veya dil bozuklukları"
"6A01.html"	"tr"	"json-ld"	"Klinik psikiyatri"	"Klinik Psikiyatri"
"6A01.html"	"tr"	"подпись-заказа"	"Klinik psikiyatri"	"Klinik Psikiyatri"
"6A01.html"	"tr"	"шапка-книги"	"Klinik psikiyatri"	"Klinik Psikiyatri"
"6A02.html"	"tr"	"мета-заголовок"	"OTİZM SPEKTRUM BOZUKLUĞU (OSB) | KLİNİK PSİKİYATRİ"	"Otizm spektrum bozukluğu (OSB) | Klinik Psikiyatri"
"6A02.html"	"tr"	"мета-заголовок"	"OTİZM SPEKTRUM BOZUKLUĞU (OSB) | KLİNİK PSİKİYATRİ"	"Otizm spektrum bozukluğu (OSB) | Klinik Psikiyatri"
"6A02.html"	"tr"	"мета-описание"	"Klinik Psixiatriya — OTİZM SPEKTRUM BOZUKLUĞU (ASD)"	"Klinik Psikiyatri — Otizm spektrum bozukluğu (OSB)"
"6A02.html"	"tr"	"мета-описание"	"Klinik Psixiatriya — OTİZM SPEKTRUM BOZUKLUĞU (ASD)"	"Klinik Psikiyatri — Otizm spektrum bozukluğu (OSB)"
"6A02.html"	"tr"	"json-ld"	"Klinik psikiyatri"	"Klinik Psikiyatri"
"6A02.html"	"tr"	"подпись-заказа"	"Klinik psikiyatri"	"Klinik Psikiyatri"
"6A02.html"	"tr"	"шапка-книги"	"Klinik psikiyatri"	"Klinik Psikiyatri"
"6A03.html"	"tr"	"мета-заголовок"	"GELİŞİMSEL ÖĞRENME BOZUKLUĞU | KLİNİK PSİKİYATRİ"	"Gelişimsel öğrenme bozukluğu | Klinik Psikiyatri"
"6A03.html"	"tr"	"мета-заголовок"	"GELİŞİMSEL ÖĞRENME BOZUKLUĞU | KLİNİK PSİKİYATRİ"	"Gelişimsel öğrenme bozukluğu | Klinik Psikiyatri"
"6A03.html"	"tr"	"мета-описание"	"Klinik Psikiyatri — SPESİFİK ÖĞRENME BOZUKLUĞU"	"Klinik Psikiyatri — Gelişimsel öğrenme bozukluğu"
"6A03.html"	"tr"	"мета-описание"	"Klinik Psikiyatri — SPESİFİK ÖĞRENME BOZUKLUĞU"	"Klinik Psikiyatri — Gelişimsel öğrenme bozukluğu"
"6A03.html"	"tr"	"json-ld"	"Klinik psikiyatri"	"Klinik Psikiyatri"
"6A03.html"	"tr"	"подпись-заказа"	"Klinik psikiyatri"	"Klinik Psikiyatri"
"6A03.html"	"tr"	"шапка-книги"	"Klinik psikiyatri"	"Klinik Psikiyatri"
"6A04.html"	"tr"	"мета-заголовок"	"GELİŞİMSEL MOTOR KOORDİNASYON BOZUKLUĞU (DCD) | KLİNİK PSİKİYATRİ"	"Gelişimsel motor koordinasyon bozukluğu (DCD) | Klinik Psikiyatri"
"6A04.html"	"tr"	"мета-заголовок"	"GELİŞİMSEL MOTOR KOORDİNASYON BOZUKLUĞU (DCD) | KLİNİK PSİKİYATRİ"	"Gelişimsel motor koordinasyon bozukluğu (DCD) | Klinik Psikiyatri"
"6A04.html"	"tr"	"мета-описание"	"Klinik Psikiyatri — GELİŞİMSEL MOTOR KOORDİNASYON BOZUKLUĞU (DCD)"	"Klinik Psikiyatri — Gelişimsel motor koordinasyon bozukluğu (DCD)"
"6A04.html"	"tr"	"мета-описание"	"Klinik Psikiyatri — GELİŞİMSEL MOTOR KOORDİNASYON BOZUKLUĞU (DCD)"	"Klinik Psikiyatri — Gelişimsel motor koordinasyon bozukluğu (DCD)"
"6A04.html"	"tr"	"json-ld"	"Klinik psikiyatri"	"Klinik Psikiyatri"
"6A04.html"	"tr"	"подпись-заказа"	"Klinik psikiyatri"	"Klinik Psikiyatri"
"6A04.html"	"tr"	"шапка-книги"	"Klinik psikiyatri"	"Klinik Psikiyatri"
"6A05.html"	"tr"	"мета-заголовок"	"Yönlendiriliyor — DEHB (6A05) | KLİNİK PSİXİATRİYA"	"Yönlendiriliyor — DEHB (6A05) | Klinik Psikiyatri"
"6A06.html"	"tr"	"мета-заголовок"	"BASMAKALIP HAREKET BOZUKLUĞU | KLİNİK PSİKİYATRİ"	"Basmakalıp hareket bozukluğu | Klinik Psikiyatri"
"6A06.html"	"tr"	"мета-заголовок"	"BASMAKALIP HAREKET BOZUKLUĞU | KLİNİK PSİKİYATRİ"	"Basmakalıp hareket bozukluğu | Klinik Psikiyatri"
"6A06.html"	"tr"	"мета-описание"	"Klinik Psikiyatri — STEREOTİPİK HAREKET BOZUKLUĞU"	"Klinik Psikiyatri — Basmakalıp hareket bozukluğu"
"6A06.html"	"tr"	"мета-описание"	"Klinik Psikiyatri — STEREOTİPİK HAREKET BOZUKLUĞU"	"Klinik Psikiyatri — Basmakalıp hareket bozukluğu"
"6A06.html"	"tr"	"json-ld"	"Klinik psikiyatri"	"Klinik Psikiyatri"
"6A06.html"	"tr"	"подпись-заказа"	"Klinik psikiyatri"	"Klinik Psikiyatri"
"6A06.html"	"tr"	"шапка-книги"	"Klinik psikiyatri"	"Klinik Psikiyatri"
"6A20.html"	"tr"	"мета-заголовок"	"ŞİZOFRENİ | KLİNİK PSİKİYATRİ"	"Şizofreni | Klinik Psikiyatri"
"6A20.html"	"tr"	"мета-заголовок"	"ŞİZOFRENİ | KLİNİK PSİKİYATRİ"	"Şizofreni | Klinik Psikiyatri"
"6A20.html"	"tr"	"мета-описание"	"Klinik Psikiyatri — ŞİZOFRENİ"	"Klinik Psikiyatri — Şizofreni"
"6A20.html"	"tr"	"мета-описание"	"Klinik Psikiyatri — ŞİZOFRENİ"	"Klinik Psikiyatri — Şizofreni"
"6A20.html"	"tr"	"json-ld"	"Klinik psikiyatri"	"Klinik Psikiyatri"
"6A20.html"	"tr"	"подпись-заказа"	"Klinik psikiyatri"	"Klinik Psikiyatri"
"6A20.html"	"tr"	"шапка-книги"	"Klinik psikiyatri"	"Klinik Psikiyatri"
"6A21.html"	"tr"	"мета-заголовок"	"ŞİZOAFEKTİF BOZUKLUK | KLİNİK PSİKİYATRİ"	"Şizoafektif bozukluk | Klinik Psikiyatri"
"6A21.html"	"tr"	"мета-заголовок"	"ŞİZOAFEKTİF BOZUKLUK | KLİNİK PSİKİYATRİ"	"Şizoafektif bozukluk | Klinik Psikiyatri"
"6A21.html"	"tr"	"мета-описание"	"Klinik Psikiyatri — ŞİZOAFEKTİF BOZUKLUK"	"Klinik Psikiyatri — Şizoafektif bozukluk"
"6A21.html"	"tr"	"мета-описание"	"Klinik Psikiyatri — ŞİZOAFEKTİF BOZUKLUK"	"Klinik Psikiyatri — Şizoafektif bozukluk"
"6A21.html"	"tr"	"json-ld"	"Klinik psikiyatri"	"Klinik Psikiyatri"
"6A21.html"	"tr"	"подпись-заказа"	"Klinik psikiyatri"	"Klinik Psikiyatri"
"6A21.html"	"tr"	"шапка-книги"	"Klinik psikiyatri"	"Klinik Psikiyatri"
"6A22.html"	"tr"	"мета-заголовок"	"ŞİZOTİPAL BOZUKLUK | KLİNİK PSİKİYATRİ"	"Şizotipal bozukluk | Klinik Psikiyatri"
"6A22.html"	"tr"	"мета-заголовок"	"ŞİZOTİPAL BOZUKLUK | KLİNİK PSİKİYATRİ"	"Şizotipal bozukluk | Klinik Psikiyatri"
"6A22.html"	"tr"	"мета-описание"	"Klinik Psikiyatri — ŞİZOTİPİK BOZUKLUK"	"Klinik Psikiyatri — Şizotipal bozukluk"
"6A22.html"	"tr"	"мета-описание"	"Klinik Psikiyatri — ŞİZOTİPİK BOZUKLUK"	"Klinik Psikiyatri — Şizotipal bozukluk"
"6A22.html"	"tr"	"json-ld"	"Klinik psikiyatri"	"Klinik Psikiyatri"
"6A22.html"	"tr"	"подпись-заказа"	"Klinik psikiyatri"	"Klinik Psikiyatri"
"6A22.html"	"tr"	"шапка-книги"	"Klinik psikiyatri"	"Klinik Psikiyatri"
"6A23.html"	"tr"	"мета-заголовок"	"AKUT VE GEÇİCİ PSİKOTİK BOZUKLUK | KLİNİK PSİKİYATRİ"	"Akut ve geçici psikotik bozukluk | Klinik Psikiyatri"
"6A23.html"	"tr"	"мета-заголовок"	"AKUT VE GEÇİCİ PSİKOTİK BOZUKLUK | KLİNİK PSİKİYATRİ"	"Akut ve geçici psikotik bozukluk | Klinik Psikiyatri"
"6A23.html"	"tr"	"мета-описание"	"Klinik Psixiatriya — AKUT VE GEÇİCİ PSİKOTİK BOZUKLUK"	"Klinik Psikiyatri — Akut ve geçici psikotik bozukluk"
"6A23.html"	"tr"	"мета-описание"	"Klinik Psixiatriya — AKUT VE GEÇİCİ PSİKOTİK BOZUKLUK"	"Klinik Psikiyatri — Akut ve geçici psikotik bozukluk"
"6A23.html"	"tr"	"json-ld"	"Klinik psikiyatri"	"Klinik Psikiyatri"
"6A23.html"	"tr"	"подпись-заказа"	"Klinik psikiyatri"	"Klinik Psikiyatri"
"6A23.html"	"tr"	"шапка-книги"	"Klinik psikiyatri"	"Klinik Psikiyatri"
"6A24.html"	"tr"	"мета-заголовок"	"SANRILI BOZUKLUK | KLİNİK PSİKİYATRİ"	"Sanrılı bozukluk | Klinik Psikiyatri"
"6A24.html"	"tr"	"мета-заголовок"	"SANRILI BOZUKLUK | KLİNİK PSİKİYATRİ"	"Sanrılı bozukluk | Klinik Psikiyatri"
"6A24.html"	"tr"	"мета-описание"	"Klinik Psikiyatri — SANRILI BOZUKLUK"	"Klinik Psikiyatri — Sanrılı bozukluk"
"6A24.html"	"tr"	"мета-описание"	"Klinik Psikiyatri — SANRILI BOZUKLUK"	"Klinik Psikiyatri — Sanrılı bozukluk"
"6A24.html"	"tr"	"json-ld"	"Klinik psikiyatri"	"Klinik Psikiyatri"
"6A24.html"	"tr"	"подпись-заказа"	"Klinik psikiyatri"	"Klinik Psikiyatri"
"6A24.html"	"tr"	"шапка-книги"	"Klinik psikiyatri"	"Klinik Psikiyatri"
"6A25.html"	"tr"	"мета-заголовок"	"PRİMER PSİKOTİK BOZUKLUKLARIN BELİRTİSEL GÖRÜNÜMLERİ | KLİNİK PSİKİYATRİ"	"Primer psikotik bozuklukların belirtisel görünümleri | Klinik Psikiyatri"
"6A25.html"	"tr"	"мета-заголовок"	"PRİMER PSİKOTİK BOZUKLUKLARIN BELİRTİSEL GÖRÜNÜMLERİ | KLİNİK PSİKİYATRİ"	"Primer psikotik bozuklukların belirtisel görünümleri | Klinik Psikiyatri"
"6A25.html"	"tr"	"мета-описание"	"Klinik Psikiyatri — PRİMER PSİKOTİK BOZUKLUKLARIN SEMPTOM DOMENLERİ"	"Klinik Psikiyatri — Primer psikotik bozuklukların belirtisel görünümleri"
"6A25.html"	"tr"	"мета-описание"	"Klinik Psikiyatri — PRİMER PSİKOTİK BOZUKLUKLARIN SEMPTOM DOMENLERİ"	"Klinik Psikiyatri — Primer psikotik bozuklukların belirtisel görünümleri"
"6A25.html"	"tr"	"json-ld"	"Klinik psikiyatri"	"Klinik Psikiyatri"
"6A25.html"	"tr"	"подпись-заказа"	"Klinik psikiyatri"	"Klinik Psikiyatri"
"6A25.html"	"tr"	"шапка-книги"	"Klinik psikiyatri"	"Klinik Psikiyatri"
"6A40.html"	"tr"	"мета-заголовок"	"DİĞER BİR RUHSAL BOZUKLUKLA İLİŞKİLİ KATATONİ | KLİNİK PSİKİYATRİ"	"Diğer bir ruhsal bozuklukla ilişkili katatoni | Klinik Psikiyatri"
"6A40.html"	"tr"	"мета-заголовок"	"DİĞER BİR RUHSAL BOZUKLUKLA İLİŞKİLİ KATATONİ | KLİNİK PSİKİYATRİ"	"Diğer bir ruhsal bozuklukla ilişkili katatoni | Klinik Psikiyatri"
"6A40.html"	"tr"	"мета-описание"	"Klinik Psixiatriya — KATATONİ — GENEL İLKELER"	"Klinik Psikiyatri — Diğer bir ruhsal bozuklukla ilişkili katatoni"
"6A40.html"	"tr"	"мета-описание"	"Klinik Psixiatriya — KATATONİ — GENEL İLKELER"	"Klinik Psikiyatri — Diğer bir ruhsal bozuklukla ilişkili katatoni"
"6A40.html"	"tr"	"json-ld"	"Klinik psikiyatri"	"Klinik Psikiyatri"
"6A40.html"	"tr"	"подпись-заказа"	"Klinik psikiyatri"	"Klinik Psikiyatri"
"6A40.html"	"tr"	"шапка-книги"	"Klinik psikiyatri"	"Klinik Psikiyatri"
"6A60.html"	"tr"	"мета-заголовок"	"BİPOLAR BOZUKLUK TİP I | KLİNİK PSİKİYATRİ"	"Bipolar bozukluk tip I | Klinik Psikiyatri"
"6A60.html"	"tr"	"мета-заголовок"	"BİPOLAR BOZUKLUK TİP I | KLİNİK PSİKİYATRİ"	"Bipolar bozukluk tip I | Klinik Psikiyatri"
"6A60.html"	"tr"	"мета-описание"	"Klinik Psixiatriya — BİPOLAR BOZUKLUK TİP I"	"Klinik Psikiyatri — Bipolar bozukluk tip I"
"6A60.html"	"tr"	"мета-описание"	"Klinik Psixiatriya — BİPOLAR BOZUKLUK TİP I"	"Klinik Psikiyatri — Bipolar bozukluk tip I"
"6A60.html"	"tr"	"json-ld"	"Klinik psikiyatri"	"Klinik Psikiyatri"
"6A60.html"	"tr"	"подпись-заказа"	"Klinik psikiyatri"	"Klinik Psikiyatri"
"6A60.html"	"tr"	"шапка-книги"	"Klinik psikiyatri"	"Klinik Psikiyatri"
"6A61.html"	"tr"	"мета-заголовок"	"BİPOLAR BOZUKLUK TİP II | KLİNİK PSİKİYATRİ"	"Bipolar bozukluk tip II | Klinik Psikiyatri"
"6A61.html"	"tr"	"мета-заголовок"	"BİPOLAR BOZUKLUK TİP II | KLİNİK PSİKİYATRİ"	"Bipolar bozukluk tip II | Klinik Psikiyatri"
"6A61.html"	"tr"	"мета-описание"	"Klinik Psixiatriya — BİPOLAR BOZUKLUK TİP II"	"Klinik Psikiyatri — Bipolar bozukluk tip II"
"6A61.html"	"tr"	"мета-описание"	"Klinik Psixiatriya — BİPOLAR BOZUKLUK TİP II"	"Klinik Psikiyatri — Bipolar bozukluk tip II"
"6A61.html"	"tr"	"json-ld"	"Klinik psikiyatri"	"Klinik Psikiyatri"
"6A61.html"	"tr"	"подпись-заказа"	"Klinik psikiyatri"	"Klinik Psikiyatri"
"6A61.html"	"tr"	"шапка-книги"	"Klinik psikiyatri"	"Klinik Psikiyatri"
"6A62.html"	"tr"	"мета-заголовок"	"SİKLOTİMİK BOZUKLUK | KLİNİK PSİKİYATRİ"	"Siklotimik bozukluk | Klinik Psikiyatri"
"6A62.html"	"tr"	"мета-заголовок"	"SİKLOTİMİK BOZUKLUK | KLİNİK PSİKİYATRİ"	"Siklotimik bozukluk | Klinik Psikiyatri"
"6A62.html"	"tr"	"мета-описание"	"Klinik Psikiyatri — SİKLOTİMİK BOZUKLUK"	"Klinik Psikiyatri — Siklotimik bozukluk"
"6A62.html"	"tr"	"мета-описание"	"Klinik Psikiyatri — SİKLOTİMİK BOZUKLUK"	"Klinik Psikiyatri — Siklotimik bozukluk"
"6A62.html"	"tr"	"json-ld"	"Klinik psikiyatri"	"Klinik Psikiyatri"
"6A62.html"	"tr"	"подпись-заказа"	"Klinik psikiyatri"	"Klinik Psikiyatri"
"6A62.html"	"tr"	"шапка-книги"	"Klinik psikiyatri"	"Klinik Psikiyatri"
"6A70.html"	"tr"	"мета-заголовок"	"TEK DÖNEM DEPRESİF BOZUKLUK | KLİNİK PSİKİYATRİ"	"Tek dönem depresif bozukluk | Klinik Psikiyatri"
"6A70.html"	"tr"	"мета-заголовок"	"TEK DÖNEM DEPRESİF BOZUKLUK | KLİNİK PSİKİYATRİ"	"Tek dönem depresif bozukluk | Klinik Psikiyatri"
"6A70.html"	"tr"	"мета-описание"	"Klinik Psikiyatri — TEK EPİZODLU DEPRESİF BOZUKLUK"	"Klinik Psikiyatri — Tek dönem depresif bozukluk"
"6A70.html"	"tr"	"мета-описание"	"Klinik Psikiyatri — TEK EPİZODLU DEPRESİF BOZUKLUK"	"Klinik Psikiyatri — Tek dönem depresif bozukluk"
"6A70.html"	"tr"	"json-ld"	"Klinik psikiyatri"	"Klinik Psikiyatri"
"6A70.html"	"tr"	"подпись-заказа"	"Klinik psikiyatri"	"Klinik Psikiyatri"
"6A70.html"	"tr"	"шапка-книги"	"Klinik psikiyatri"	"Klinik Psikiyatri"
"6A71.html"	"tr"	"мета-заголовок"	"YİNELEYİCİ DEPRESİF BOZUKLUK | KLİNİK PSİKİYATRİ"	"Yineleyici depresif bozukluk | Klinik Psikiyatri"
"6A71.html"	"tr"	"мета-заголовок"	"YİNELEYİCİ DEPRESİF BOZUKLUK | KLİNİK PSİKİYATRİ"	"Yineleyici depresif bozukluk | Klinik Psikiyatri"
"6A71.html"	"tr"	"мета-описание"	"Klinik Psikiyatri — TEKRARLAYAN DEPRESİF BOZUKLUK"	"Klinik Psikiyatri — Yineleyici depresif bozukluk"
"6A71.html"	"tr"	"мета-описание"	"Klinik Psikiyatri — TEKRARLAYAN DEPRESİF BOZUKLUK"	"Klinik Psikiyatri — Yineleyici depresif bozukluk"
"6A71.html"	"tr"	"json-ld"	"Klinik psikiyatri"	"Klinik Psikiyatri"
"6A71.html"	"tr"	"подпись-заказа"	"Klinik psikiyatri"	"Klinik Psikiyatri"
"6A71.html"	"tr"	"шапка-книги"	"Klinik psikiyatri"	"Klinik Psikiyatri"
"6A72.html"	"tr"	"мета-заголовок"	"DİSTİMİK BOZUKLUK | KLİNİK PSİKİYATRİ"	"Distimik bozukluk | Klinik Psikiyatri"
"6A72.html"	"tr"	"мета-заголовок"	"DİSTİMİK BOZUKLUK | KLİNİK PSİKİYATRİ"	"Distimik bozukluk | Klinik Psikiyatri"
"6A72.html"	"tr"	"мета-описание"	"Klinik Psixiatriya — DİSTİMİK BOZUKLUK"	"Klinik Psikiyatri — Distimik bozukluk"
"6A72.html"	"tr"	"мета-описание"	"Klinik Psixiatriya — DİSTİMİK BOZUKLUK"	"Klinik Psikiyatri — Distimik bozukluk"
"6A72.html"	"tr"	"json-ld"	"Klinik psikiyatri"	"Klinik Psikiyatri"
"6A72.html"	"tr"	"подпись-заказа"	"Klinik psikiyatri"	"Klinik Psikiyatri"
"6A72.html"	"tr"	"шапка-книги"	"Klinik psikiyatri"	"Klinik Psikiyatri"
"6B00.html"	"tr"	"мета-заголовок"	"YAYGIN ANKSİYETE BOZUKLUĞU (YAB) | KLİNİK PSİKİYATRİ"	"Yaygın anksiyete bozukluğu (YAB) | Klinik Psikiyatri"
"6B00.html"	"tr"	"мета-заголовок"	"YAYGIN ANKSİYETE BOZUKLUĞU (YAB) | KLİNİK PSİKİYATRİ"	"Yaygın anksiyete bozukluğu (YAB) | Klinik Psikiyatri"
"6B00.html"	"tr"	"мета-описание"	"Klinik Psixiatriya — YAYGIN ANKSİYETE BOZUKLUĞU (YAB)"	"Klinik Psikiyatri — Yaygın anksiyete bozukluğu (YAB)"
"6B00.html"	"tr"	"мета-описание"	"Klinik Psixiatriya — YAYGIN ANKSİYETE BOZUKLUĞU (YAB)"	"Klinik Psikiyatri — Yaygın anksiyete bozukluğu (YAB)"
"6B00.html"	"tr"	"json-ld"	"Klinik psikiyatri"	"Klinik Psikiyatri"
"6B00.html"	"tr"	"подпись-заказа"	"Klinik psikiyatri"	"Klinik Psikiyatri"
"6B00.html"	"tr"	"шапка-книги"	"Klinik psikiyatri"	"Klinik Psikiyatri"
"6B01.html"	"tr"	"мета-заголовок"	"PANİK BOZUKLUĞU | KLİNİK PSİKİYATRİ"	"Panik bozukluğu | Klinik Psikiyatri"
"6B01.html"	"tr"	"мета-заголовок"	"PANİK BOZUKLUĞU | KLİNİK PSİKİYATRİ"	"Panik bozukluğu | Klinik Psikiyatri"
"6B01.html"	"tr"	"мета-описание"	"Klinik Psixiatriya — PANİK BOZUKLUK"	"Klinik Psikiyatri — Panik bozukluğu"
"6B01.html"	"tr"	"мета-описание"	"Klinik Psixiatriya — PANİK BOZUKLUK"	"Klinik Psikiyatri — Panik bozukluğu"
"6B01.html"	"tr"	"json-ld"	"Klinik psikiyatri"	"Klinik Psikiyatri"
"6B01.html"	"tr"	"подпись-заказа"	"Klinik psikiyatri"	"Klinik Psikiyatri"
"6B01.html"	"tr"	"шапка-книги"	"Klinik psikiyatri"	"Klinik Psikiyatri"
"6B02.html"	"tr"	"мета-заголовок"	"AGORAFOBİ | KLİNİK PSİKİYATRİ"	"Agorafobi | Klinik Psikiyatri"
"6B02.html"	"tr"	"мета-заголовок"	"AGORAFOBİ | KLİNİK PSİKİYATRİ"	"Agorafobi | Klinik Psikiyatri"
"6B02.html"	"tr"	"мета-описание"	"Klinik Psikiyatri — AGORAFOBİ"	"Klinik Psikiyatri — Agorafobi"
"6B02.html"	"tr"	"мета-описание"	"Klinik Psikiyatri — AGORAFOBİ"	"Klinik Psikiyatri — Agorafobi"
"6B02.html"	"tr"	"json-ld"	"Klinik psikiyatri"	"Klinik Psikiyatri"
"6B02.html"	"tr"	"подпись-заказа"	"Klinik psikiyatri"	"Klinik Psikiyatri"
"6B02.html"	"tr"	"шапка-книги"	"Klinik psikiyatri"	"Klinik Psikiyatri"
"6B03.html"	"tr"	"мета-заголовок"	"ÖZGÜL FOBİ | KLİNİK PSİKİYATRİ"	"Özgül fobi | Klinik Psikiyatri"
"6B03.html"	"tr"	"мета-заголовок"	"ÖZGÜL FOBİ | KLİNİK PSİKİYATRİ"	"Özgül fobi | Klinik Psikiyatri"
"6B03.html"	"tr"	"мета-описание"	"Klinik Psikiyatri — SPESİFİK FOBİ"	"Klinik Psikiyatri — Özgül fobi"
"6B03.html"	"tr"	"мета-описание"	"Klinik Psikiyatri — SPESİFİK FOBİ"	"Klinik Psikiyatri — Özgül fobi"
"6B03.html"	"tr"	"json-ld"	"Klinik psikiyatri"	"Klinik Psikiyatri"
"6B03.html"	"tr"	"подпись-заказа"	"Klinik psikiyatri"	"Klinik Psikiyatri"
"6B03.html"	"tr"	"шапка-книги"	"Klinik psikiyatri"	"Klinik Psikiyatri"
"6B04.html"	"tr"	"мета-заголовок"	"SOSYAL ANKSİYETE BOZUKLUĞU | KLİNİK PSİKİYATRİ"	"Sosyal anksiyete bozukluğu | Klinik Psikiyatri"
"6B04.html"	"tr"	"мета-заголовок"	"SOSYAL ANKSİYETE BOZUKLUĞU | KLİNİK PSİKİYATRİ"	"Sosyal anksiyete bozukluğu | Klinik Psikiyatri"
"6B04.html"	"tr"	"мета-описание"	"Klinik Psikiyatri — SOSYAL ANKSİYETE BOZUKLUĞU"	"Klinik Psikiyatri — Sosyal anksiyete bozukluğu"
"6B04.html"	"tr"	"мета-описание"	"Klinik Psikiyatri — SOSYAL ANKSİYETE BOZUKLUĞU"	"Klinik Psikiyatri — Sosyal anksiyete bozukluğu"
"6B04.html"	"tr"	"json-ld"	"Klinik psikiyatri"	"Klinik Psikiyatri"
"6B04.html"	"tr"	"подпись-заказа"	"Klinik psikiyatri"	"Klinik Psikiyatri"
"6B04.html"	"tr"	"шапка-книги"	"Klinik psikiyatri"	"Klinik Psikiyatri"
"6B05.html"	"tr"	"мета-заголовок"	"AYRILIK ANKSİYETESİ BOZUKLUĞU | KLİNİK PSİKİYATRİ"	"Ayrılık anksiyetesi bozukluğu | Klinik Psikiyatri"
"6B05.html"	"tr"	"мета-заголовок"	"AYRILIK ANKSİYETESİ BOZUKLUĞU | KLİNİK PSİKİYATRİ"	"Ayrılık anksiyetesi bozukluğu | Klinik Psikiyatri"
"6B05.html"	"tr"	"мета-описание"	"Klinik Psixiatriya — AYRILMA ANKSİYETESİ BOZUKLUĞU"	"Klinik Psikiyatri — Ayrılık anksiyetesi bozukluğu"
"6B05.html"	"tr"	"мета-описание"	"Klinik Psixiatriya — AYRILMA ANKSİYETESİ BOZUKLUĞU"	"Klinik Psikiyatri — Ayrılık anksiyetesi bozukluğu"
"6B05.html"	"tr"	"json-ld"	"Klinik psikiyatri"	"Klinik Psikiyatri"
"6B05.html"	"tr"	"подпись-заказа"	"Klinik psikiyatri"	"Klinik Psikiyatri"
"6B05.html"	"tr"	"шапка-книги"	"Klinik psikiyatri"	"Klinik Psikiyatri"
"6B06.html"	"tr"	"мета-заголовок"	"SEÇİCİ MUTİZM | KLİNİK PSİKİYATRİ"	"Seçici mutizm | Klinik Psikiyatri"
"6B06.html"	"tr"	"мета-заголовок"	"SEÇİCİ MUTİZM | KLİNİK PSİKİYATRİ"	"Seçici mutizm | Klinik Psikiyatri"
"6B06.html"	"tr"	"мета-описание"	"Klinik Psikiyatri — SELEKTİF MUTİZM"	"Klinik Psikiyatri — Seçici mutizm"
"6B06.html"	"tr"	"мета-описание"	"Klinik Psikiyatri — SELEKTİF MUTİZM"	"Klinik Psikiyatri — Seçici mutizm"
"6B06.html"	"tr"	"json-ld"	"Klinik psikiyatri"	"Klinik Psikiyatri"
"6B06.html"	"tr"	"подпись-заказа"	"Klinik psikiyatri"	"Klinik Psikiyatri"
"6B06.html"	"tr"	"шапка-книги"	"Klinik psikiyatri"	"Klinik Psikiyatri"
"6B20.html"	"tr"	"мета-заголовок"	"OBSESİF-KOMPULSİF BOZUKLUK (OKB) | KLİNİK PSİKİYATRİ"	"Obsesif-kompulsif bozukluk (OKB) | Klinik Psikiyatri"
"6B20.html"	"tr"	"мета-заголовок"	"OBSESİF-KOMPULSİF BOZUKLUK (OKB) | KLİNİK PSİKİYATRİ"	"Obsesif-kompulsif bozukluk (OKB) | Klinik Psikiyatri"
"6B20.html"	"tr"	"мета-описание"	"Klinik Psixiatriya — OBSESİF-KOMPULSİF BOZUKLUK (OKB)"	"Klinik Psikiyatri — Obsesif-kompulsif bozukluk (OKB)"
"6B20.html"	"tr"	"мета-описание"	"Klinik Psixiatriya — OBSESİF-KOMPULSİF BOZUKLUK (OKB)"	"Klinik Psikiyatri — Obsesif-kompulsif bozukluk (OKB)"
"6B20.html"	"tr"	"json-ld"	"Klinik psikiyatri"	"Klinik Psikiyatri"
"6B20.html"	"tr"	"подпись-заказа"	"Klinik psikiyatri"	"Klinik Psikiyatri"
"6B20.html"	"tr"	"шапка-книги"	"Klinik psikiyatri"	"Klinik Psikiyatri"
"6B21.html"	"tr"	"мета-заголовок"	"BEDEN DİSMORFİK BOZUKLUĞU (BDD) | KLİNİK PSİKİYATRİ"	"Beden dismorfik bozukluğu (BDD) | Klinik Psikiyatri"
"6B21.html"	"tr"	"мета-заголовок"	"BEDEN DİSMORFİK BOZUKLUĞU (BDD) | KLİNİK PSİKİYATRİ"	"Beden dismorfik bozukluğu (BDD) | Klinik Psikiyatri"
"6B21.html"	"tr"	"мета-описание"	"Klinik Psixiatriya — BEDEN DİSMORFİK BOZUKLUĞU (BDD)"	"Klinik Psikiyatri — Beden dismorfik bozukluğu (BDD)"
"6B21.html"	"tr"	"мета-описание"	"Klinik Psixiatriya — BEDEN DİSMORFİK BOZUKLUĞU (BDD)"	"Klinik Psikiyatri — Beden dismorfik bozukluğu (BDD)"
"6B21.html"	"tr"	"json-ld"	"Klinik psikiyatri"	"Klinik Psikiyatri"
"6B21.html"	"tr"	"подпись-заказа"	"Klinik psikiyatri"	"Klinik Psikiyatri"
"6B21.html"	"tr"	"шапка-книги"	"Klinik psikiyatri"	"Klinik Psikiyatri"
"6B22.html"	"tr"	"мета-заголовок"	"OLFAKTÖR REFERANS BOZUKLUĞU (ORS) | KLİNİK PSİKİYATRİ"	"Olfaktör referans bozukluğu (ORS) | Klinik Psikiyatri"
"6B22.html"	"tr"	"мета-заголовок"	"OLFAKTÖR REFERANS BOZUKLUĞU (ORS) | KLİNİK PSİKİYATRİ"	"Olfaktör referans bozukluğu (ORS) | Klinik Psikiyatri"
"6B22.html"	"tr"	"мета-описание"	"Klinik Psixiatriya — PATOLOJİK VÜCUT KOKUSU BOZUKLUĞU (ORS)"	"Klinik Psikiyatri — Olfaktör referans bozukluğu (ORS)"
"6B22.html"	"tr"	"мета-описание"	"Klinik Psixiatriya — PATOLOJİK VÜCUT KOKUSU BOZUKLUĞU (ORS)"	"Klinik Psikiyatri — Olfaktör referans bozukluğu (ORS)"
"6B22.html"	"tr"	"json-ld"	"Klinik psikiyatri"	"Klinik Psikiyatri"
"6B22.html"	"tr"	"подпись-заказа"	"Klinik psikiyatri"	"Klinik Psikiyatri"
"6B22.html"	"tr"	"шапка-книги"	"Klinik psikiyatri"	"Klinik Psikiyatri"
"6B23.html"	"tr"	"мета-заголовок"	"HİPOKONDRİYAZİS | KLİNİK PSİKİYATRİ"	"Hipokondriyazis | Klinik Psikiyatri"
"6B23.html"	"tr"	"мета-заголовок"	"HİPOKONDRİYAZİS | KLİNİK PSİKİYATRİ"	"Hipokondriyazis | Klinik Psikiyatri"
"6B23.html"	"tr"	"мета-описание"	"Klinik Psixiatriya — HİPOKONDRİYAZİ (HASTALIK ANKSİYETESİ BOZUKLUĞU)"	"Klinik Psikiyatri — Hipokondriyazis"
"6B23.html"	"tr"	"мета-описание"	"Klinik Psixiatriya — HİPOKONDRİYAZİ (HASTALIK ANKSİYETESİ BOZUKLUĞU)"	"Klinik Psikiyatri — Hipokondriyazis"
"6B23.html"	"tr"	"json-ld"	"Klinik psikiyatri"	"Klinik Psikiyatri"
"6B23.html"	"tr"	"подпись-заказа"	"Klinik psikiyatri"	"Klinik Psikiyatri"
"6B23.html"	"tr"	"шапка-книги"	"Klinik psikiyatri"	"Klinik Psikiyatri"
"6B24.html"	"tr"	"мета-заголовок"	"İSTİFLEME BOZUKLUĞU | KLİNİK PSİKİYATRİ"	"İstifleme bozukluğu | Klinik Psikiyatri"
"6B24.html"	"tr"	"мета-заголовок"	"İSTİFLEME BOZUKLUĞU | KLİNİK PSİKİYATRİ"	"İstifleme bozukluğu | Klinik Psikiyatri"
"6B24.html"	"tr"	"мета-описание"	"Klinik Psikiyatri — BİRİKTİRME BOZUKLUĞU"	"Klinik Psikiyatri — İstifleme bozukluğu"
"6B24.html"	"tr"	"мета-описание"	"Klinik Psikiyatri — BİRİKTİRME BOZUKLUĞU"	"Klinik Psikiyatri — İstifleme bozukluğu"
"6B24.html"	"tr"	"json-ld"	"Klinik psikiyatri"	"Klinik Psikiyatri"
"6B24.html"	"tr"	"подпись-заказа"	"Klinik psikiyatri"	"Klinik Psikiyatri"
"6B24.html"	"tr"	"шапка-книги"	"Klinik psikiyatri"	"Klinik Psikiyatri"
"6B25.html"	"tr"	"мета-заголовок"	"BEDENE ODAKLI YİNELEYİCİ DAVRANIŞ BOZUKLUKLARI | KLİNİK PSİKİYATRİ"	"Bedene odaklı yineleyici davranış bozuklukları | Klinik Psikiyatri"
"6B25.html"	"tr"	"мета-заголовок"	"BEDENE ODAKLI YİNELEYİCİ DAVRANIŞ BOZUKLUKLARI | KLİNİK PSİKİYATRİ"	"Bedene odaklı yineleyici davranış bozuklukları | Klinik Psikiyatri"
"6B25.html"	"tr"	"мета-описание"	"Klinik Psixiatriya — BEDENE YÖNELİK TEKRARLAYICI DAVRANIŞLAR"	"Klinik Psikiyatri — Bedene odaklı yineleyici davranış bozuklukları"
"6B25.html"	"tr"	"мета-описание"	"Klinik Psixiatriya — BEDENE YÖNELİK TEKRARLAYICI DAVRANIŞLAR"	"Klinik Psikiyatri — Bedene odaklı yineleyici davranış bozuklukları"
"6B25.html"	"tr"	"json-ld"	"Klinik psikiyatri"	"Klinik Psikiyatri"
"6B25.html"	"tr"	"подпись-заказа"	"Klinik psikiyatri"	"Klinik Psikiyatri"
"6B25.html"	"tr"	"шапка-книги"	"Klinik psikiyatri"	"Klinik Psikiyatri"
"6B40.html"	"tr"	"мета-заголовок"	"TRAVMA SONRASI STRES BOZUKLUĞU (TSSB) | KLİNİK PSİKİYATRİ"	"Travma sonrası stres bozukluğu (TSSB) | Klinik Psikiyatri"
"6B40.html"	"tr"	"мета-заголовок"	"TRAVMA SONRASI STRES BOZUKLUĞU (TSSB) | KLİNİK PSİKİYATRİ"	"Travma sonrası stres bozukluğu (TSSB) | Klinik Psikiyatri"
"6B40.html"	"tr"	"мета-описание"	"Klinik Psixiatriya — TRAVMA SONRASI STRES BOZUKLUĞU (TSSB)"	"Klinik Psikiyatri — Travma sonrası stres bozukluğu (TSSB)"
"6B40.html"	"tr"	"мета-описание"	"Klinik Psixiatriya — TRAVMA SONRASI STRES BOZUKLUĞU (TSSB)"	"Klinik Psikiyatri — Travma sonrası stres bozukluğu (TSSB)"
"6B40.html"	"tr"	"json-ld"	"Klinik psikiyatri"	"Klinik Psikiyatri"
"6B40.html"	"tr"	"подпись-заказа"	"Klinik psikiyatri"	"Klinik Psikiyatri"
"6B40.html"	"tr"	"шапка-книги"	"Klinik psikiyatri"	"Klinik Psikiyatri"
"6B41.html"	"tr"	"мета-заголовок"	"KARMAŞIK TRAVMA SONRASI STRES BOZUKLUĞU (KTSSB) | KLİNİK PSİKİYATRİ"	"Karmaşık travma sonrası stres bozukluğu (KTSSB) | Klinik Psikiyatri"
"6B41.html"	"tr"	"мета-заголовок"	"KARMAŞIK TRAVMA SONRASI STRES BOZUKLUĞU (KTSSB) | KLİNİK PSİKİYATRİ"	"Karmaşık travma sonrası stres bozukluğu (KTSSB) | Klinik Psikiyatri"
"6B41.html"	"tr"	"мета-описание"	"Klinik Psixiatriya — KOMPLEKS TRAVMA SONRASI STRES BOZUKLUĞU (cPTSS)"	"Klinik Psikiyatri — Karmaşık travma sonrası stres bozukluğu (KTSSB)"
"6B41.html"	"tr"	"мета-описание"	"Klinik Psixiatriya — KOMPLEKS TRAVMA SONRASI STRES BOZUKLUĞU (cPTSS)"	"Klinik Psikiyatri — Karmaşık travma sonrası stres bozukluğu (KTSSB)"
"6B41.html"	"tr"	"json-ld"	"Klinik psikiyatri"	"Klinik Psikiyatri"
"6B41.html"	"tr"	"подпись-заказа"	"Klinik psikiyatri"	"Klinik Psikiyatri"
"6B41.html"	"tr"	"шапка-книги"	"Klinik psikiyatri"	"Klinik Psikiyatri"
"6B42.html"	"tr"	"мета-заголовок"	"UZAMIŞ YAS BOZUKLUĞU | KLİNİK PSİKİYATRİ"	"Uzamış yas bozukluğu | Klinik Psikiyatri"
"6B42.html"	"tr"	"мета-заголовок"	"UZAMIŞ YAS BOZUKLUĞU | KLİNİK PSİKİYATRİ"	"Uzamış yas bozukluğu | Klinik Psikiyatri"
"6B42.html"	"tr"	"мета-описание"	"Klinik Psikiyatri — UZAMIŞ YAS BOZUKLUĞU"	"Klinik Psikiyatri — Uzamış yas bozukluğu"
"6B42.html"	"tr"	"мета-описание"	"Klinik Psikiyatri — UZAMIŞ YAS BOZUKLUĞU"	"Klinik Psikiyatri — Uzamış yas bozukluğu"
"6B42.html"	"tr"	"json-ld"	"Klinik psikiyatri"	"Klinik Psikiyatri"
"6B42.html"	"tr"	"подпись-заказа"	"Klinik psikiyatri"	"Klinik Psikiyatri"
"6B42.html"	"tr"	"шапка-книги"	"Klinik psikiyatri"	"Klinik Psikiyatri"
"6B43.html"	"tr"	"мета-заголовок"	"UYUM BOZUKLUĞU | KLİNİK PSİKİYATRİ"	"Uyum bozukluğu | Klinik Psikiyatri"
"6B43.html"	"tr"	"мета-заголовок"	"UYUM BOZUKLUĞU | KLİNİK PSİKİYATRİ"	"Uyum bozukluğu | Klinik Psikiyatri"
"6B43.html"	"tr"	"мета-описание"	"Klinik Psikiyatri — UYUM BOZUKLUĞU"	"Klinik Psikiyatri — Uyum bozukluğu"
"6B43.html"	"tr"	"мета-описание"	"Klinik Psikiyatri — UYUM BOZUKLUĞU"	"Klinik Psikiyatri — Uyum bozukluğu"
"6B43.html"	"tr"	"json-ld"	"Klinik psikiyatri"	"Klinik Psikiyatri"
"6B43.html"	"tr"	"подпись-заказа"	"Klinik psikiyatri"	"Klinik Psikiyatri"
"6B43.html"	"tr"	"шапка-книги"	"Klinik psikiyatri"	"Klinik Psikiyatri"
"6B44.html"	"tr"	"мета-заголовок"	"TEPKİSEL BAĞLANMA BOZUKLUĞU | KLİNİK PSİKİYATRİ"	"Tepkisel bağlanma bozukluğu | Klinik Psikiyatri"
"6B44.html"	"tr"	"мета-заголовок"	"TEPKİSEL BAĞLANMA BOZUKLUĞU | KLİNİK PSİKİYATRİ"	"Tepkisel bağlanma bozukluğu | Klinik Psikiyatri"
"6B44.html"	"tr"	"мета-описание"	"Klinik Psikiyatri — REAKTİF BAĞLANMA BOZUKLUĞU"	"Klinik Psikiyatri — Tepkisel bağlanma bozukluğu"
"6B44.html"	"tr"	"мета-описание"	"Klinik Psikiyatri — REAKTİF BAĞLANMA BOZUKLUĞU"	"Klinik Psikiyatri — Tepkisel bağlanma bozukluğu"
"6B44.html"	"tr"	"json-ld"	"Klinik psikiyatri"	"Klinik Psikiyatri"
"6B44.html"	"tr"	"подпись-заказа"	"Klinik psikiyatri"	"Klinik Psikiyatri"
"6B44.html"	"tr"	"шапка-книги"	"Klinik psikiyatri"	"Klinik Psikiyatri"
"6B45.html"	"tr"	"мета-заголовок"	"DİSİNHİBE SOSYAL KATILIM BOZUKLUĞU | KLİNİK PSİKİYATRİ"	"Disinhibe sosyal katılım bozukluğu | Klinik Psikiyatri"
"6B45.html"	"tr"	"мета-заголовок"	"DİSİNHİBE SOSYAL KATILIM BOZUKLUĞU | KLİNİK PSİKİYATRİ"	"Disinhibe sosyal katılım bozukluğu | Klinik Psikiyatri"
"6B45.html"	"tr"	"мета-описание"	"Klinik Psikiyatri — DİSİNHİBE SOSYAL KATILIM BOZUKLUĞU"	"Klinik Psikiyatri — Disinhibe sosyal katılım bozukluğu"
"6B45.html"	"tr"	"мета-описание"	"Klinik Psikiyatri — DİSİNHİBE SOSYAL KATILIM BOZUKLUĞU"	"Klinik Psikiyatri — Disinhibe sosyal katılım bozukluğu"
"6B45.html"	"tr"	"json-ld"	"Klinik psikiyatri"	"Klinik Psikiyatri"
"6B45.html"	"tr"	"подпись-заказа"	"Klinik psikiyatri"	"Klinik Psikiyatri"
"6B45.html"	"tr"	"шапка-книги"	"Klinik psikiyatri"	"Klinik Psikiyatri"
"6B60.html"	"tr"	"мета-заголовок"	"DİSOSİYATİF NÖROLOJİK BELİRTİ BOZUKLUĞU | KLİNİK PSİKİYATRİ"	"Disosiyatif nörolojik belirti bozukluğu | Klinik Psikiyatri"
"6B60.html"	"tr"	"мета-заголовок"	"DİSOSİYATİF NÖROLOJİK BELİRTİ BOZUKLUĞU | KLİNİK PSİKİYATRİ"	"Disosiyatif nörolojik belirti bozukluğu | Klinik Psikiyatri"
"6B60.html"	"tr"	"мета-описание"	"Klinik Psixiatriya — DİSOSİYATİF NÖROLOJİK SEMPTOM BOZUKLUĞU"	"Klinik Psikiyatri — Disosiyatif nörolojik belirti bozukluğu"
"6B60.html"	"tr"	"мета-описание"	"Klinik Psixiatriya — DİSOSİYATİF NÖROLOJİK SEMPTOM BOZUKLUĞU"	"Klinik Psikiyatri — Disosiyatif nörolojik belirti bozukluğu"
"6B60.html"	"tr"	"json-ld"	"Klinik psikiyatri"	"Klinik Psikiyatri"
"6B60.html"	"tr"	"подпись-заказа"	"Klinik psikiyatri"	"Klinik Psikiyatri"
"6B60.html"	"tr"	"шапка-книги"	"Klinik psikiyatri"	"Klinik Psikiyatri"
"6B61.html"	"tr"	"мета-заголовок"	"DİSOSİYATİF AMNEZİ | KLİNİK PSİKİYATRİ"	"Disosiyatif amnezi | Klinik Psikiyatri"
"6B61.html"	"tr"	"мета-заголовок"	"DİSOSİYATİF AMNEZİ | KLİNİK PSİKİYATRİ"	"Disosiyatif amnezi | Klinik Psikiyatri"
"6B61.html"	"tr"	"мета-описание"	"Klinik Psixiatriya — DİSOSİYATİF AMNEZİ"	"Klinik Psikiyatri — Disosiyatif amnezi"
"6B61.html"	"tr"	"мета-описание"	"Klinik Psixiatriya — DİSOSİYATİF AMNEZİ"	"Klinik Psikiyatri — Disosiyatif amnezi"
"6B61.html"	"tr"	"json-ld"	"Klinik psikiyatri"	"Klinik Psikiyatri"
"6B61.html"	"tr"	"подпись-заказа"	"Klinik psikiyatri"	"Klinik Psikiyatri"
"6B61.html"	"tr"	"шапка-книги"	"Klinik psikiyatri"	"Klinik Psikiyatri"
"6B64.html"	"tr"	"мета-заголовок"	"DİSOSİYATİF KİMLİK BOZUKLUĞU (DKB) | KLİNİK PSİKİYATRİ"	"Disosiyatif kimlik bozukluğu (DKB) | Klinik Psikiyatri"
"6B64.html"	"tr"	"мета-заголовок"	"DİSOSİYATİF KİMLİK BOZUKLUĞU (DKB) | KLİNİK PSİKİYATRİ"	"Disosiyatif kimlik bozukluğu (DKB) | Klinik Psikiyatri"
"6B64.html"	"tr"	"мета-описание"	"Klinik Psixiatriya — DİSOSİYATİF KİMLİK BOZUKLUĞU (DKB)"	"Klinik Psikiyatri — Disosiyatif kimlik bozukluğu (DKB)"
"6B64.html"	"tr"	"мета-описание"	"Klinik Psixiatriya — DİSOSİYATİF KİMLİK BOZUKLUĞU (DKB)"	"Klinik Psikiyatri — Disosiyatif kimlik bozukluğu (DKB)"
"6B64.html"	"tr"	"json-ld"	"Klinik psikiyatri"	"Klinik Psikiyatri"
"6B64.html"	"tr"	"подпись-заказа"	"Klinik psikiyatri"	"Klinik Psikiyatri"
"6B64.html"	"tr"	"шапка-книги"	"Klinik psikiyatri"	"Klinik Psikiyatri"
"6B65.html"	"tr"	"мета-заголовок"	"KISMİ DİSOSİYATİF KİMLİK BOZUKLUĞU | KLİNİK PSİKİYATRİ"	"Kısmi disosiyatif kimlik bozukluğu | Klinik Psikiyatri"
"6B65.html"	"tr"	"мета-заголовок"	"KISMİ DİSOSİYATİF KİMLİK BOZUKLUĞU | KLİNİK PSİKİYATRİ"	"Kısmi disosiyatif kimlik bozukluğu | Klinik Psikiyatri"
"6B65.html"	"tr"	"мета-описание"	"Klinik Psixiatriya — PARSİYEL DİSSOSİYATİF KİMLİK BOZUKLUĞU"	"Klinik Psikiyatri — Kısmi disosiyatif kimlik bozukluğu"
"6B65.html"	"tr"	"мета-описание"	"Klinik Psixiatriya — PARSİYEL DİSSOSİYATİF KİMLİK BOZUKLUĞU"	"Klinik Psikiyatri — Kısmi disosiyatif kimlik bozukluğu"
"6B65.html"	"tr"	"json-ld"	"Klinik psikiyatri"	"Klinik Psikiyatri"
"6B65.html"	"tr"	"подпись-заказа"	"Klinik psikiyatri"	"Klinik Psikiyatri"
"6B65.html"	"tr"	"шапка-книги"	"Klinik psikiyatri"	"Klinik Psikiyatri"
"6B66.html"	"tr"	"мета-заголовок"	"DEPERSONALİZASYON-DEREALİZASYON BOZUKLUĞU | KLİNİK PSİKİYATRİ"	"Depersonalizasyon-derealizasyon bozukluğu | Klinik Psikiyatri"
"6B66.html"	"tr"	"мета-заголовок"	"DEPERSONALİZASYON-DEREALİZASYON BOZUKLUĞU | KLİNİK PSİKİYATRİ"	"Depersonalizasyon-derealizasyon bozukluğu | Klinik Psikiyatri"
"6B66.html"	"tr"	"мета-описание"	"Klinik Psixiatriya — DEPERSONALİZASYON-DEREALİZASYON BOZUKLUĞU"	"Klinik Psikiyatri — Depersonalizasyon-derealizasyon bozukluğu"
"6B66.html"	"tr"	"мета-описание"	"Klinik Psixiatriya — DEPERSONALİZASYON-DEREALİZASYON BOZUKLUĞU"	"Klinik Psikiyatri — Depersonalizasyon-derealizasyon bozukluğu"
"6B66.html"	"tr"	"json-ld"	"Klinik psikiyatri"	"Klinik Psikiyatri"
"6B66.html"	"tr"	"подпись-заказа"	"Klinik psikiyatri"	"Klinik Psikiyatri"
"6B66.html"	"tr"	"шапка-книги"	"Klinik psikiyatri"	"Klinik Psikiyatri"
"6B80.html"	"tr"	"мета-заголовок"	"ANOREKSİYA NERVOZA | KLİNİK PSİKİYATRİ"	"Anoreksiya nervoza | Klinik Psikiyatri"
"6B80.html"	"tr"	"мета-заголовок"	"ANOREKSİYA NERVOZA | KLİNİK PSİKİYATRİ"	"Anoreksiya nervoza | Klinik Psikiyatri"
"6B80.html"	"tr"	"мета-описание"	"Klinik Psikiyatri — ANOREKSİYA NERVOZA"	"Klinik Psikiyatri — Anoreksiya nervoza"
"6B80.html"	"tr"	"мета-описание"	"Klinik Psikiyatri — ANOREKSİYA NERVOZA"	"Klinik Psikiyatri — Anoreksiya nervoza"
"6B80.html"	"tr"	"json-ld"	"Klinik psikiyatri"	"Klinik Psikiyatri"
"6B80.html"	"tr"	"подпись-заказа"	"Klinik psikiyatri"	"Klinik Psikiyatri"
"6B80.html"	"tr"	"шапка-книги"	"Klinik psikiyatri"	"Klinik Psikiyatri"
"6B81.html"	"tr"	"мета-заголовок"	"BULİMİYA NERVOZA | KLİNİK PSİKİYATRİ"	"Bulimiya nervoza | Klinik Psikiyatri"
"6B81.html"	"tr"	"мета-заголовок"	"BULİMİYA NERVOZA | KLİNİK PSİKİYATRİ"	"Bulimiya nervoza | Klinik Psikiyatri"
"6B81.html"	"tr"	"мета-описание"	"Klinik Psikiyatri — BULİMİYA NERVOZA"	"Klinik Psikiyatri — Bulimiya nervoza"
"6B81.html"	"tr"	"мета-описание"	"Klinik Psikiyatri — BULİMİYA NERVOZA"	"Klinik Psikiyatri — Bulimiya nervoza"
"6B81.html"	"tr"	"json-ld"	"Klinik psikiyatri"	"Klinik Psikiyatri"
"6B81.html"	"tr"	"подпись-заказа"	"Klinik psikiyatri"	"Klinik Psikiyatri"
"6B81.html"	"tr"	"шапка-книги"	"Klinik psikiyatri"	"Klinik Psikiyatri"
"6B82.html"	"tr"	"мета-заголовок"	"TIKINIRCASINA YEME BOZUKLUĞU (BED) | KLİNİK PSİKİYATRİ"	"Tıkınırcasına yeme bozukluğu (BED) | Klinik Psikiyatri"
"6B82.html"	"tr"	"мета-заголовок"	"TIKINIRCASINA YEME BOZUKLUĞU (BED) | KLİNİK PSİKİYATRİ"	"Tıkınırcasına yeme bozukluğu (BED) | Klinik Psikiyatri"
"6B82.html"	"tr"	"мета-описание"	"Klinik Psixiatriya — TIKINIRCASINA YEME BOZUKLUĞU (BED)"	"Klinik Psikiyatri — Tıkınırcasına yeme bozukluğu (BED)"
"6B82.html"	"tr"	"мета-описание"	"Klinik Psixiatriya — TIKINIRCASINA YEME BOZUKLUĞU (BED)"	"Klinik Psikiyatri — Tıkınırcasına yeme bozukluğu (BED)"
"6B82.html"	"tr"	"json-ld"	"Klinik psikiyatri"	"Klinik Psikiyatri"
"6B82.html"	"tr"	"подпись-заказа"	"Klinik psikiyatri"	"Klinik Psikiyatri"
"6B82.html"	"tr"	"шапка-книги"	"Klinik psikiyatri"	"Klinik Psikiyatri"
"6B83.html"	"tr"	"мета-заголовок"	"KAÇINGAN-KISITLI GIDA ALIM BOZUKLUĞU (ARFID) | KLİNİK PSİKİYATRİ"	"Kaçıngan-kısıtlı gıda alım bozukluğu (ARFID) | Klinik Psikiyatri"
"6B83.html"	"tr"	"мета-заголовок"	"KAÇINGAN-KISITLI GIDA ALIM BOZUKLUĞU (ARFID) | KLİNİK PSİKİYATRİ"	"Kaçıngan-kısıtlı gıda alım bozukluğu (ARFID) | Klinik Psikiyatri"
"6B83.html"	"tr"	"мета-описание"	"Klinik Psixiatriya — KAÇINICI/KISITLAYICI YİYECEK ALIMI BOZUKLUĞU (ARFID)"	"Klinik Psikiyatri — Kaçıngan-kısıtlı gıda alım bozukluğu (ARFID)"
"6B83.html"	"tr"	"мета-описание"	"Klinik Psixiatriya — KAÇINICI/KISITLAYICI YİYECEK ALIMI BOZUKLUĞU (ARFID)"	"Klinik Psikiyatri — Kaçıngan-kısıtlı gıda alım bozukluğu (ARFID)"
"6B83.html"	"tr"	"json-ld"	"Klinik psikiyatri"	"Klinik Psikiyatri"
"6B83.html"	"tr"	"подпись-заказа"	"Klinik psikiyatri"	"Klinik Psikiyatri"
"6B83.html"	"tr"	"шапка-книги"	"Klinik psikiyatri"	"Klinik Psikiyatri"
"6B84.html"	"tr"	"мета-заголовок"	"PİKA | KLİNİK PSİKİYATRİ"	"Pika | Klinik Psikiyatri"
"6B84.html"	"tr"	"мета-заголовок"	"PİKA | KLİNİK PSİKİYATRİ"	"Pika | Klinik Psikiyatri"
"6B84.html"	"tr"	"мета-описание"	"Klinik Psikiyatri — PİKA"	"Klinik Psikiyatri — Pika"
"6B84.html"	"tr"	"мета-описание"	"Klinik Psikiyatri — PİKA"	"Klinik Psikiyatri — Pika"
"6B84.html"	"tr"	"json-ld"	"Klinik psikiyatri"	"Klinik Psikiyatri"
"6B84.html"	"tr"	"подпись-заказа"	"Klinik psikiyatri"	"Klinik Psikiyatri"
"6B84.html"	"tr"	"шапка-книги"	"Klinik psikiyatri"	"Klinik Psikiyatri"
"6B85.html"	"tr"	"мета-заголовок"	"GEVİŞ GETİRME BOZUKLUĞU | KLİNİK PSİKİYATRİ"	"Geviş getirme bozukluğu | Klinik Psikiyatri"
"6B85.html"	"tr"	"мета-заголовок"	"GEVİŞ GETİRME BOZUKLUĞU | KLİNİK PSİKİYATRİ"	"Geviş getirme bozukluğu | Klinik Psikiyatri"
"6B85.html"	"tr"	"мета-описание"	"Klinik Psikiyatri — RUMİNASYON-GERİ GETİRME BOZUKLUĞU"	"Klinik Psikiyatri — Geviş getirme bozukluğu"
"6B85.html"	"tr"	"мета-описание"	"Klinik Psikiyatri — RUMİNASYON-GERİ GETİRME BOZUKLUĞU"	"Klinik Psikiyatri — Geviş getirme bozukluğu"
"6B85.html"	"tr"	"json-ld"	"Klinik psikiyatri"	"Klinik Psikiyatri"
"6B85.html"	"tr"	"подпись-заказа"	"Klinik psikiyatri"	"Klinik Psikiyatri"
"6B85.html"	"tr"	"шапка-книги"	"Klinik psikiyatri"	"Klinik Psikiyatri"
"6C00.html"	"tr"	"мета-заголовок"	"ENÜREZİS | KLİNİK PSİKİYATRİ"	"Enürezis | Klinik Psikiyatri"
"6C00.html"	"tr"	"мета-заголовок"	"ENÜREZİS | KLİNİK PSİKİYATRİ"	"Enürezis | Klinik Psikiyatri"
"6C00.html"	"tr"	"мета-описание"	"Klinik Psixiatriya — ENÜREZ"	"Klinik Psikiyatri — Enürezis"
"6C00.html"	"tr"	"мета-описание"	"Klinik Psixiatriya — ENÜREZ"	"Klinik Psikiyatri — Enürezis"
"6C00.html"	"tr"	"json-ld"	"Klinik psikiyatri"	"Klinik Psikiyatri"
"6C00.html"	"tr"	"подпись-заказа"	"Klinik psikiyatri"	"Klinik Psikiyatri"
"6C00.html"	"tr"	"шапка-книги"	"Klinik psikiyatri"	"Klinik Psikiyatri"
"6C01.html"	"tr"	"мета-заголовок"	"ENKOPREZİS | KLİNİK PSİKİYATRİ"	"Enkoprezis | Klinik Psikiyatri"
"6C01.html"	"tr"	"мета-заголовок"	"ENKOPREZİS | KLİNİK PSİKİYATRİ"	"Enkoprezis | Klinik Psikiyatri"
"6C01.html"	"tr"	"мета-описание"	"Klinik Psixiatriya — ENKOPREZ"	"Klinik Psikiyatri — Enkoprezis"
"6C01.html"	"tr"	"мета-описание"	"Klinik Psixiatriya — ENKOPREZ"	"Klinik Psikiyatri — Enkoprezis"
"6C01.html"	"tr"	"json-ld"	"Klinik psikiyatri"	"Klinik Psikiyatri"
"6C01.html"	"tr"	"подпись-заказа"	"Klinik psikiyatri"	"Klinik Psikiyatri"
"6C01.html"	"tr"	"шапка-книги"	"Klinik psikiyatri"	"Klinik Psikiyatri"
"6C20.html"	"tr"	"мета-заголовок"	"BEDENSEL ENDİŞE BOZUKLUĞU | KLİNİK PSİKİYATRİ"	"Bedensel endişe bozukluğu | Klinik Psikiyatri"
"6C20.html"	"tr"	"мета-заголовок"	"BEDENSEL ENDİŞE BOZUKLUĞU | KLİNİK PSİKİYATRİ"	"Bedensel endişe bozukluğu | Klinik Psikiyatri"
"6C20.html"	"tr"	"мета-описание"	"Klinik Psixiatriya — BEDEN SIKINTISI BOZUKLUĞU"	"Klinik Psikiyatri — Bedensel endişe bozukluğu"
"6C20.html"	"tr"	"мета-описание"	"Klinik Psixiatriya — BEDEN SIKINTISI BOZUKLUĞU"	"Klinik Psikiyatri — Bedensel endişe bozukluğu"
"6C20.html"	"tr"	"json-ld"	"Klinik psikiyatri"	"Klinik Psikiyatri"
"6C20.html"	"tr"	"подпись-заказа"	"Klinik psikiyatri"	"Klinik Psikiyatri"
"6C20.html"	"tr"	"шапка-книги"	"Klinik psikiyatri"	"Klinik Psikiyatri"
"6C40.html"	"tr"	"мета-заголовок"	"ALKOL KULLANIMI NEDENLİ BOZUKLUKLAR | KLİNİK PSİKİYATRİ"	"Alkol kullanımı nedenli bozukluklar | Klinik Psikiyatri"
"6C40.html"	"tr"	"мета-заголовок"	"ALKOL KULLANIMI NEDENLİ BOZUKLUKLAR | KLİNİK PSİKİYATRİ"	"Alkol kullanımı nedenli bozukluklar | Klinik Psikiyatri"
"6C40.html"	"tr"	"мета-описание"	"Klinik Psikiyatri — ALKOL KULLANIM BOZUKLUKLARI"	"Klinik Psikiyatri — Alkol kullanımı nedenli bozukluklar"
"6C40.html"	"tr"	"мета-описание"	"Klinik Psikiyatri — ALKOL KULLANIM BOZUKLUKLARI"	"Klinik Psikiyatri — Alkol kullanımı nedenli bozukluklar"
"6C40.html"	"tr"	"json-ld"	"Klinik psikiyatri"	"Klinik Psikiyatri"
"6C40.html"	"tr"	"подпись-заказа"	"Klinik psikiyatri"	"Klinik Psikiyatri"
"6C40.html"	"tr"	"шапка-книги"	"Klinik psikiyatri"	"Klinik Psikiyatri"
"6C41.html"	"tr"	"мета-заголовок"	"KANNABİS KULLANIMI NEDENLİ BOZUKLUKLAR | KLİNİK PSİKİYATRİ"	"Kannabis kullanımı nedenli bozukluklar | Klinik Psikiyatri"
"6C41.html"	"tr"	"мета-заголовок"	"KANNABİS KULLANIMI NEDENLİ BOZUKLUKLAR | KLİNİK PSİKİYATRİ"	"Kannabis kullanımı nedenli bozukluklar | Klinik Psikiyatri"
"6C41.html"	"tr"	"мета-описание"	"Klinik Psixiatriya — KANNABİS KULLANIM BOZUKLUKLARI"	"Klinik Psikiyatri — Kannabis kullanımı nedenli bozukluklar"
"6C41.html"	"tr"	"мета-описание"	"Klinik Psixiatriya — KANNABİS KULLANIM BOZUKLUKLARI"	"Klinik Psikiyatri — Kannabis kullanımı nedenli bozukluklar"
"6C41.html"	"tr"	"json-ld"	"Klinik psikiyatri"	"Klinik Psikiyatri"
"6C41.html"	"tr"	"подпись-заказа"	"Klinik psikiyatri"	"Klinik Psikiyatri"
"6C41.html"	"tr"	"шапка-книги"	"Klinik psikiyatri"	"Klinik Psikiyatri"
"6C43.html"	"tr"	"мета-заголовок"	"OPİYATLARIN KULLANIMI NEDENLİ BOZUKLUKLAR | KLİNİK PSİKİYATRİ"	"Opiyatların kullanımı nedenli bozukluklar | Klinik Psikiyatri"
"6C43.html"	"tr"	"мета-заголовок"	"OPİYATLARIN KULLANIMI NEDENLİ BOZUKLUKLAR | KLİNİK PSİKİYATRİ"	"Opiyatların kullanımı nedenli bozukluklar | Klinik Psikiyatri"
"6C43.html"	"tr"	"мета-описание"	"Klinik Psixiatriya — OPİOİD KULLANIM BOZUKLUKLARI"	"Klinik Psikiyatri — Opiyatların kullanımı nedenli bozukluklar"
"6C43.html"	"tr"	"мета-описание"	"Klinik Psixiatriya — OPİOİD KULLANIM BOZUKLUKLARI"	"Klinik Psikiyatri — Opiyatların kullanımı nedenli bozukluklar"
"6C43.html"	"tr"	"json-ld"	"Klinik psikiyatri"	"Klinik Psikiyatri"
"6C43.html"	"tr"	"подпись-заказа"	"Klinik psikiyatri"	"Klinik Psikiyatri"
"6C43.html"	"tr"	"шапка-книги"	"Klinik psikiyatri"	"Klinik Psikiyatri"
"6C44.html"	"tr"	"мета-заголовок"	"SEDATİF, HİPNOTİK VEYA ANKSİYOLİTİKLERİN KULLANIMI NEDENLİ BOZUKLUKLAR | KLİNİK PSİKİYATRİ"	"Sedatif, hipnotik veya anksiyolitiklerin kullanımı nedenli bozukluklar | Klinik Psikiyatri"
"6C44.html"	"tr"	"мета-заголовок"	"SEDATİF, HİPNOTİK VEYA ANKSİYOLİTİKLERİN KULLANIMI NEDENLİ BOZUKLUKLAR | KLİNİK PSİKİYATRİ"	"Sedatif, hipnotik veya anksiyolitiklerin kullanımı nedenli bozukluklar | Klinik Psikiyatri"
"6C44.html"	"tr"	"мета-описание"	"Klinik Psikiyatri — SEDATİF/HİPNOTİK KULLANIM BOZUKLUKLARI"	"Klinik Psikiyatri — Sedatif, hipnotik veya anksiyolitiklerin kullanımı nedenli bozukluklar"
"6C44.html"	"tr"	"мета-описание"	"Klinik Psikiyatri — SEDATİF/HİPNOTİK KULLANIM BOZUKLUKLARI"	"Klinik Psikiyatri — Sedatif, hipnotik veya anksiyolitiklerin kullanımı nedenli bozukluklar"
"6C44.html"	"tr"	"json-ld"	"Klinik psikiyatri"	"Klinik Psikiyatri"
"6C44.html"	"tr"	"подпись-заказа"	"Klinik psikiyatri"	"Klinik Psikiyatri"
"6C44.html"	"tr"	"шапка-книги"	"Klinik psikiyatri"	"Klinik Psikiyatri"
"6C45.html"	"tr"	"мета-заголовок"	"KOKAİN KULLANIMI NEDENLİ BOZUKLUKLAR | KLİNİK PSİKİYATRİ"	"Kokain kullanımı nedenli bozukluklar | Klinik Psikiyatri"
"6C45.html"	"tr"	"мета-заголовок"	"KOKAİN KULLANIMI NEDENLİ BOZUKLUKLAR | KLİNİK PSİKİYATRİ"	"Kokain kullanımı nedenli bozukluklar | Klinik Psikiyatri"
"6C45.html"	"tr"	"мета-описание"	"Klinik Psixiatriya — KOKAİN KULLANIM BOZUKLUKLARI"	"Klinik Psikiyatri — Kokain kullanımı nedenli bozukluklar"
"6C45.html"	"tr"	"мета-описание"	"Klinik Psixiatriya — KOKAİN KULLANIM BOZUKLUKLARI"	"Klinik Psikiyatri — Kokain kullanımı nedenli bozukluklar"
"6C45.html"	"tr"	"json-ld"	"Klinik psikiyatri"	"Klinik Psikiyatri"
"6C45.html"	"tr"	"подпись-заказа"	"Klinik psikiyatri"	"Klinik Psikiyatri"
"6C45.html"	"tr"	"шапка-книги"	"Klinik psikiyatri"	"Klinik Psikiyatri"
"6C46.html"	"tr"	"мета-заголовок"	"AMFETAMİNLER, METAMFETAMİN VEYA METKATİNONU İÇEREN UYARICILARIN KULLANIMI NEDENLİ BOZUKLUKLAR | KLİNİK PSİKİYATRİ"	"Amfetaminler, metamfetamin veya metkatinonu içeren uyarıcıların kullanımı nedenli bozukluklar | Klinik Psikiyatri"
"6C46.html"	"tr"	"мета-заголовок"	"AMFETAMİNLER, METAMFETAMİN VEYA METKATİNONU İÇEREN UYARICILARIN KULLANIMI NEDENLİ BOZUKLUKLAR | KLİNİK PSİKİYATRİ"	"Amfetaminler, metamfetamin veya metkatinonu içeren uyarıcıların kullanımı nedenli bozukluklar | Klinik Psikiyatri"
"6C46.html"	"tr"	"мета-описание"	"Klinik Psikiyatri — STİMÜLAN KULLANIM BOZUKLUKLARI"	"Klinik Psikiyatri — Amfetaminler, metamfetamin veya metkatinonu içeren uyarıcıların kullanımı nedenli bozukluklar"
"6C46.html"	"tr"	"мета-описание"	"Klinik Psikiyatri — STİMÜLAN KULLANIM BOZUKLUKLARI"	"Klinik Psikiyatri — Amfetaminler, metamfetamin veya metkatinonu içeren uyarıcıların kullanımı nedenli bozukluklar"
"6C46.html"	"tr"	"json-ld"	"Klinik psikiyatri"	"Klinik Psikiyatri"
"6C46.html"	"tr"	"подпись-заказа"	"Klinik psikiyatri"	"Klinik Psikiyatri"
"6C46.html"	"tr"	"шапка-книги"	"Klinik psikiyatri"	"Klinik Psikiyatri"
"6C49.html"	"tr"	"мета-заголовок"	"HALÜSİNOJENLERİN KULLANIMI NEDENLİ BOZUKLUKLAR | KLİNİK PSİKİYATRİ"	"Halüsinojenlerin kullanımı nedenli bozukluklar | Klinik Psikiyatri"
"6C49.html"	"tr"	"мета-заголовок"	"HALÜSİNOJENLERİN KULLANIMI NEDENLİ BOZUKLUKLAR | KLİNİK PSİKİYATRİ"	"Halüsinojenlerin kullanımı nedenli bozukluklar | Klinik Psikiyatri"
"6C49.html"	"tr"	"мета-описание"	"Klinik Psixiatriya — HALLÜSİNOJEN KULLANIM BOZUKLUKLARI"	"Klinik Psikiyatri — Halüsinojenlerin kullanımı nedenli bozukluklar"
"6C49.html"	"tr"	"мета-описание"	"Klinik Psixiatriya — HALLÜSİNOJEN KULLANIM BOZUKLUKLARI"	"Klinik Psikiyatri — Halüsinojenlerin kullanımı nedenli bozukluklar"
"6C49.html"	"tr"	"json-ld"	"Klinik psikiyatri"	"Klinik Psikiyatri"
"6C49.html"	"tr"	"подпись-заказа"	"Klinik psikiyatri"	"Klinik Psikiyatri"
"6C49.html"	"tr"	"шапка-книги"	"Klinik psikiyatri"	"Klinik Psikiyatri"
"6C4A.html"	"tr"	"мета-заголовок"	"NİKOTİN KULLANIMI NEDENLİ BOZUKLUKLAR | KLİNİK PSİKİYATRİ"	"Nikotin kullanımı nedenli bozukluklar | Klinik Psikiyatri"
"6C4A.html"	"tr"	"мета-заголовок"	"NİKOTİN KULLANIMI NEDENLİ BOZUKLUKLAR | KLİNİK PSİKİYATRİ"	"Nikotin kullanımı nedenli bozukluklar | Klinik Psikiyatri"
"6C4A.html"	"tr"	"мета-описание"	"Klinik Psixiatriya — NİKOTİN KULLANIM BOZUKLUKLARI"	"Klinik Psikiyatri — Nikotin kullanımı nedenli bozukluklar"
"6C4A.html"	"tr"	"мета-описание"	"Klinik Psixiatriya — NİKOTİN KULLANIM BOZUKLUKLARI"	"Klinik Psikiyatri — Nikotin kullanımı nedenli bozukluklar"
"6C4A.html"	"tr"	"json-ld"	"Klinik psikiyatri"	"Klinik Psikiyatri"
"6C4A.html"	"tr"	"подпись-заказа"	"Klinik psikiyatri"	"Klinik Psikiyatri"
"6C4A.html"	"tr"	"шапка-книги"	"Klinik psikiyatri"	"Klinik Psikiyatri"
"6C50.html"	"tr"	"мета-заголовок"	"KUMAR OYNAMA BOZUKLUĞU | KLİNİK PSİKİYATRİ"	"Kumar oynama bozukluğu | Klinik Psikiyatri"
"6C50.html"	"tr"	"мета-заголовок"	"KUMAR OYNAMA BOZUKLUĞU | KLİNİK PSİKİYATRİ"	"Kumar oynama bozukluğu | Klinik Psikiyatri"
"6C50.html"	"tr"	"мета-описание"	"Klinik Psixiatriya — DAVRANIŞSAL BAĞIMLILIKLAR (KUMAR, OYUN)"	"Klinik Psikiyatri — Kumar oynama bozukluğu"
"6C50.html"	"tr"	"мета-описание"	"Klinik Psixiatriya — DAVRANIŞSAL BAĞIMLILIKLAR (KUMAR, OYUN)"	"Klinik Psikiyatri — Kumar oynama bozukluğu"
"6C50.html"	"tr"	"json-ld"	"Klinik psikiyatri"	"Klinik Psikiyatri"
"6C50.html"	"tr"	"подпись-заказа"	"Klinik psikiyatri"	"Klinik Psikiyatri"
"6C50.html"	"tr"	"шапка-книги"	"Klinik psikiyatri"	"Klinik Psikiyatri"
"6C51.html"	"tr"	"мета-заголовок"	"OYUN OYNAMA BOZUKLUĞU | KLİNİK PSİKİYATRİ"	"Oyun oynama bozukluğu | Klinik Psikiyatri"
"6C51.html"	"tr"	"мета-заголовок"	"OYUN OYNAMA BOZUKLUĞU | KLİNİK PSİKİYATRİ"	"Oyun oynama bozukluğu | Klinik Psikiyatri"
"6C51.html"	"tr"	"мета-описание"	"Klinik Psixiatriya — DAVRANIŞSAL BAĞIMLILIKLAR (KUMAR, OYUN)"	"Klinik Psikiyatri — Oyun oynama bozukluğu"
"6C51.html"	"tr"	"мета-описание"	"Klinik Psixiatriya — DAVRANIŞSAL BAĞIMLILIKLAR (KUMAR, OYUN)"	"Klinik Psikiyatri — Oyun oynama bozukluğu"
"6C51.html"	"tr"	"json-ld"	"Klinik psikiyatri"	"Klinik Psikiyatri"
"6C51.html"	"tr"	"подпись-заказа"	"Klinik psikiyatri"	"Klinik Psikiyatri"
"6C51.html"	"tr"	"шапка-книги"	"Klinik psikiyatri"	"Klinik Psikiyatri"
"6C70.html"	"tr"	"мета-заголовок"	"PİROMANİ | KLİNİK PSİKİYATRİ"	"Piromani | Klinik Psikiyatri"
"6C70.html"	"tr"	"мета-заголовок"	"PİROMANİ | KLİNİK PSİKİYATRİ"	"Piromani | Klinik Psikiyatri"
"6C70.html"	"tr"	"мета-описание"	"Klinik Psixiatriya — PİROMANİ"	"Klinik Psikiyatri — Piromani"
"6C70.html"	"tr"	"мета-описание"	"Klinik Psixiatriya — PİROMANİ"	"Klinik Psikiyatri — Piromani"
"6C70.html"	"tr"	"json-ld"	"Klinik psikiyatri"	"Klinik Psikiyatri"
"6C70.html"	"tr"	"подпись-заказа"	"Klinik psikiyatri"	"Klinik Psikiyatri"
"6C70.html"	"tr"	"шапка-книги"	"Klinik psikiyatri"	"Klinik Psikiyatri"
"6C71.html"	"tr"	"мета-заголовок"	"KLEPTOMANİ | KLİNİK PSİKİYATRİ"	"Kleptomani | Klinik Psikiyatri"
"6C71.html"	"tr"	"мета-заголовок"	"KLEPTOMANİ | KLİNİK PSİKİYATRİ"	"Kleptomani | Klinik Psikiyatri"
"6C71.html"	"tr"	"мета-описание"	"Klinik Psixiatriya — KLEPTOMANİ"	"Klinik Psikiyatri — Kleptomani"
"6C71.html"	"tr"	"мета-описание"	"Klinik Psixiatriya — KLEPTOMANİ"	"Klinik Psikiyatri — Kleptomani"
"6C71.html"	"tr"	"json-ld"	"Klinik psikiyatri"	"Klinik Psikiyatri"
"6C71.html"	"tr"	"подпись-заказа"	"Klinik psikiyatri"	"Klinik Psikiyatri"
"6C71.html"	"tr"	"шапка-книги"	"Klinik psikiyatri"	"Klinik Psikiyatri"
"6C72.html"	"tr"	"мета-заголовок"	"KOMPULSİF CİNSEL DAVRANIŞ BOZUKLUĞU | KLİNİK PSİKİYATRİ"	"Kompulsif cinsel davranış bozukluğu | Klinik Psikiyatri"
"6C72.html"	"tr"	"мета-заголовок"	"KOMPULSİF CİNSEL DAVRANIŞ BOZUKLUĞU | KLİNİK PSİKİYATRİ"	"Kompulsif cinsel davranış bozukluğu | Klinik Psikiyatri"
"6C72.html"	"tr"	"мета-описание"	"Klinik Psixiatriya — KOMPULSİF CİNSEL DAVRANIŞ BOZUKLUĞU"	"Klinik Psikiyatri — Kompulsif cinsel davranış bozukluğu"
"6C72.html"	"tr"	"мета-описание"	"Klinik Psixiatriya — KOMPULSİF CİNSEL DAVRANIŞ BOZUKLUĞU"	"Klinik Psikiyatri — Kompulsif cinsel davranış bozukluğu"
"6C72.html"	"tr"	"json-ld"	"Klinik psikiyatri"	"Klinik Psikiyatri"
"6C72.html"	"tr"	"подпись-заказа"	"Klinik psikiyatri"	"Klinik Psikiyatri"
"6C72.html"	"tr"	"шапка-книги"	"Klinik psikiyatri"	"Klinik Psikiyatri"
"6C73.html"	"tr"	"мета-заголовок"	"ARALIKLI PATLAYICI BOZUKLUK (IED) | KLİNİK PSİKİYATRİ"	"Aralıklı patlayıcı bozukluk (İED) | Klinik Psikiyatri"
"6C73.html"	"tr"	"мета-заголовок"	"ARALIKLI PATLAYICI BOZUKLUK (IED) | KLİNİK PSİKİYATRİ"	"Aralıklı patlayıcı bozukluk (İED) | Klinik Psikiyatri"
"6C73.html"	"tr"	"мета-описание"	"Klinik Psixiatriya — ARALIKLI PATLAYICI BOZUKLUK (IED)"	"Klinik Psikiyatri — Aralıklı patlayıcı bozukluk (İED)"
"6C73.html"	"tr"	"мета-описание"	"Klinik Psixiatriya — ARALIKLI PATLAYICI BOZUKLUK (IED)"	"Klinik Psikiyatri — Aralıklı patlayıcı bozukluk (İED)"
"6C73.html"	"tr"	"json-ld"	"Klinik psikiyatri"	"Klinik Psikiyatri"
"6C73.html"	"tr"	"подпись-заказа"	"Klinik psikiyatri"	"Klinik Psikiyatri"
"6C73.html"	"tr"	"шапка-книги"	"Klinik psikiyatri"	"Klinik Psikiyatri"
"6C90.html"	"tr"	"мета-заголовок"	"KARŞIT OLMA-KARŞI GELME BOZUKLUĞU (ODD) | KLİNİK PSİKİYATRİ"	"Karşıt olma-karşı gelme bozukluğu (ODD) | Klinik Psikiyatri"
"6C90.html"	"tr"	"мета-заголовок"	"KARŞIT OLMA-KARŞI GELME BOZUKLUĞU (ODD) | KLİNİK PSİKİYATRİ"	"Karşıt olma-karşı gelme bozukluğu (ODD) | Klinik Psikiyatri"
"6C90.html"	"tr"	"мета-описание"	"Klinik Psixiatriya — KARŞIT OLMA-KARŞI GELME BOZUKLUĞU (ODD)"	"Klinik Psikiyatri — Karşıt olma-karşı gelme bozukluğu (ODD)"
"6C90.html"	"tr"	"мета-описание"	"Klinik Psixiatriya — KARŞIT OLMA-KARŞI GELME BOZUKLUĞU (ODD)"	"Klinik Psikiyatri — Karşıt olma-karşı gelme bozukluğu (ODD)"
"6C90.html"	"tr"	"json-ld"	"Klinik psikiyatri"	"Klinik Psikiyatri"
"6C90.html"	"tr"	"подпись-заказа"	"Klinik psikiyatri"	"Klinik Psikiyatri"
"6C90.html"	"tr"	"шапка-книги"	"Klinik psikiyatri"	"Klinik Psikiyatri"
"6C91.html"	"tr"	"мета-заголовок"	"TOPLUM KARŞITI DAVRANIM BOZUKLUĞU | KLİNİK PSİKİYATRİ"	"Toplum karşıtı davranım bozukluğu | Klinik Psikiyatri"
"6C91.html"	"tr"	"мета-заголовок"	"TOPLUM KARŞITI DAVRANIM BOZUKLUĞU | KLİNİK PSİKİYATRİ"	"Toplum karşıtı davranım bozukluğu | Klinik Psikiyatri"
"6C91.html"	"tr"	"мета-описание"	"Klinik Psixiatriya — DAVRANIŞ BOZUKLUĞU"	"Klinik Psikiyatri — Toplum karşıtı davranım bozukluğu"
"6C91.html"	"tr"	"мета-описание"	"Klinik Psixiatriya — DAVRANIŞ BOZUKLUĞU"	"Klinik Psikiyatri — Toplum karşıtı davranım bozukluğu"
"6C91.html"	"tr"	"json-ld"	"Klinik psikiyatri"	"Klinik Psikiyatri"
"6C91.html"	"tr"	"подпись-заказа"	"Klinik psikiyatri"	"Klinik Psikiyatri"
"6C91.html"	"tr"	"шапка-книги"	"Klinik psikiyatri"	"Klinik Psikiyatri"
"6D10.html"	"tr"	"мета-заголовок"	"KİŞİLİK BOZUKLUĞU | KLİNİK PSİKİYATRİ"	"Kişilik bozukluğu | Klinik Psikiyatri"
"6D10.html"	"tr"	"мета-заголовок"	"KİŞİLİK BOZUKLUĞU | KLİNİK PSİKİYATRİ"	"Kişilik bozukluğu | Klinik Psikiyatri"
"6D10.html"	"tr"	"мета-описание"	"Klinik Psikiyatri — KİŞİLİK BOZUKLUĞU (ICD-11 TEK MODEL)"	"Klinik Psikiyatri — Kişilik bozukluğu"
"6D10.html"	"tr"	"мета-описание"	"Klinik Psikiyatri — KİŞİLİK BOZUKLUĞU (ICD-11 TEK MODEL)"	"Klinik Psikiyatri — Kişilik bozukluğu"
"6D10.html"	"tr"	"json-ld"	"Klinik psikiyatri"	"Klinik Psikiyatri"
"6D10.html"	"tr"	"подпись-заказа"	"Klinik psikiyatri"	"Klinik Psikiyatri"
"6D10.html"	"tr"	"шапка-книги"	"Klinik psikiyatri"	"Klinik Psikiyatri"
"6D11.html"	"tr"	"мета-заголовок"	"BELİRGİN KİŞİLİK ÖZELLİKLERİ VEYA ÖRÜNTÜLERİ | KLİNİK PSİKİYATRİ"	"Belirgin kişilik özellikleri veya örüntüleri | Klinik Psikiyatri"
"6D11.html"	"tr"	"мета-заголовок"	"BELİRGİN KİŞİLİK ÖZELLİKLERİ VEYA ÖRÜNTÜLERİ | KLİNİK PSİKİYATRİ"	"Belirgin kişilik özellikleri veya örüntüleri | Klinik Psikiyatri"
"6D11.html"	"tr"	"мета-описание"	"Klinik Psikiyatri — BELİRGİN KİŞİLİK ÖZELLİKLERİ VEYA ÖRÜNTÜLERİ"	"Klinik Psikiyatri — Belirgin kişilik özellikleri veya örüntüleri"
"6D11.html"	"tr"	"мета-описание"	"Klinik Psikiyatri — BELİRGİN KİŞİLİK ÖZELLİKLERİ VEYA ÖRÜNTÜLERİ"	"Klinik Psikiyatri — Belirgin kişilik özellikleri veya örüntüleri"
"6D11.html"	"tr"	"json-ld"	"Klinik psikiyatri"	"Klinik Psikiyatri"
"6D11.html"	"tr"	"подпись-заказа"	"Klinik psikiyatri"	"Klinik Psikiyatri"
"6D11.html"	"tr"	"шапка-книги"	"Klinik psikiyatri"	"Klinik Psikiyatri"
"6D30.html"	"tr"	"мета-заголовок"	"TEŞHİRCİLİK BOZUKLUĞU | KLİNİK PSİKİYATRİ"	"Teşhircilik bozukluğu | Klinik Psikiyatri"
"6D30.html"	"tr"	"мета-заголовок"	"TEŞHİRCİLİK BOZUKLUĞU | KLİNİK PSİKİYATRİ"	"Teşhircilik bozukluğu | Klinik Psikiyatri"
"6D30.html"	"tr"	"мета-описание"	"Klinik Psixiatriya — EKSHİBİSYONİZM"	"Klinik Psikiyatri — Teşhircilik bozukluğu"
"6D30.html"	"tr"	"мета-описание"	"Klinik Psixiatriya — EKSHİBİSYONİZM"	"Klinik Psikiyatri — Teşhircilik bozukluğu"
"6D30.html"	"tr"	"json-ld"	"Klinik psikiyatri"	"Klinik Psikiyatri"
"6D30.html"	"tr"	"подпись-заказа"	"Klinik psikiyatri"	"Klinik Psikiyatri"
"6D30.html"	"tr"	"шапка-книги"	"Klinik psikiyatri"	"Klinik Psikiyatri"
"6D31.html"	"tr"	"мета-заголовок"	"GÖZETLEMECİLİK BOZUKLUĞU | KLİNİK PSİKİYATRİ"	"Gözetlemecilik bozukluğu | Klinik Psikiyatri"
"6D31.html"	"tr"	"мета-заголовок"	"GÖZETLEMECİLİK BOZUKLUĞU | KLİNİK PSİKİYATRİ"	"Gözetlemecilik bozukluğu | Klinik Psikiyatri"
"6D31.html"	"tr"	"мета-описание"	"Klinik Psikiyatri — VOYÖRİZM"	"Klinik Psikiyatri — Gözetlemecilik bozukluğu"
"6D31.html"	"tr"	"мета-описание"	"Klinik Psikiyatri — VOYÖRİZM"	"Klinik Psikiyatri — Gözetlemecilik bozukluğu"
"6D31.html"	"tr"	"json-ld"	"Klinik psikiyatri"	"Klinik Psikiyatri"
"6D31.html"	"tr"	"подпись-заказа"	"Klinik psikiyatri"	"Klinik Psikiyatri"
"6D31.html"	"tr"	"шапка-книги"	"Klinik psikiyatri"	"Klinik Psikiyatri"
"6D32.html"	"tr"	"мета-заголовок"	"PEDOFİLİK BOZUKLUK | KLİNİK PSİKİYATRİ"	"Pedofilik bozukluk | Klinik Psikiyatri"
"6D32.html"	"tr"	"мета-заголовок"	"PEDOFİLİK BOZUKLUK | KLİNİK PSİKİYATRİ"	"Pedofilik bozukluk | Klinik Psikiyatri"
"6D32.html"	"tr"	"мета-описание"	"Klinik Psixiatriya — PEDOFİLİK BOZUKLUK"	"Klinik Psikiyatri — Pedofilik bozukluk"
"6D32.html"	"tr"	"мета-описание"	"Klinik Psixiatriya — PEDOFİLİK BOZUKLUK"	"Klinik Psikiyatri — Pedofilik bozukluk"
"6D32.html"	"tr"	"json-ld"	"Klinik psikiyatri"	"Klinik Psikiyatri"
"6D32.html"	"tr"	"подпись-заказа"	"Klinik psikiyatri"	"Klinik Psikiyatri"
"6D32.html"	"tr"	"шапка-книги"	"Klinik psikiyatri"	"Klinik Psikiyatri"
"6D33.html"	"tr"	"мета-заголовок"	"ZORA DAYALI CİNSEL SADİZM BOZUKLUĞU | KLİNİK PSİKİYATRİ"	"Zora dayalı cinsel sadizm bozukluğu | Klinik Psikiyatri"
"6D33.html"	"tr"	"мета-заголовок"	"ZORA DAYALI CİNSEL SADİZM BOZUKLUĞU | KLİNİK PSİKİYATRİ"	"Zora dayalı cinsel sadizm bozukluğu | Klinik Psikiyatri"
"6D33.html"	"tr"	"мета-описание"	"Klinik Psikiyatri — SADİSTİK CİNSEL BOZUKLUK"	"Klinik Psikiyatri — Zora dayalı cinsel sadizm bozukluğu"
"6D33.html"	"tr"	"мета-описание"	"Klinik Psikiyatri — SADİSTİK CİNSEL BOZUKLUK"	"Klinik Psikiyatri — Zora dayalı cinsel sadizm bozukluğu"
"6D33.html"	"tr"	"json-ld"	"Klinik psikiyatri"	"Klinik Psikiyatri"
"6D33.html"	"tr"	"подпись-заказа"	"Klinik psikiyatri"	"Klinik Psikiyatri"
"6D33.html"	"tr"	"шапка-книги"	"Klinik psikiyatri"	"Klinik Psikiyatri"
"6D34.html"	"tr"	"мета-заголовок"	"SÜRTÜNMECİLİK BOZUKLUĞU | KLİNİK PSİKİYATRİ"	"Sürtünmecilik bozukluğu | Klinik Psikiyatri"
"6D34.html"	"tr"	"мета-заголовок"	"SÜRTÜNMECİLİK BOZUKLUĞU | KLİNİK PSİKİYATRİ"	"Sürtünmecilik bozukluğu | Klinik Psikiyatri"
"6D34.html"	"tr"	"мета-описание"	"Klinik Psikiyatri — FROTTEURİZM"	"Klinik Psikiyatri — Sürtünmecilik bozukluğu"
"6D34.html"	"tr"	"мета-описание"	"Klinik Psikiyatri — FROTTEURİZM"	"Klinik Psikiyatri — Sürtünmecilik bozukluğu"
"6D34.html"	"tr"	"json-ld"	"Klinik psikiyatri"	"Klinik Psikiyatri"
"6D34.html"	"tr"	"подпись-заказа"	"Klinik psikiyatri"	"Klinik Psikiyatri"
"6D34.html"	"tr"	"шапка-книги"	"Klinik psikiyatri"	"Klinik Psikiyatri"
"6D50.html"	"tr"	"мета-заголовок"	"KENDİNE YÖNELİK FAKTİTİYÖZ BOZUKLUK | KLİNİK PSİKİYATRİ"	"Kendine yönelik faktitiyöz bozukluk | Klinik Psikiyatri"
"6D50.html"	"tr"	"мета-заголовок"	"KENDİNE YÖNELİK FAKTİTİYÖZ BOZUKLUK | KLİNİK PSİKİYATRİ"	"Kendine yönelik faktitiyöz bozukluk | Klinik Psikiyatri"
"6D50.html"	"tr"	"мета-описание"	"Klinik Psikiyatri — KENDİNE UYGULANMIŞ FAKTİTİÖZ BOZUKLUK (MÜNCHAUSEN SENDROMU)"	"Klinik Psikiyatri — Kendine yönelik faktitiyöz bozukluk"
"6D50.html"	"tr"	"мета-описание"	"Klinik Psikiyatri — KENDİNE UYGULANMIŞ FAKTİTİÖZ BOZUKLUK (MÜNCHAUSEN SENDROMU)"	"Klinik Psikiyatri — Kendine yönelik faktitiyöz bozukluk"
"6D50.html"	"tr"	"json-ld"	"Klinik psikiyatri"	"Klinik Psikiyatri"
"6D50.html"	"tr"	"подпись-заказа"	"Klinik psikiyatri"	"Klinik Psikiyatri"
"6D50.html"	"tr"	"шапка-книги"	"Klinik psikiyatri"	"Klinik Psikiyatri"
"6D51.html"	"tr"	"мета-заголовок"	"BAŞKASINA YÖNELİK FAKTİTİYÖZ BOZUKLUK | KLİNİK PSİKİYATRİ"	"Başkasına yönelik faktitiyöz bozukluk | Klinik Psikiyatri"
"6D51.html"	"tr"	"мета-заголовок"	"BAŞKASINA YÖNELİK FAKTİTİYÖZ BOZUKLUK | KLİNİK PSİKİYATRİ"	"Başkasına yönelik faktitiyöz bozukluk | Klinik Psikiyatri"
"6D51.html"	"tr"	"мета-описание"	"Klinik Psixiatriya — BAŞKASINA UYGULANAN FAKTİSYÖZ BOZUKLUK (MÜNCHAUSEN BY PROXY)"	"Klinik Psikiyatri — Başkasına yönelik faktitiyöz bozukluk"
"6D51.html"	"tr"	"мета-описание"	"Klinik Psixiatriya — BAŞKASINA UYGULANAN FAKTİSYÖZ BOZUKLUK (MÜNCHAUSEN BY PROXY)"	"Klinik Psikiyatri — Başkasına yönelik faktitiyöz bozukluk"
"6D51.html"	"tr"	"json-ld"	"Klinik psikiyatri"	"Klinik Psikiyatri"
"6D51.html"	"tr"	"подпись-заказа"	"Klinik psikiyatri"	"Klinik Psikiyatri"
"6D51.html"	"tr"	"шапка-книги"	"Klinik psikiyatri"	"Klinik Psikiyatri"
"6D70.html"	"tr"	"мета-заголовок"	"DELİRYUM | KLİNİK PSİKİYATRİ"	"Deliryum | Klinik Psikiyatri"
"6D70.html"	"tr"	"мета-заголовок"	"DELİRYUM | KLİNİK PSİKİYATRİ"	"Deliryum | Klinik Psikiyatri"
"6D70.html"	"tr"	"мета-описание"	"Klinik Psixiatriya — DELİRYUM"	"Klinik Psikiyatri — Deliryum"
"6D70.html"	"tr"	"мета-описание"	"Klinik Psixiatriya — DELİRYUM"	"Klinik Psikiyatri — Deliryum"
"6D70.html"	"tr"	"json-ld"	"Klinik psikiyatri"	"Klinik Psikiyatri"
"6D70.html"	"tr"	"подпись-заказа"	"Klinik psikiyatri"	"Klinik Psikiyatri"
"6D70.html"	"tr"	"шапка-книги"	"Klinik psikiyatri"	"Klinik Psikiyatri"
"6D71.html"	"tr"	"мета-заголовок"	"HAFİF NÖROBİLİŞSEL BOZUKLUK (MCI) | KLİNİK PSİKİYATRİ"	"Hafif nörobilişsel bozukluk (MCI) | Klinik Psikiyatri"
"6D71.html"	"tr"	"мета-заголовок"	"HAFİF NÖROBİLİŞSEL BOZUKLUK (MCI) | KLİNİK PSİKİYATRİ"	"Hafif nörobilişsel bozukluk (MCI) | Klinik Psikiyatri"
"6D71.html"	"tr"	"мета-описание"	"Klinik Psikiyatri — HAFİF NÖROKOGNİTİF BOZUKLUK (MCI)"	"Klinik Psikiyatri — Hafif nörobilişsel bozukluk (MCI)"
"6D71.html"	"tr"	"мета-описание"	"Klinik Psikiyatri — HAFİF NÖROKOGNİTİF BOZUKLUK (MCI)"	"Klinik Psikiyatri — Hafif nörobilişsel bozukluk (MCI)"
"6D71.html"	"tr"	"json-ld"	"Klinik psikiyatri"	"Klinik Psikiyatri"
"6D71.html"	"tr"	"подпись-заказа"	"Klinik psikiyatri"	"Klinik Psikiyatri"
"6D71.html"	"tr"	"шапка-книги"	"Klinik psikiyatri"	"Klinik Psikiyatri"
"6D72.html"	"tr"	"мета-заголовок"	"AMNESTİK BOZUKLUK | KLİNİK PSİKİYATRİ"	"Amnestik bozukluk | Klinik Psikiyatri"
"6D72.html"	"tr"	"мета-заголовок"	"AMNESTİK BOZUKLUK | KLİNİK PSİKİYATRİ"	"Amnestik bozukluk | Klinik Psikiyatri"
"6D72.html"	"tr"	"мета-описание"	"Klinik Psikiyatri — AMNESTİK BOZUKLUK"	"Klinik Psikiyatri — Amnestik bozukluk"
"6D72.html"	"tr"	"мета-описание"	"Klinik Psikiyatri — AMNESTİK BOZUKLUK"	"Klinik Psikiyatri — Amnestik bozukluk"
"6D72.html"	"tr"	"json-ld"	"Klinik psikiyatri"	"Klinik Psikiyatri"
"6D72.html"	"tr"	"подпись-заказа"	"Klinik psikiyatri"	"Klinik Psikiyatri"
"6D72.html"	"tr"	"шапка-книги"	"Klinik psikiyatri"	"Klinik Psikiyatri"
"6D80.html"	"tr"	"мета-заголовок"	"ALZHEİMER HASTALIĞI NEDENLİ DEMANS | KLİNİK PSİKİYATRİ"	"Alzheimer hastalığı nedenli demans | Klinik Psikiyatri"
"6D80.html"	"tr"	"мета-заголовок"	"ALZHEİMER HASTALIĞI NEDENLİ DEMANS | KLİNİK PSİKİYATRİ"	"Alzheimer hastalığı nedenli demans | Klinik Psikiyatri"
"6D80.html"	"tr"	"мета-описание"	"Klinik Psikiyatri — ALZHEİMER HASTALIĞINA BAĞLI DEMANS"	"Klinik Psikiyatri — Alzheimer hastalığı nedenli demans"
"6D80.html"	"tr"	"мета-описание"	"Klinik Psikiyatri — ALZHEİMER HASTALIĞINA BAĞLI DEMANS"	"Klinik Psikiyatri — Alzheimer hastalığı nedenli demans"
"6D80.html"	"tr"	"json-ld"	"Klinik psikiyatri"	"Klinik Psikiyatri"
"6D80.html"	"tr"	"подпись-заказа"	"Klinik psikiyatri"	"Klinik Psikiyatri"
"6D80.html"	"tr"	"шапка-книги"	"Klinik psikiyatri"	"Klinik Psikiyatri"
"6D81.html"	"tr"	"мета-заголовок"	"SEREBROVASKÜLER HASTALIK NEDENLİ DEMANS | KLİNİK PSİKİYATRİ"	"Serebrovasküler hastalık nedenli demans | Klinik Psikiyatri"
"6D81.html"	"tr"	"мета-заголовок"	"SEREBROVASKÜLER HASTALIK NEDENLİ DEMANS | KLİNİK PSİKİYATRİ"	"Serebrovasküler hastalık nedenli demans | Klinik Psikiyatri"
"6D81.html"	"tr"	"мета-описание"	"Klinik Psixiatriya — VASKÜLER DEMANS"	"Klinik Psikiyatri — Serebrovasküler hastalık nedenli demans"
"6D81.html"	"tr"	"мета-описание"	"Klinik Psixiatriya — VASKÜLER DEMANS"	"Klinik Psikiyatri — Serebrovasküler hastalık nedenli demans"
"6D81.html"	"tr"	"json-ld"	"Klinik psikiyatri"	"Klinik Psikiyatri"
"6D81.html"	"tr"	"подпись-заказа"	"Klinik psikiyatri"	"Klinik Psikiyatri"
"6D81.html"	"tr"	"шапка-книги"	"Klinik psikiyatri"	"Klinik Psikiyatri"
"6D82.html"	"tr"	"мета-заголовок"	"LEWY CİSİMCİĞİ HASTALIĞI NEDENLİ DEMANS (DLB) | KLİNİK PSİKİYATRİ"	"Lewy cisimciği hastalığı nedenli demans (DLB) | Klinik Psikiyatri"
"6D82.html"	"tr"	"мета-заголовок"	"LEWY CİSİMCİĞİ HASTALIĞI NEDENLİ DEMANS (DLB) | KLİNİK PSİKİYATRİ"	"Lewy cisimciği hastalığı nedenli demans (DLB) | Klinik Psikiyatri"
"6D82.html"	"tr"	"мета-описание"	"Klinik Psixiatriya — LEWY CİSİMCİKLİ DEMANS (DLB)"	"Klinik Psikiyatri — Lewy cisimciği hastalığı nedenli demans (DLB)"
"6D82.html"	"tr"	"мета-описание"	"Klinik Psixiatriya — LEWY CİSİMCİKLİ DEMANS (DLB)"	"Klinik Psikiyatri — Lewy cisimciği hastalığı nedenli demans (DLB)"
"6D82.html"	"tr"	"json-ld"	"Klinik psikiyatri"	"Klinik Psikiyatri"
"6D82.html"	"tr"	"подпись-заказа"	"Klinik psikiyatri"	"Klinik Psikiyatri"
"6D82.html"	"tr"	"шапка-книги"	"Klinik psikiyatri"	"Klinik Psikiyatri"
"6D83.html"	"tr"	"мета-заголовок"	"FRONTOTEMPORAL DEMANS (FTD) | KLİNİK PSİKİYATRİ"	"Frontotemporal demans (FTD) | Klinik Psikiyatri"
"6D83.html"	"tr"	"мета-заголовок"	"FRONTOTEMPORAL DEMANS (FTD) | KLİNİK PSİKİYATRİ"	"Frontotemporal demans (FTD) | Klinik Psikiyatri"
"6D83.html"	"tr"	"мета-описание"	"Klinik Psixiatriya — FRONTOTEMPORAL DEMANS (FTD)"	"Klinik Psikiyatri — Frontotemporal demans (FTD)"
"6D83.html"	"tr"	"мета-описание"	"Klinik Psixiatriya — FRONTOTEMPORAL DEMANS (FTD)"	"Klinik Psikiyatri — Frontotemporal demans (FTD)"
"6D83.html"	"tr"	"json-ld"	"Klinik psikiyatri"	"Klinik Psikiyatri"
"6D83.html"	"tr"	"подпись-заказа"	"Klinik psikiyatri"	"Klinik Psikiyatri"
"6D83.html"	"tr"	"шапка-книги"	"Klinik psikiyatri"	"Klinik Psikiyatri"
"6E20.html"	"tr"	"мета-заголовок"	"Psikozsuz — GEBELİK, DOĞUM VEYA LOHUSALIK İLE İLİŞKİLİ RUHSAL VEYA DAVRANIŞSAL BOZUKLUKLAR, PSİKOTİK BELİRTİSİZ | KLİNİK PSİKİYATRİ"	"Psikozsuz — Gebelik, doğum veya lohusalık ile ilişkili ruhsal veya davranışsal bozukluklar, psikotik belirtisiz | Klinik Psikiyatri"
"6E20.html"	"tr"	"мета-заголовок"	"Psikozsuz — GEBELİK, DOĞUM VEYA LOHUSALIK İLE İLİŞKİLİ RUHSAL VEYA DAVRANIŞSAL BOZUKLUKLAR, PSİKOTİK BELİRTİSİZ | KLİNİK PSİKİYATRİ"	"Psikozsuz — Gebelik, doğum veya lohusalık ile ilişkili ruhsal veya davranışsal bozukluklar, psikotik belirtisiz | Klinik Psikiyatri"
"6E20.html"	"tr"	"мета-описание"	"Klinik Psixiatriya — DOĞUM SONRASI DEPRESYON"	"Klinik Psikiyatri — Psikozsuz — Gebelik, doğum veya lohusalık ile ilişkili ruhsal veya davranışsal bozukluklar, psikotik belirtisiz"
"6E20.html"	"tr"	"мета-описание"	"Klinik Psixiatriya — DOĞUM SONRASI DEPRESYON"	"Klinik Psikiyatri — Psikozsuz — Gebelik, doğum veya lohusalık ile ilişkili ruhsal veya davranışsal bozukluklar, psikotik belirtisiz"
"6E20.html"	"tr"	"json-ld"	"Klinik psikiyatri"	"Klinik Psikiyatri"
"6E20.html"	"tr"	"подпись-заказа"	"Klinik psikiyatri"	"Klinik Psikiyatri"
"6E20.html"	"tr"	"шапка-книги"	"Klinik psikiyatri"	"Klinik Psikiyatri"
"6E21.html"	"tr"	"мета-заголовок"	"Psikozla — GEBELİK, DOĞUM VEYA LOHUSALIK İLE İLİŞKİLİ RUHSAL VE DAVRANIŞSAL BOZUKLUKLAR, PSİKOTİK BELİRTİLİ | KLİNİK PSİKİYATRİ"	"Psikozla — Gebelik, doğum veya lohusalık ile ilişkili ruhsal ve davranışsal bozukluklar, psikotik belirtili | Klinik Psikiyatri"
"6E21.html"	"tr"	"мета-заголовок"	"Psikozla — GEBELİK, DOĞUM VEYA LOHUSALIK İLE İLİŞKİLİ RUHSAL VE DAVRANIŞSAL BOZUKLUKLAR, PSİKOTİK BELİRTİLİ | KLİNİK PSİKİYATRİ"	"Psikozla — Gebelik, doğum veya lohusalık ile ilişkili ruhsal ve davranışsal bozukluklar, psikotik belirtili | Klinik Psikiyatri"
"6E21.html"	"tr"	"мета-описание"	"Klinik Psixiatriya — DOĞUM SONRASI PSİKOZ"	"Klinik Psikiyatri — Psikozla — Gebelik, doğum veya lohusalık ile ilişkili ruhsal ve davranışsal bozukluklar, psikotik belirtili"
"6E21.html"	"tr"	"мета-описание"	"Klinik Psixiatriya — DOĞUM SONRASI PSİKOZ"	"Klinik Psikiyatri — Psikozla — Gebelik, doğum veya lohusalık ile ilişkili ruhsal ve davranışsal bozukluklar, psikotik belirtili"
"6E21.html"	"tr"	"json-ld"	"Klinik psikiyatri"	"Klinik Psikiyatri"
"6E21.html"	"tr"	"подпись-заказа"	"Klinik psikiyatri"	"Klinik Psikiyatri"
"6E21.html"	"tr"	"шапка-книги"	"Klinik psikiyatri"	"Klinik Psikiyatri"
"6E40.html"	"tr"	"мета-заголовок"	"BAŞKA YERDE SINIFLANDIRILMIŞ BOZUKLUKLARI VEYA HASTALIKLARI ETKİLEYEN PSİKOLOJİK VEYA DAVRANIŞSAL ETMENLER | KLİNİK PSİKİYATRİ"	"Başka yerde sınıflandırılmış bozuklukları veya hastalıkları etkileyen psikolojik veya davranışsal etmenler | Klinik Psikiyatri"
"6E40.html"	"tr"	"мета-заголовок"	"BAŞKA YERDE SINIFLANDIRILMIŞ BOZUKLUKLARI VEYA HASTALIKLARI ETKİLEYEN PSİKOLOJİK VEYA DAVRANIŞSAL ETMENLER | KLİNİK PSİKİYATRİ"	"Başka yerde sınıflandırılmış bozuklukları veya hastalıkları etkileyen psikolojik veya davranışsal etmenler | Klinik Psikiyatri"
"6E40.html"	"tr"	"мета-описание"	"Klinik Psixiatriya — DİĞER HASTALIKLARI ETKİLEYEN PSİKOLOJİK FAKTÖRLER"	"Klinik Psikiyatri — Başka yerde sınıflandırılmış bozuklukları veya hastalıkları etkileyen psikolojik veya davranışsal etmenler"
"6E40.html"	"tr"	"мета-описание"	"Klinik Psixiatriya — DİĞER HASTALIKLARI ETKİLEYEN PSİKOLOJİK FAKTÖRLER"	"Klinik Psikiyatri — Başka yerde sınıflandırılmış bozuklukları veya hastalıkları etkileyen psikolojik veya davranışsal etmenler"
"6E40.html"	"tr"	"json-ld"	"Klinik psikiyatri"	"Klinik Psikiyatri"
"6E40.html"	"tr"	"подпись-заказа"	"Klinik psikiyatri"	"Klinik Psikiyatri"
"6E40.html"	"tr"	"шапка-книги"	"Klinik psikiyatri"	"Klinik Psikiyatri"
"6E61.html"	"tr"	"мета-заголовок"	"SEKONDER PSİKOTİK SENDROM | KLİNİK PSİKİYATRİ"	"Sekonder psikotik sendrom | Klinik Psikiyatri"
"6E61.html"	"tr"	"мета-заголовок"	"SEKONDER PSİKOTİK SENDROM | KLİNİK PSİKİYATRİ"	"Sekonder psikotik sendrom | Klinik Psikiyatri"
"6E61.html"	"tr"	"мета-описание"	"Klinik Psikiyatri — SEKONDER PSİKOTİK SENDROM"	"Klinik Psikiyatri — Sekonder psikotik sendrom"
"6E61.html"	"tr"	"мета-описание"	"Klinik Psikiyatri — SEKONDER PSİKOTİK SENDROM"	"Klinik Psikiyatri — Sekonder psikotik sendrom"
"6E61.html"	"tr"	"json-ld"	"Klinik psikiyatri"	"Klinik Psikiyatri"
"6E61.html"	"tr"	"подпись-заказа"	"Klinik psikiyatri"	"Klinik Psikiyatri"
"6E61.html"	"tr"	"шапка-книги"	"Klinik psikiyatri"	"Klinik Psikiyatri"
"6E62.html"	"tr"	"мета-заголовок"	"SEKONDER DUYGUDURUM SENDROMU | KLİNİK PSİKİYATRİ"	"Sekonder duygudurum sendromu | Klinik Psikiyatri"
"6E62.html"	"tr"	"мета-заголовок"	"SEKONDER DUYGUDURUM SENDROMU | KLİNİK PSİKİYATRİ"	"Sekonder duygudurum sendromu | Klinik Psikiyatri"
"6E62.html"	"tr"	"мета-описание"	"Klinik Psikiyatri — SEKONDER AFEKTİF SENDROM"	"Klinik Psikiyatri — Sekonder duygudurum sendromu"
"6E62.html"	"tr"	"мета-описание"	"Klinik Psikiyatri — SEKONDER AFEKTİF SENDROM"	"Klinik Psikiyatri — Sekonder duygudurum sendromu"
"6E62.html"	"tr"	"json-ld"	"Klinik psikiyatri"	"Klinik Psikiyatri"
"6E62.html"	"tr"	"подпись-заказа"	"Klinik psikiyatri"	"Klinik Psikiyatri"
"6E62.html"	"tr"	"шапка-книги"	"Klinik psikiyatri"	"Klinik Psikiyatri"
"6E63.html"	"tr"	"мета-заголовок"	"SEKONDER ANKSİYETE SENDROMU | KLİNİK PSİKİYATRİ"	"Sekonder anksiyete sendromu | Klinik Psikiyatri"
"6E63.html"	"tr"	"мета-заголовок"	"SEKONDER ANKSİYETE SENDROMU | KLİNİK PSİKİYATRİ"	"Sekonder anksiyete sendromu | Klinik Psikiyatri"
"6E63.html"	"tr"	"мета-описание"	"Klinik Psikiyatri — SEKONDER ANKSİYETE SENDROMU"	"Klinik Psikiyatri — Sekonder anksiyete sendromu"
"6E63.html"	"tr"	"мета-описание"	"Klinik Psikiyatri — SEKONDER ANKSİYETE SENDROMU"	"Klinik Psikiyatri — Sekonder anksiyete sendromu"
"6E63.html"	"tr"	"json-ld"	"Klinik psikiyatri"	"Klinik Psikiyatri"
"6E63.html"	"tr"	"подпись-заказа"	"Klinik psikiyatri"	"Klinik Psikiyatri"
"6E63.html"	"tr"	"шапка-книги"	"Klinik psikiyatri"	"Klinik Psikiyatri"
"7A00.html"	"tr"	"мета-заголовок"	"KRONİK İNSOMNİA | KLİNİK PSİKİYATRİ"	"Kronik insomnia | Klinik Psikiyatri"
"7A00.html"	"tr"	"мета-заголовок"	"KRONİK İNSOMNİA | KLİNİK PSİKİYATRİ"	"Kronik insomnia | Klinik Psikiyatri"
"7A00.html"	"tr"	"мета-описание"	"Klinik Psikiyatri — İNSOMNİA"	"Klinik Psikiyatri — Kronik insomnia"
"7A00.html"	"tr"	"мета-описание"	"Klinik Psikiyatri — İNSOMNİA"	"Klinik Psikiyatri — Kronik insomnia"
"7A00.html"	"tr"	"json-ld"	"Klinik psikiyatri"	"Klinik Psikiyatri"
"7A00.html"	"tr"	"подпись-заказа"	"Klinik psikiyatri"	"Klinik Psikiyatri"
"7A00.html"	"tr"	"шапка-книги"	"Klinik psikiyatri"	"Klinik Psikiyatri"
"7A20.html"	"tr"	"мета-заголовок"	"NARKOLEPSİ | KLİNİK PSİKİYATRİ"	"Narkolepsi | Klinik Psikiyatri"
"7A20.html"	"tr"	"мета-заголовок"	"NARKOLEPSİ | KLİNİK PSİKİYATRİ"	"Narkolepsi | Klinik Psikiyatri"
"7A20.html"	"tr"	"мета-описание"	"Klinik Psixiatriya — NARKOLEPSİ"	"Klinik Psikiyatri — Narkolepsi"
"7A20.html"	"tr"	"мета-описание"	"Klinik Psixiatriya — NARKOLEPSİ"	"Klinik Psikiyatri — Narkolepsi"
"7A20.html"	"tr"	"json-ld"	"Klinik psikiyatri"	"Klinik Psikiyatri"
"7A20.html"	"tr"	"подпись-заказа"	"Klinik psikiyatri"	"Klinik Psikiyatri"
"7A20.html"	"tr"	"шапка-книги"	"Klinik psikiyatri"	"Klinik Psikiyatri"
"7A21.html"	"tr"	"мета-заголовок"	"HİPERSOMNİ | KLİNİK PSİKİYATRİ"	"Hipersomni | Klinik Psikiyatri"
"7A21.html"	"tr"	"мета-заголовок"	"HİPERSOMNİ | KLİNİK PSİKİYATRİ"	"Hipersomni | Klinik Psikiyatri"
"7A21.html"	"tr"	"мета-описание"	"Klinik Psixiatriya — HİPERSOMNİ"	"Klinik Psikiyatri — Hipersomni"
"7A21.html"	"tr"	"мета-описание"	"Klinik Psixiatriya — HİPERSOMNİ"	"Klinik Psikiyatri — Hipersomni"
"7A21.html"	"tr"	"json-ld"	"Klinik psikiyatri"	"Klinik Psikiyatri"
"7A21.html"	"tr"	"подпись-заказа"	"Klinik psikiyatri"	"Klinik Psikiyatri"
"7A21.html"	"tr"	"шапка-книги"	"Klinik psikiyatri"	"Klinik Psikiyatri"
"7A41.html"	"tr"	"мета-заголовок"	"OBSTRÜKTİF UYKU APNESİ (OSA) | KLİNİK PSİKİYATRİ"	"Obstrüktif uyku apnesi (OSA) | Klinik Psikiyatri"
"7A41.html"	"tr"	"мета-заголовок"	"OBSTRÜKTİF UYKU APNESİ (OSA) | KLİNİK PSİKİYATRİ"	"Obstrüktif uyku apnesi (OSA) | Klinik Psikiyatri"
"7A41.html"	"tr"	"мета-описание"	"Klinik Psixiatriya — OBSTRÜKTİF UYKU APNESİ (OSA)"	"Klinik Psikiyatri — Obstrüktif uyku apnesi (OSA)"
"7A41.html"	"tr"	"мета-описание"	"Klinik Psixiatriya — OBSTRÜKTİF UYKU APNESİ (OSA)"	"Klinik Psikiyatri — Obstrüktif uyku apnesi (OSA)"
"7A41.html"	"tr"	"json-ld"	"Klinik psikiyatri"	"Klinik Psikiyatri"
"7A41.html"	"tr"	"подпись-заказа"	"Klinik psikiyatri"	"Klinik Psikiyatri"
"7A41.html"	"tr"	"шапка-книги"	"Klinik psikiyatri"	"Klinik Psikiyatri"
"7A60.html"	"tr"	"мета-заголовок"	"SİRKADİYEN RİTM UYKU-UYANIKLIK BOZUKLUKLARI | KLİNİK PSİKİYATRİ"	"Sirkadiyen ritm uyku-uyanıklık bozuklukları | Klinik Psikiyatri"
"7A60.html"	"tr"	"мета-заголовок"	"SİRKADİYEN RİTM UYKU-UYANIKLIK BOZUKLUKLARI | KLİNİK PSİKİYATRİ"	"Sirkadiyen ritm uyku-uyanıklık bozuklukları | Klinik Psikiyatri"
"7A60.html"	"tr"	"мета-описание"	"Klinik Psikiyatri — SİRKADİYEN RİTM UYKU-UYANMA BOZUKLUKLARI"	"Klinik Psikiyatri — Sirkadiyen ritm uyku-uyanıklık bozuklukları"
"7A60.html"	"tr"	"мета-описание"	"Klinik Psikiyatri — SİRKADİYEN RİTM UYKU-UYANMA BOZUKLUKLARI"	"Klinik Psikiyatri — Sirkadiyen ritm uyku-uyanıklık bozuklukları"
"7A60.html"	"tr"	"json-ld"	"Klinik psikiyatri"	"Klinik Psikiyatri"
"7A60.html"	"tr"	"подпись-заказа"	"Klinik psikiyatri"	"Klinik Psikiyatri"
"7A60.html"	"tr"	"шапка-книги"	"Klinik psikiyatri"	"Klinik Psikiyatri"
"8A05.html"	"tr"	"мета-заголовок"	"PRİMER TİKLER VEYA TİK BOZUKLUKLARI | KLİNİK PSİKİYATRİ"	"Primer tikler veya tik bozuklukları | Klinik Psikiyatri"
"8A05.html"	"tr"	"мета-заголовок"	"PRİMER TİKLER VEYA TİK BOZUKLUKLARI | KLİNİK PSİKİYATRİ"	"Primer tikler veya tik bozuklukları | Klinik Psikiyatri"
"8A05.html"	"tr"	"мета-описание"	"Klinik Psikiyatri — TİK BOZUKLUKLARI (TOURETTE SENDROMU)"	"Klinik Psikiyatri — Primer tikler veya tik bozuklukları"
"8A05.html"	"tr"	"мета-описание"	"Klinik Psikiyatri — TİK BOZUKLUKLARI (TOURETTE SENDROMU)"	"Klinik Psikiyatri — Primer tikler veya tik bozuklukları"
"8A05.html"	"tr"	"json-ld"	"Klinik psikiyatri"	"Klinik Psikiyatri"
"8A05.html"	"tr"	"подпись-заказа"	"Klinik psikiyatri"	"Klinik Psikiyatri"
"8A05.html"	"tr"	"шапка-книги"	"Klinik psikiyatri"	"Klinik Psikiyatri"
"GA34.html"	"tr"	"мета-заголовок"	"PREMENSTRÜEL DİSFORİK BOZUKLUK (PMDD) | KLİNİK PSİKİYATRİ"	"Premenstrüel disforik bozukluk (PMDD) | Klinik Psikiyatri"
"GA34.html"	"tr"	"мета-заголовок"	"PREMENSTRÜEL DİSFORİK BOZUKLUK (PMDD) | KLİNİK PSİKİYATRİ"	"Premenstrüel disforik bozukluk (PMDD) | Klinik Psikiyatri"
"GA34.html"	"tr"	"мета-описание"	"Klinik Psixiatriya — PREMENSTRÜEL DİSFORİK BOZUKLUK (PMDD)"	"Klinik Psikiyatri — Premenstrüel disforik bozukluk (PMDD)"
"GA34.html"	"tr"	"мета-описание"	"Klinik Psixiatriya — PREMENSTRÜEL DİSFORİK BOZUKLUK (PMDD)"	"Klinik Psikiyatri — Premenstrüel disforik bozukluk (PMDD)"
"GA34.html"	"tr"	"json-ld"	"Klinik psikiyatri"	"Klinik Psikiyatri"
"GA34.html"	"tr"	"подпись-заказа"	"Klinik psikiyatri"	"Klinik Psikiyatri"
"GA34.html"	"tr"	"шапка-книги"	"Klinik psikiyatri"	"Klinik Psikiyatri"
"HA00.html"	"tr"	"мета-заголовок"	"HİPOAKTİF CİNSEL İSTEK BOZUKLUĞU (HSDD) | KLİNİK PSİKİYATRİ"	"Hipoaktif cinsel istek bozukluğu (HSDD) | Klinik Psikiyatri"
"HA00.html"	"tr"	"мета-заголовок"	"HİPOAKTİF CİNSEL İSTEK BOZUKLUĞU (HSDD) | KLİNİK PSİKİYATRİ"	"Hipoaktif cinsel istek bozukluğu (HSDD) | Klinik Psikiyatri"
"HA00.html"	"tr"	"мета-описание"	"Klinik Psixiatriya — HİPOAKTİF CİNSEL İSTEK BOZUKLUĞU (HSDD)"	"Klinik Psikiyatri — Hipoaktif cinsel istek bozukluğu (HSDD)"
"HA00.html"	"tr"	"мета-описание"	"Klinik Psixiatriya — HİPOAKTİF CİNSEL İSTEK BOZUKLUĞU (HSDD)"	"Klinik Psikiyatri — Hipoaktif cinsel istek bozukluğu (HSDD)"
"HA00.html"	"tr"	"json-ld"	"Klinik psikiyatri"	"Klinik Psikiyatri"
"HA00.html"	"tr"	"подпись-заказа"	"Klinik psikiyatri"	"Klinik Psikiyatri"
"HA00.html"	"tr"	"шапка-книги"	"Klinik psikiyatri"	"Klinik Psikiyatri"
"HA01.html"	"tr"	"мета-заголовок"	"ERKEK EREKSİYON BOZUKLUĞU (ED) | KLİNİK PSİKİYATRİ"	"Erkek ereksiyon bozukluğu (ED) | Klinik Psikiyatri"
"HA01.html"	"tr"	"мета-заголовок"	"ERKEK EREKSİYON BOZUKLUĞU (ED) | KLİNİK PSİKİYATRİ"	"Erkek ereksiyon bozukluğu (ED) | Klinik Psikiyatri"
"HA01.html"	"tr"	"мета-описание"	"Klinik Psixiatriya — EREKTİL İŞLEV BOZUKLUĞU (ED)"	"Klinik Psikiyatri — Erkek ereksiyon bozukluğu (ED)"
"HA01.html"	"tr"	"мета-описание"	"Klinik Psixiatriya — EREKTİL İŞLEV BOZUKLUĞU (ED)"	"Klinik Psikiyatri — Erkek ereksiyon bozukluğu (ED)"
"HA01.html"	"tr"	"json-ld"	"Klinik psikiyatri"	"Klinik Psikiyatri"
"HA01.html"	"tr"	"подпись-заказа"	"Klinik psikiyatri"	"Klinik Psikiyatri"
"HA01.html"	"tr"	"шапка-книги"	"Klinik psikiyatri"	"Klinik Psikiyatri"
"HA02.html"	"tr"	"мета-заголовок"	"ANORGAZMİ | KLİNİK PSİKİYATRİ"	"Anorgazmi | Klinik Psikiyatri"
"HA02.html"	"tr"	"мета-заголовок"	"ANORGAZMİ | KLİNİK PSİKİYATRİ"	"Anorgazmi | Klinik Psikiyatri"
"HA02.html"	"tr"	"мета-описание"	"Klinik Psikiyatri — ANORGASMİ"	"Klinik Psikiyatri — Anorgazmi"
"HA02.html"	"tr"	"мета-описание"	"Klinik Psikiyatri — ANORGASMİ"	"Klinik Psikiyatri — Anorgazmi"
"HA02.html"	"tr"	"json-ld"	"Klinik psikiyatri"	"Klinik Psikiyatri"
"HA02.html"	"tr"	"подпись-заказа"	"Klinik psikiyatri"	"Klinik Psikiyatri"
"HA02.html"	"tr"	"шапка-книги"	"Klinik psikiyatri"	"Klinik Psikiyatri"
"HA03.html"	"tr"	"мета-заголовок"	"ERKEK ERKEN EJEKÜLASYONU (PE) | KLİNİK PSİKİYATRİ"	"Erkek erken ejekülasyonu (PE) | Klinik Psikiyatri"
"HA03.html"	"tr"	"мета-заголовок"	"ERKEK ERKEN EJEKÜLASYONU (PE) | KLİNİK PSİKİYATRİ"	"Erkek erken ejekülasyonu (PE) | Klinik Psikiyatri"
"HA03.html"	"tr"	"мета-описание"	"Klinik Psixiatriya — ERKEN BOŞALMA (PE)"	"Klinik Psikiyatri — Erkek erken ejekülasyonu (PE)"
"HA03.html"	"tr"	"мета-описание"	"Klinik Psixiatriya — ERKEN BOŞALMA (PE)"	"Klinik Psikiyatri — Erkek erken ejekülasyonu (PE)"
"HA03.html"	"tr"	"json-ld"	"Klinik psikiyatri"	"Klinik Psikiyatri"
"HA03.html"	"tr"	"подпись-заказа"	"Klinik psikiyatri"	"Klinik Psikiyatri"
"HA03.html"	"tr"	"шапка-книги"	"Klinik psikiyatri"	"Klinik Psikiyatri"
"HA20.html"	"tr"	"мета-заголовок"	"CİNSEL AĞRI-PENETRASYON BOZUKLUĞU (VAGİNİSMUS) | KLİNİK PSİKİYATRİ"	"Cinsel ağrı-penetrasyon bozukluğu (vaginismus) | Klinik Psikiyatri"
"HA20.html"	"tr"	"мета-заголовок"	"CİNSEL AĞRI-PENETRASYON BOZUKLUĞU (VAGİNİSMUS) | KLİNİK PSİKİYATRİ"	"Cinsel ağrı-penetrasyon bozukluğu (vaginismus) | Klinik Psikiyatri"
"HA20.html"	"tr"	"мета-описание"	"Klinik Psixiatriya — GENİTO-PELVİK AĞRI / PENETRASYON BOZUKLUĞU (VAGİNİSMUS)"	"Klinik Psikiyatri — Cinsel ağrı-penetrasyon bozukluğu (vaginismus)"
"HA20.html"	"tr"	"мета-описание"	"Klinik Psixiatriya — GENİTO-PELVİK AĞRI / PENETRASYON BOZUKLUĞU (VAGİNİSMUS)"	"Klinik Psikiyatri — Cinsel ağrı-penetrasyon bozukluğu (vaginismus)"
"HA20.html"	"tr"	"json-ld"	"Klinik psikiyatri"	"Klinik Psikiyatri"
"HA20.html"	"tr"	"подпись-заказа"	"Klinik psikiyatri"	"Klinik Psikiyatri"
"HA20.html"	"tr"	"шапка-книги"	"Klinik psikiyatri"	"Klinik Psikiyatri"
"HA20.html"	"tr"	"пунктуация"	"ata-here') === '1'); // группа текущей страницы — сразу раскрыта tgl.addEv"	"(удалено)"
"HA40.html"	"tr"	"мета-заголовок"	"CİNSEL İŞLEV BOZUKLUKLARI VE CİNSEL AĞRI BOZUKLUKLARINDA ETİYOLOJİK ETMENLER | KLİNİK PSİKİYATRİ"	"Cinsel işlev bozuklukları ve cinsel ağrı bozukluklarında etiyolojik etmenler | Klinik Psikiyatri"
"HA40.html"	"tr"	"мета-заголовок"	"CİNSEL İŞLEV BOZUKLUKLARI VE CİNSEL AĞRI BOZUKLUKLARINDA ETİYOLOJİK ETMENLER | KLİNİK PSİKİYATRİ"	"Cinsel işlev bozuklukları ve cinsel ağrı bozukluklarında etiyolojik etmenler | Klinik Psikiyatri"
"HA40.html"	"tr"	"мета-описание"	"Klinik Psixiatriya — DİĞER HASTALIK VE BOZUKLUKLA İLİŞKİLİ CİNSEL İŞLEV BOZUKLUKLARI"	"Klinik Psikiyatri — Cinsel işlev bozuklukları ve cinsel ağrı bozukluklarında etiyolojik etmenler"
"HA40.html"	"tr"	"мета-описание"	"Klinik Psixiatriya — DİĞER HASTALIK VE BOZUKLUKLA İLİŞKİLİ CİNSEL İŞLEV BOZUKLUKLARI"	"Klinik Psikiyatri — Cinsel işlev bozuklukları ve cinsel ağrı bozukluklarında etiyolojik etmenler"
"HA40.html"	"tr"	"json-ld"	"Klinik psikiyatri"	"Klinik Psikiyatri"
"HA40.html"	"tr"	"подпись-заказа"	"Klinik psikiyatri"	"Klinik Psikiyatri"
"HA40.html"	"tr"	"шапка-книги"	"Klinik psikiyatri"	"Klinik Psikiyatri"
"abbreviatur.html"	"tr"	"мета-заголовок"	"TERMİNOLOJİ SÖZLÜK | KLİNİK PSİKİYATRİ"	"Terminoloji sözlük | Klinik Psikiyatri"
"abbreviatur.html"	"tr"	"мета-заголовок"	"TERMİNOLOJİ SÖZLÜK | KLİNİK PSİKİYATRİ"	"Terminoloji sözlük | Klinik Psikiyatri"
"abbreviatur.html"	"tr"	"мета-описание"	"Klinik Psikiyatri — Terminoloji Sözlük"	"Klinik Psikiyatri — Terminoloji sözlük"
"abbreviatur.html"	"tr"	"мета-описание"	"Klinik Psikiyatri — Terminoloji Sözlük"	"Klinik Psikiyatri — Terminoloji sözlük"
"abbreviatur.html"	"tr"	"json-ld"	"Klinik psikiyatri"	"Klinik Psikiyatri"
"abbreviatur.html"	"tr"	"подпись-заказа"	"Klinik psikiyatri"	"Klinik Psikiyatri"
"abbreviatur.html"	"tr"	"шапка-книги"	"Klinik psikiyatri"	"Klinik Psikiyatri"
"abbreviatur.html"	"tr"	"аббревиатура"	"OBSESİF-KOMPULSİF (okb)"	"OBSESİF-KOMPULSİF (OKB)"
"abbreviatur.html"	"tr"	"пункт-меню"	"OBSESİF-KOMPULSİF (OKB)"	"Obsesif-kompulsif (OKB)"
"abbreviatur.html"	"tr"	"пред/след"	"NÖROGELİŞİMSEL"	"Nörogelişimsel"
"abbreviatur.html"	"tr"	"крошка"	"Klinik psikiyatri"	"Klinik Psikiyatri"
"abbreviatur.html"	"tr"	"заголовок"	"ruhsal bozukluklar"	"Ruhsal bozukluklar"
"elave-acde.html"	"tr"	"мета-заголовок"	"Ekler A–E | KLİNİK PSİKİYATRİ"	"Ekler | Klinik Psikiyatri"
"elave-acde.html"	"tr"	"мета-заголовок"	"Ekler A–E | KLİNİK PSİKİYATRİ"	"Ekler | Klinik Psikiyatri"
"elave-acde.html"	"tr"	"мета-описание"	"Klinik Psikiyatri — Ekler A–E"	"Klinik Psikiyatri — Ekler"
"elave-acde.html"	"tr"	"мета-описание"	"Klinik Psikiyatri — Ekler A–E"	"Klinik Psikiyatri — Ekler"
"elave-acde.html"	"tr"	"json-ld"	"Klinik psikiyatri"	"Klinik Psikiyatri"
"elave-acde.html"	"tr"	"подпись-заказа"	"Klinik psikiyatri"	"Klinik Psikiyatri"
"elave-acde.html"	"tr"	"шапка-книги"	"Klinik psikiyatri"	"Klinik Psikiyatri"
"elave-acde.html"	"tr"	"крошка"	"Klinik psikiyatri"	"Klinik Psikiyatri"
"elave-skalalar.html"	"tr"	"мета-заголовок"	"Ek — Ölçekler | KLİNİK PSİKİYATRİ"	"Ek B | Klinik Psikiyatri"
"elave-skalalar.html"	"tr"	"мета-заголовок"	"Ek — Ölçekler | KLİNİK PSİKİYATRİ"	"Ek B | Klinik Psikiyatri"
"elave-skalalar.html"	"tr"	"мета-описание"	"Klinik Psikiyatri — Ek — Ölçekler"	"Klinik Psikiyatri — Ek B"
"elave-skalalar.html"	"tr"	"мета-описание"	"Klinik Psikiyatri — Ek — Ölçekler"	"Klinik Psikiyatri — Ek B"
"elave-skalalar.html"	"tr"	"json-ld"	"Klinik psikiyatri"	"Klinik Psikiyatri"
"elave-skalalar.html"	"tr"	"подпись-заказа"	"Klinik psikiyatri"	"Klinik Psikiyatri"
"elave-skalalar.html"	"tr"	"шапка-книги"	"Klinik psikiyatri"	"Klinik Psikiyatri"
"elave-skalalar.html"	"tr"	"крошка"	"Klinik psikiyatri"	"Klinik Psikiyatri"
"index.html"	"tr"	"мета-заголовок"	"Ana sayfa | KLİNİK PSİKİYATRİ"	"Ana sayfa | Klinik Psikiyatri"
"index.html"	"tr"	"мета-заголовок"	"Ana sayfa | KLİNİK PSİKİYATRİ"	"Ana sayfa | Klinik Psikiyatri"
"index.html"	"tr"	"мета-описание"	"Klinik Psixiatriya — Ana sayfa"	"Klinik Psikiyatri — Ana sayfa"
"index.html"	"tr"	"мета-описание"	"Klinik Psixiatriya — Ana sayfa"	"Klinik Psikiyatri — Ana sayfa"
"index.html"	"tr"	"json-ld"	"Klinik psikiyatri"	"Klinik Psikiyatri"
"index.html"	"tr"	"подпись-заказа"	"Klinik psikiyatri"	"Klinik Psikiyatri"
"index.html"	"tr"	"обложка"	"Klinik psikiyatri"	"Klinik Psikiyatri"
"index.html"	"tr"	"шапка-книги"	"Klinik psikiyatri"	"Klinik Psikiyatri"
"kitab-haqqinda.html"	"tr"	"мета-заголовок"	"Kitap hakkında | KLİNİK PSİKİYATRİ"	"Kitap hakkında | Klinik Psikiyatri"
"kitab-haqqinda.html"	"tr"	"мета-заголовок"	"Kitap hakkında | KLİNİK PSİKİYATRİ"	"Kitap hakkında | Klinik Psikiyatri"
"kitab-haqqinda.html"	"tr"	"мета-описание"	"Klinik Psixiatriya — Kitap hakkında"	"Klinik Psikiyatri — Kitap hakkında"
"kitab-haqqinda.html"	"tr"	"мета-описание"	"Klinik Psixiatriya — Kitap hakkında"	"Klinik Psikiyatri — Kitap hakkında"
"kitab-haqqinda.html"	"tr"	"json-ld"	"Klinik psikiyatri"	"Klinik Psikiyatri"
"kitab-haqqinda.html"	"tr"	"подпись-заказа"	"Klinik psikiyatri"	"Klinik Psikiyatri"
"kitab-haqqinda.html"	"tr"	"шапка-книги"	"Klinik psikiyatri"	"Klinik Psikiyatri"
"kitab-haqqinda.html"	"tr"	"крошка"	"Klinik psikiyatri"	"Klinik Psikiyatri"
"melumat.html"	"tr"	"мета-заголовок"	"Bilgi bölümü | KLİNİK PSİKİYATRİ"	"Bilgi bölümü | Klinik Psikiyatri"
"melumat.html"	"tr"	"мета-заголовок"	"Bilgi bölümü | KLİNİK PSİKİYATRİ"	"Bilgi bölümü | Klinik Psikiyatri"
"melumat.html"	"tr"	"мета-описание"	"Klinik Psixiatriya — Bilgi bölümü"	"Klinik Psikiyatri — Bilgi bölümü"
"melumat.html"	"tr"	"мета-описание"	"Klinik Psixiatriya — Bilgi bölümü"	"Klinik Psikiyatri — Bilgi bölümü"
"melumat.html"	"tr"	"json-ld"	"Klinik psikiyatri"	"Klinik Psikiyatri"
"melumat.html"	"tr"	"подпись-заказа"	"Klinik psikiyatri"	"Klinik Psikiyatri"
"melumat.html"	"tr"	"шапка-книги"	"Klinik psikiyatri"	"Klinik Psikiyatri"
"mugeddime.html"	"tr"	"мета-заголовок"	"Önsöz | KLİNİK PSİKİYATRİ"	"Giriş | Klinik Psikiyatri"
"mugeddime.html"	"tr"	"мета-заголовок"	"Önsöz | KLİNİK PSİKİYATRİ"	"Giriş | Klinik Psikiyatri"
"mugeddime.html"	"tr"	"мета-описание"	"Klinik Psixiatriya — Önsöz"	"Klinik Psikiyatri — Giriş"
"mugeddime.html"	"tr"	"мета-описание"	"Klinik Psixiatriya — Önsöz"	"Klinik Psikiyatri — Giriş"
"mugeddime.html"	"tr"	"json-ld"	"Klinik psikiyatri"	"Klinik Psikiyatri"
"mugeddime.html"	"tr"	"подпись-заказа"	"Klinik psikiyatri"	"Klinik Psikiyatri"
"mugeddime.html"	"tr"	"шапка-книги"	"Klinik psikiyatri"	"Klinik Psikiyatri"
"mugeddime.html"	"tr"	"крошка"	"Klinik psikiyatri"	"Klinik Psikiyatri"
"mundericat.html"	"tr"	"мета-заголовок"	"İçindekiler | KLİNİK PSİKİYATRİ"	"İçindekiler | Klinik Psikiyatri"
"mundericat.html"	"tr"	"мета-заголовок"	"İçindekiler | KLİNİK PSİKİYATRİ"	"İçindekiler | Klinik Psikiyatri"
"mundericat.html"	"tr"	"мета-описание"	"Klinik Psixiatriya — İçindekiler"	"Klinik Psikiyatri — İçindekiler"
"mundericat.html"	"tr"	"мета-описание"	"Klinik Psixiatriya — İçindekiler"	"Klinik Psikiyatri — İçindekiler"
"mundericat.html"	"tr"	"json-ld"	"Klinik psikiyatri"	"Klinik Psikiyatri"
"mundericat.html"	"tr"	"подпись-заказа"	"Klinik psikiyatri"	"Klinik Psikiyatri"
"mundericat.html"	"tr"	"шапка-книги"	"Klinik psikiyatri"	"Klinik Psikiyatri"
"mundericat.html"	"tr"	"крошка"	"Klinik psikiyatri"	"Klinik Psikiyatri"
"mundericat.html"	"tr"	"оглавление"	"NÖROGELİŞİMSEL BOZUKLUKLAR"	"Nörogelişimsel bozukluklar"
"mundericat.html"	"tr"	"оглавление"	"ŞİZOFRENİ SPEKTRUMU VE DİĞER PSİKOTİK BOZUKLUKLAR"	"Şizofreni spektrumu ve diğer psikotik bozukluklar"
"mundericat.html"	"tr"	"оглавление"	"BİPOLAR VE İLGİLİ BOZUKLUKLAR"	"Bipolar ve ilgili bozukluklar"
"mundericat.html"	"tr"	"оглавление"	"DEPRESİF BOZUKLUKLAR"	"Depresif bozukluklar"
"mundericat.html"	"tr"	"оглавление"	"ANKSİYETE BOZUKLUKLARI"	"Anksiyete bozuklukları"
"mundericat.html"	"tr"	"оглавление"	"OBSESİF-KOMPULSİF VE İLİŞKİLİ BOZUKLUKLAR"	"Obsesif-kompulsif ve ilişkili bozukluklar"
"mundericat.html"	"tr"	"оглавление"	"TRAVMA VE STRESLE İLİŞKİLİ BOZUKLUKLAR"	"Travma ve stresle ilişkili bozukluklar"
"mundericat.html"	"tr"	"оглавление"	"DİSOSİYATİF BOZUKLUKLAR"	"Disosiyatif bozukluklar"
"mundericat.html"	"tr"	"оглавление"	"SOMATİK SEMPTOM VE İLGİLİ BOZUKLUKLAR"	"Somatik semptom ve ilgili bozukluklar"
"mundericat.html"	"tr"	"оглавление"	"BESLENME VE YEME BOZUKLUKLARI"	"Beslenme ve yeme bozuklukları"
"mundericat.html"	"tr"	"оглавление"	"BOŞALTIM BOZUKLUKLARI"	"Boşaltım bozuklukları"
"mundericat.html"	"tr"	"оглавление"	"UYKU-UYANIKLIK BOZUKLUKLARI"	"Uyku-uyanıklık bozuklukları"
"mundericat.html"	"tr"	"оглавление"	"CİNSEL İŞLEV BOZUKLUKLARI"	"Cinsel işlev bozuklukları"
"mundericat.html"	"tr"	"оглавление"	"YIKICI, DÜRTÜ KONTROL VE DAVRANIŞ BOZUKLUKLARI"	"Yıkıcı, dürtü kontrol ve davranış bozuklukları"
"mundericat.html"	"tr"	"оглавление"	"MADDE İLE İLGİLİ VE BAĞIMLILIK BOZUKLUKLARI"	"Madde ile ilgili ve bağımlılık bozuklukları"
"mundericat.html"	"tr"	"оглавление"	"NÖROKOGNİTİF BOZUKLUKLAR"	"Nörokognitif bozukluklar"
"mundericat.html"	"tr"	"оглавление"	"KİŞİLİK BOZUKLUKLARI"	"Kişilik bozuklukları"
"mundericat.html"	"tr"	"оглавление"	"PARAFİLİK BOZUKLUKLAR"	"Parafilik bozukluklar"
"mundericat.html"	"tr"	"оглавление"	"DİĞER PSİKİ BOZUKLUKLAR"	"Diğer psiki bozukluklar"
"mundericat.html"	"tr"	"оглавление"	"ORGANİK (SEMPTOMATİK) RUHSAL BOZUKLUKLAR"	"Organik (semptomatik) ruhsal bozukluklar"
"mundericat.html"	"tr"	"оглавление"	"PSİKOAKTİF MADDELERLE İLGİLİ BOZUKLUKLAR"	"Psikoaktif maddelerle ilgili bozukluklar"
"mundericat.html"	"tr"	"оглавление"	"ŞİZOFRENİ, ŞİZOTİPİK VE SANRI BOZUKLUKLARI"	"Şizofreni, şizotipik ve sanrı bozuklukları"
"mundericat.html"	"tr"	"оглавление"	"DUYGUDURUM (AFEKTİF) BOZUKLUKLAR"	"Duygudurum (afektif) bozukluklar"
"mundericat.html"	"tr"	"оглавление"	"NEVROTİK, STRESLE İLGİLİ VE SOMATOFORM BOZUKLUKLAR"	"Nevrotik, stresle ilgili ve somatoform bozukluklar"
"mundericat.html"	"tr"	"оглавление"	"FİZYOLOJİK BOZUKLUKLAR VE FİZİKSEL FAKTÖRLERLE İLGİLİ SENDROMLAR"	"Fizyolojik bozukluklar ve fiziksel faktörlerle ilgili sendromlar"
"mundericat.html"	"tr"	"оглавление"	"ERİŞKİN KİŞİLİK VE DAVRANIŞ BOZUKLUKLARI"	"Erişkin kişilik ve davranış bozuklukları"
"mundericat.html"	"tr"	"оглавление"	"ZİHİNSEL GERİLİK"	"Zihinsel gerilik"
"mundericat.html"	"tr"	"оглавление"	"PSİKOLOJİK GELİŞİM BOZUKLUKLARI"	"Psikolojik gelişim bozuklukları"
"mundericat.html"	"tr"	"оглавление"	"ÇOCUKLUK VE ERGENLİK DÖNEMİNDE BAŞLAYAN BOZUKLUKLAR"	"Çocukluk ve ergenlik döneminde başlayan bozukluklar"
"mundericat.html"	"tr"	"оглавление"	"TANIMLANMAMIŞ PSİKİYATRİK BOZUKLUK"	"Tanımlanmamış psikiyatrik bozukluk"
"terminoloji-luget.html"	"tr"	"мета-заголовок"	"Terminoloji sözlük | klinik psikiyatri"	"Terminoloji sözlük | Klinik Psikiyatri"
"terminoloji-luget.html"	"tr"	"мета-заголовок"	"Terminoloji sözlük | klinik psikiyatri"	"Terminoloji sözlük | Klinik Psikiyatri"
"terminoloji-luget.html"	"tr"	"мета-описание"	"Klinik Psikiyatri — Terminoloji Sözlük"	"Klinik Psikiyatri — Terminoloji sözlük"
"terminoloji-luget.html"	"tr"	"мета-описание"	"Klinik Psikiyatri — Terminoloji Sözlük"	"Klinik Psikiyatri — Terminoloji sözlük"
"terminoloji-luget.html"	"tr"	"json-ld"	"Klinik psikiyatri"	"Klinik Psikiyatri"
"terminoloji-luget.html"	"tr"	"подпись-заказа"	"Klinik psikiyatri"	"Klinik Psikiyatri"
"terminoloji-luget.html"	"tr"	"шапка-книги"	"Klinik psikiyatri"	"Klinik Psikiyatri"
"terminoloji-luget.html"	"tr"	"аббревиатура"	"OBSESİF-KOMPULSİF (okb)"	"OBSESİF-KOMPULSİF (OKB)"
"terminoloji-luget.html"	"tr"	"пункт-меню"	"OBSESİF-KOMPULSİF (OKB)"	"Obsesif-kompulsif (OKB)"
"terminoloji-luget.html"	"tr"	"заголовок"	"ruhsal bozukluklar"	"Ruhsal bozukluklar"
"yekun.html"	"tr"	"мета-заголовок"	"Sonuç — Kullanım kuralları | KLİNİK PSİKİYATRİ"	"Son öneriler | Klinik Psikiyatri"
"yekun.html"	"tr"	"мета-заголовок"	"Sonuç — Kullanım kuralları | KLİNİK PSİKİYATRİ"	"Son öneriler | Klinik Psikiyatri"
"yekun.html"	"tr"	"мета-описание"	"Klinik Psikiyatri — Sonuç — Kullanım kuralları"	"Klinik Psikiyatri — Son öneriler"
"yekun.html"	"tr"	"мета-описание"	"Klinik Psikiyatri — Sonuç — Kullanım kuralları"	"Klinik Psikiyatri — Son öneriler"
"yekun.html"	"tr"	"json-ld"	"Klinik psikiyatri"	"Klinik Psikiyatri"
"yekun.html"	"tr"	"подпись-заказа"	"Klinik psikiyatri"	"Klinik Psikiyatri"
"yekun.html"	"tr"	"шапка-книги"	"Klinik psikiyatri"	"Klinik Psikiyatri"
"yekun.html"	"tr"	"крошка"	"Klinik psikiyatri"	"Klinik Psikiyatri"
